{
  "resource_pack_name": "vanilla",
  "texture_name": "atlas.terrain",
  "padding": 8,
  "num_mip_levels": 4,
  "texture_data": {
    "amber_ore": {
      "textures": [
        "textures/blocks/amber_ore"
      ]
    },
	"ash_block": {
      "textures": [
        "textures/blocks/ash_block"
      ]
    },
	"ash_bricks": {
      "textures": [
        "textures/blocks/ash_bricks"
      ]
    },
	"copper_block": {
      "textures": [
        "textures/blocks/copper_block"
      ]
    },
	"copper_ore": {
      "textures": [
        "textures/blocks/copper_ore"
      ]
    },
	"limestone": {
      "textures": [
        "textures/blocks/limestone"
      ]
    },
	"limestone_bricks": {
      "textures": [
        "textures/blocks/limestone_bricks"
      ]
    },
	"metal_block": {
      "textures": [
        "textures/blocks/metal_block"
      ]
    },
	"metal_ore": {
      "textures": [
        "textures/blocks/metal_ore"
      ]
    },
	"mud": {
      "textures": [
        "textures/blocks/mud"
      ]
    },
	"smooth_ash_block": {
      "textures": [
        "textures/blocks/smooth_ash_block"
      ]
    },
	"smooth_limestone": {
      "textures": [
        "textures/blocks/smooth_limestone"
      ]
    },
	"fossil_ore": {
      "textures": [
        "textures/blocks/fossil_ore"
      ]
    },
	"titanium_block": {
      "textures": [
        "textures/blocks/titanium_block"
      ]
    },
	"titanium_ore": {
      "textures": [
        "textures/blocks/titanium_ore"
      ]
    }
  }
}