{
    "format_version": "1.10.0",
    "minecraft:block": {
        "description": {
            "identifier": "prehistoric:titanium_ore",
            "is_experimental": false,
            "register_to_creative_menu": true
        },
        "components": {
            "minecraft:loot": {
                "table": "loot_tables/blocks/titanium_ore.json"
            },
            "minecraft:destroy_time": {
                "value": 2
            },
            "minecraft:explosion_resistance": {
                "value": 5
            },
            "minecraft:flammable": {
                "flame_odds": 0,
                "burn_odds": 0
            },
            "minecraft:map_color": {
                "color": "#4ef442"
            },
            "minecraft:block_light_absorption": {
                "value": 0
            }
        }
    }
}