{"format_version":"1.8.0","minecraft:client_entity":{"description":{"identifier":"di:apato","materials":{"default":"chicken"},"textures":{"default":"textures/entity/pamobile/di_apato"},"geometry":{"default":"geometry.apato"},"spawn_egg":{"texture":"di:apato","texture_index":0},"animations":{"setup":"animation.apato.setup","move":"animation.apato.move","attack":"animation.apato.attack","general":"controller.animation.apato.general"},"animation_controllers":[{"general":"controller.animation.apato.general"},{"move":"controller.animation.apato.general"},{"setup":"controller.animation.apato.general"},{"attack":"controller.animation.apato.general"}],"render_controllers":["controller.render.piglin_brute"],"enable_attachables":false}}}