{"format_version":"1.8.0","minecraft:client_entity":{"description":{"identifier":"di:alamo","materials":{"default":"chicken"},"textures":{"default":"textures/entity/pamobile/di_alamo"},"geometry":{"default":"geometry.alamo"},"spawn_egg":{"texture":"di:alamo","texture_index":0},"animations":{"setup":"animation.alamo.setup","move":"animation.alamo.move","attack":"animation.alamo.attack","general":"controller.animation.alamo.general"},"animation_controllers":[{"general":"controller.animation.alamo.general"},{"move":"controller.animation.alamo.general"},{"setup":"controller.animation.alamo.general"},{"attack":"controller.animation.alamo.general"}],"render_controllers":["controller.render.piglin_brute"],"enable_attachables":false}}}