{"format_version":"1.8.0","minecraft:client_entity":{"description":{"identifier":"di:amphico","materials":{"default":"chicken"},"textures":{"default":"textures/entity/pamobile/di_amphico"},"geometry":{"default":"geometry.amphico"},"spawn_egg":{"texture":"di:amphico","texture_index":0},"animations":{"setup":"animation.amphico.setup","move":"animation.amphico.move","attack":"animation.amphico.attack","general":"controller.animation.amphico.general"},"animation_controllers":[{"general":"controller.animation.amphico.general"},{"move":"controller.animation.amphico.general"},{"setup":"controller.animation.amphico.general"},{"attack":"controller.animation.amphico.general"}],"render_controllers":["controller.render.piglin_brute"],"enable_attachables":false}}}