{"format_version":"1.8.0","minecraft:client_entity":{"description":{"identifier":"di:bary","materials":{"default":"chicken"},"textures":{"default":"textures/entity/pamobile/di_bary"},"geometry":{"default":"geometry.bary"},"spawn_egg":{"texture":"di:bary","texture_index":0},"animations":{"setup":"animation.bary.setup","move":"animation.bary.move","attack":"animation.bary.attack","general":"controller.animation.bary.general"},"animation_controllers":[{"general":"controller.animation.bary.general"},{"move":"controller.animation.bary.general"},{"setup":"controller.animation.bary.general"},{"attack":"controller.animation.bary.general"}],"render_controllers":["controller.render.piglin_brute"],"enable_attachables":false}}}