{"format_version":"1.8.0","minecraft:client_entity":{"description":{"identifier":"di:boreal","materials":{"default":"chicken"},"textures":{"default":"textures/entity/pamobile/di_boreal"},"geometry":{"default":"geometry.boreal"},"spawn_egg":{"texture":"di:boreal","texture_index":0},"animations":{"setup":"animation.boreal.setup","move":"animation.boreal.move","attack":"animation.boreal.attack","general":"controller.animation.boreal.general"},"animation_controllers":[{"general":"controller.animation.boreal.general"},{"move":"controller.animation.boreal.general"},{"setup":"controller.animation.boreal.general"},{"attack":"controller.animation.boreal.general"}],"render_controllers":["controller.render.piglin_brute"],"enable_attachables":false}}}