{"format_version":"1.8.0","minecraft:client_entity":{"description":{"identifier":"di:beckle","materials":{"default":"chicken"},"textures":{"default":"textures/entity/pamobile/di_beckle"},"geometry":{"default":"geometry.beckle"},"spawn_egg":{"texture":"di:beckle","texture_index":0},"animations":{"setup":"animation.beckle.setup","move":"animation.beckle.move","attack":"animation.beckle.attack","general":"controller.animation.beckle.general"},"animation_controllers":[{"general":"controller.animation.beckle.general"},{"move":"controller.animation.beckle.general"},{"setup":"controller.animation.beckle.general"},{"attack":"controller.animation.beckle.general"}],"render_controllers":["controller.render.piglin_brute"],"enable_attachables":false}}}