{"format_version":"1.8.0","minecraft:client_entity":{"description":{"identifier":"di:carno","materials":{"default":"chicken"},"textures":{"default":"textures/entity/pamobile/di_carno"},"geometry":{"default":"geometry.carno"},"spawn_egg":{"texture":"di:carno","texture_index":0},"animations":{"setup":"animation.carno.setup","move":"animation.carno.move","attack":"animation.carno.attack","general":"controller.animation.carno.general"},"animation_controllers":[{"general":"controller.animation.carno.general"},{"move":"controller.animation.carno.general"},{"setup":"controller.animation.carno.general"},{"attack":"controller.animation.carno.general"}],"render_controllers":["controller.render.piglin_brute"],"enable_attachables":false}}}