{"format_version":"1.8.0","minecraft:client_entity":{"description":{"identifier":"di:cory","materials":{"default":"chicken"},"textures":{"default":"textures/entity/pamobile/di_cory"},"geometry":{"default":"geometry.cory"},"spawn_egg":{"texture":"di:cory","texture_index":0},"animations":{"setup":"animation.cory.setup","move":"animation.cory.move","general":"controller.animation.cory.general"},"animation_controllers":[{"general":"controller.animation.cory.general"},{"move":"controller.animation.cory.general"},{"setup":"controller.animation.cory.general"}],"render_controllers":["controller.render.piglin_brute"],"enable_attachables":false}}}