{"format_version":"1.8.0","minecraft:client_entity":{"description":{"identifier":"di:camara","materials":{"default":"chicken"},"textures":{"default":"textures/entity/pamobile/di_camara"},"geometry":{"default":"geometry.camara"},"spawn_egg":{"texture":"di:camara","texture_index":0},"animations":{"setup":"animation.camara.setup","move":"animation.camara.move","attack":"animation.camara.attack","general":"controller.animation.camara.general"},"animation_controllers":[{"general":"controller.animation.camara.general"},{"move":"controller.animation.camara.general"},{"setup":"controller.animation.camara.general"},{"attack":"controller.animation.camara.general"}],"render_controllers":["controller.render.piglin_brute"],"enable_attachables":false}}}