{"format_version":"1.8.0","minecraft:client_entity":{"description":{"identifier":"di:dilopho","materials":{"default":"chicken"},"textures":{"default":"textures/entity/pamobile/di_dilopho"},"geometry":{"default":"geometry.dilopho"},"spawn_egg":{"texture":"di:dilopho","texture_index":0},"animations":{"setup":"animation.dilopho.setup","move":"animation.dilopho.move","attack":"animation.dilopho.attack","general":"controller.animation.dilopho.general"},"animation_controllers":[{"general":"controller.animation.dilopho.general"},{"move":"controller.animation.dilopho.general"},{"setup":"controller.animation.dilopho.general"},{"attack":"controller.animation.dilopho.general"}],"render_controllers":["controller.render.piglin_brute"],"enable_attachables":false}}}