{"format_version":"1.8.0","minecraft:client_entity":{"description":{"identifier":"di:diablo","materials":{"default":"chicken"},"textures":{"default":"textures/entity/pamobile/di_diablo"},"geometry":{"default":"geometry.diablo"},"spawn_egg":{"texture":"di:diablo","texture_index":0},"animations":{"setup":"animation.diablo.setup","move":"animation.diablo.move","attack":"animation.diablo.attack","general":"controller.animation.diablo.general"},"animation_controllers":[{"general":"controller.animation.diablo.general"},{"move":"controller.animation.diablo.general"},{"setup":"controller.animation.diablo.general"},{"attack":"controller.animation.diablo.general"}],"render_controllers":["controller.render.piglin_brute"],"enable_attachables":false}}}