{"format_version":"1.8.0","minecraft:client_entity":{"description":{"identifier":"di:dacen","materials":{"default":"chicken"},"textures":{"default":"textures/entity/pamobile/di_dacen"},"geometry":{"default":"geometry.dacen"},"spawn_egg":{"texture":"di:dacen","texture_index":0},"animations":{"setup":"animation.dacen.setup","move":"animation.dacen.move","attack":"animation.dacen.attack","general":"controller.animation.dacen.general"},"animation_controllers":[{"general":"controller.animation.dacen.general"},{"move":"controller.animation.dacen.general"},{"setup":"controller.animation.dacen.general"},{"attack":"controller.animation.dacen.general"}],"render_controllers":["controller.render.piglin_brute"],"enable_attachables":false}}}