{"format_version":"1.8.0","minecraft:client_entity":{"description":{"identifier":"di:euoplo","materials":{"default":"chicken"},"textures":{"default":"textures/entity/pamobile/di_euoplo"},"geometry":{"default":"geometry.euoplo"},"spawn_egg":{"texture":"di:euoplo","texture_index":0},"animations":{"setup":"animation.euoplo.setup","move":"animation.euoplo.move","attack":"animation.euoplo.attack","general":"controller.animation.euoplo.general"},"animation_controllers":[{"general":"controller.animation.euoplo.general"},{"move":"controller.animation.euoplo.general"},{"setup":"controller.animation.euoplo.general"},{"attack":"controller.animation.euoplo.general"}],"render_controllers":["controller.render.piglin_brute"],"enable_attachables":false}}}