{"format_version":"1.8.0","minecraft:client_entity":{"description":{"identifier":"di:europa","materials":{"default":"chicken"},"textures":{"default":"textures/entity/pamobile/di_europa"},"geometry":{"default":"geometry.europa"},"spawn_egg":{"texture":"di:europa","texture_index":0},"animations":{"setup":"animation.europa.setup","move":"animation.europa.move","attack":"animation.europa.attack","general":"controller.animation.europa.general"},"animation_controllers":[{"general":"controller.animation.europa.general"},{"move":"controller.animation.europa.general"},{"setup":"controller.animation.europa.general"},{"attack":"controller.animation.europa.general"}],"render_controllers":["controller.render.piglin_brute"],"enable_attachables":false}}}