{"format_version":"1.8.0","minecraft:client_entity":{"description":{"identifier":"di:galli","materials":{"default":"chicken"},"textures":{"default":"textures/entity/pamobile/di_galli"},"geometry":{"default":"geometry.galli"},"spawn_egg":{"texture":"di:galli","texture_index":0},"animations":{"setup":"animation.galli.setup","move":"animation.galli.move","general":"controller.animation.galli.general"},"animation_controllers":[{"general":"controller.animation.galli.general"},{"move":"controller.animation.galli.general"},{"setup":"controller.animation.galli.general"}],"render_controllers":["controller.render.piglin_brute"],"enable_attachables":false}}}