{"format_version":"1.8.0","minecraft:client_entity":{"description":{"identifier":"di:giga","materials":{"default":"chicken"},"textures":{"default":"textures/entity/pamobile/di_giga"},"geometry":{"default":"geometry.giga"},"spawn_egg":{"texture":"di:giga","texture_index":0},"animations":{"setup":"animation.giga.setup","move":"animation.giga.move","attack":"animation.giga.attack","general":"controller.animation.giga.general"},"animation_controllers":[{"general":"controller.animation.giga.general"},{"move":"controller.animation.giga.general"},{"setup":"controller.animation.giga.general"},{"attack":"controller.animation.giga.general"}],"render_controllers":["controller.render.piglin_brute"],"enable_attachables":false}}}