{"format_version":"1.8.0","minecraft:client_entity":{"description":{"identifier":"di:hypacro","materials":{"default":"chicken"},"textures":{"default":"textures/entity/pamobile/di_hypacro"},"geometry":{"default":"geometry.hypacro"},"spawn_egg":{"texture":"di:hypacro","texture_index":0},"animations":{"setup":"animation.hypacro.setup","move":"animation.hypacro.move","general":"controller.animation.hypacro.general"},"animation_controllers":[{"general":"controller.animation.hypacro.general"},{"move":"controller.animation.hypacro.general"},{"setup":"controller.animation.hypacro.general"}],"render_controllers":["controller.render.piglin_brute"],"enable_attachables":false}}}