{"format_version":"1.8.0","minecraft:client_entity":{"description":{"identifier":"di:igu","materials":{"default":"chicken"},"textures":{"default":"textures/entity/pamobile/di_igu"},"geometry":{"default":"geometry.igu"},"spawn_egg":{"texture":"di:igu","texture_index":0},"animations":{"setup":"animation.igu.setup","move":"animation.igu.move","attack":"animation.igu.attack","general":"controller.animation.igu.general"},"animation_controllers":[{"general":"controller.animation.igu.general"},{"move":"controller.animation.igu.general"},{"setup":"controller.animation.igu.general"},{"attack":"controller.animation.igu.general"}],"render_controllers":["controller.render.piglin_brute"],"enable_attachables":false}}}