{"format_version":"1.8.0","minecraft:client_entity":{"description":{"identifier":"di:kentro","materials":{"default":"chicken"},"textures":{"default":"textures/entity/pamobile/di_kentro"},"geometry":{"default":"geometry.kentro"},"spawn_egg":{"texture":"di:kentro","texture_index":0},"animations":{"setup":"animation.kentro.setup","move":"animation.kentro.move","attack":"animation.kentro.attack","general":"controller.animation.kentro.general"},"animation_controllers":[{"general":"controller.animation.kentro.general"},{"move":"controller.animation.kentro.general"},{"setup":"controller.animation.kentro.general"},{"attack":"controller.animation.kentro.general"}],"render_controllers":["controller.render.piglin_brute"],"enable_attachables":false}}}