{"format_version":"1.8.0","minecraft:client_entity":{"description":{"identifier":"di:lambeo","materials":{"default":"chicken"},"textures":{"default":"textures/entity/pamobile/di_lambeo"},"geometry":{"default":"geometry.lambeo"},"spawn_egg":{"texture":"di:lambeo","texture_index":0},"animations":{"setup":"animation.lambeo.setup","move":"animation.lambeo.move","attack":"animation.lambeo.attack","general":"controller.animation.lambeo.general"},"animation_controllers":[{"general":"controller.animation.lambeo.general"},{"move":"controller.animation.lambeo.general"},{"setup":"controller.animation.lambeo.general"},{"attack":"controller.animation.lambeo.general"}],"render_controllers":["controller.render.piglin_brute"],"enable_attachables":false}}}