{"format_version":"1.8.0","minecraft:client_entity":{"description":{"identifier":"di:lioplero","materials":{"default":"salmon"},"textures":{"default":"textures/entity/pamobile/di_lioplero"},"geometry":{"default":"geometry.lioplero"},"spawn_egg":{"texture":"di:lioplero","texture_index":0},"animations":{"move":"animation.lioplero.swim","attack":"animation.lioplero.attack"},"animation_controllers":[{"general":"controller.animation.lioplero.general"}],"render_controllers":["controller.render.dolphin"],"enable_attachables":false}}}