{"format_version":"1.8.0","minecraft:client_entity":{"description":{"identifier":"di:lesotho","materials":{"default":"chicken"},"textures":{"default":"textures/entity/pamobile/di_lesotho"},"geometry":{"default":"geometry.lesotho"},"spawn_egg":{"texture":"di:lesotho","texture_index":0},"animations":{"setup":"animation.lesotho.setup","move":"animation.lesotho.move","general":"controller.animation.lesotho.general"},"animation_controllers":[{"general":"controller.animation.lesotho.general"},{"move":"controller.animation.lesotho.general"},{"setup":"controller.animation.lesotho.general"}],"render_controllers":["controller.render.piglin_brute"],"enable_attachables":false}}}