{"format_version":"1.8.0","minecraft:client_entity":{"description":{"identifier":"di:leaelly","materials":{"default":"chicken"},"textures":{"default":"textures/entity/pamobile/di_leaelly"},"geometry":{"default":"geometry.leaelly"},"spawn_egg":{"texture":"di:leaelly","texture_index":0},"animations":{"setup":"animation.leaelly.setup","move":"animation.leaelly.move","general":"controller.animation.leaelly.general"},"animation_controllers":[{"general":"controller.animation.leaelly.general"},{"move":"controller.animation.leaelly.general"},{"setup":"controller.animation.leaelly.general"}],"render_controllers":["controller.render.piglin_brute"],"enable_attachables":false}}}