{"format_version":"1.8.0","minecraft:client_entity":{"description":{"identifier":"di:mutta","materials":{"default":"chicken"},"textures":{"default":"textures/entity/pamobile/di_mutta"},"geometry":{"default":"geometry.mutta"},"spawn_egg":{"texture":"di:mutta","texture_index":0},"animations":{"setup":"animation.mutta.setup","move":"animation.mutta.move","general":"controller.animation.mutta.general"},"animation_controllers":[{"general":"controller.animation.mutta.general"},{"move":"controller.animation.mutta.general"},{"setup":"controller.animation.mutta.general"}],"render_controllers":["controller.render.piglin_brute"],"enable_attachables":false}}}