{"format_version":"1.8.0","minecraft:client_entity":{"description":{"identifier":"di:mamen","materials":{"default":"chicken"},"textures":{"default":"textures/entity/pamobile/di_mamen"},"geometry":{"default":"geometry.mamen"},"spawn_egg":{"texture":"di:mamen","texture_index":0},"animations":{"setup":"animation.mamen.setup","move":"animation.mamen.move","attack":"animation.mamen.attack","general":"controller.animation.mamen.general"},"animation_controllers":[{"general":"controller.animation.mamen.general"},{"move":"controller.animation.mamen.general"},{"setup":"controller.animation.mamen.general"},{"attack":"controller.animation.mamen.general"}],"render_controllers":["controller.render.piglin_brute"],"enable_attachables":false}}}