{"format_version":"1.8.0","minecraft:client_entity":{"description":{"identifier":"di:majunga","materials":{"default":"chicken"},"textures":{"default":"textures/entity/pamobile/di_majunga"},"geometry":{"default":"geometry.majunga"},"spawn_egg":{"texture":"di:majunga","texture_index":0},"animations":{"setup":"animation.majunga.setup","move":"animation.majunga.move","attack":"animation.majunga.attack","general":"controller.animation.majunga.general"},"animation_controllers":[{"general":"controller.animation.majunga.general"},{"move":"controller.animation.majunga.general"},{"setup":"controller.animation.majunga.general"},{"attack":"controller.animation.majunga.general"}],"render_controllers":["controller.render.piglin_brute"],"enable_attachables":false}}}