{"format_version":"1.8.0","minecraft:client_entity":{"description":{"identifier":"di:ourano","materials":{"default":"chicken"},"textures":{"default":"textures/entity/pamobile/di_ourano"},"geometry":{"default":"geometry.ourano"},"spawn_egg":{"texture":"di:ourano","texture_index":0},"animations":{"setup":"animation.ourano.setup","move":"animation.ourano.move","general":"controller.animation.ourano.general"},"animation_controllers":[{"general":"controller.animation.ourano.general"},{"move":"controller.animation.ourano.general"},{"setup":"controller.animation.ourano.general"}],"render_controllers":["controller.render.piglin_brute"],"enable_attachables":false}}}