{"format_version":"1.8.0","minecraft:client_entity":{"description":{"identifier":"di:orni","materials":{"default":"chicken"},"textures":{"default":"textures/entity/pamobile/di_orni"},"geometry":{"default":"geometry.orni"},"spawn_egg":{"texture":"di:orni","texture_index":0},"animations":{"setup":"animation.orni.setup","move":"animation.orni.move","attack":"animation.orni.attack","general":"controller.animation.orni.general"},"animation_controllers":[{"general":"controller.animation.orni.general"},{"move":"controller.animation.orni.general"},{"setup":"controller.animation.orni.general"},{"attack":"controller.animation.orni.general"}],"render_controllers":["controller.render.piglin_brute"],"enable_attachables":false}}}