{"format_version":"1.8.0","minecraft:client_entity":{"description":{"identifier":"di:pachy","materials":{"default":"chicken"},"textures":{"default":"textures/entity/pamobile/di_pachy"},"geometry":{"default":"geometry.pachy"},"spawn_egg":{"texture":"di:pachy","texture_index":0},"animations":{"setup":"animation.pachy.setup","move":"animation.pachy.move","attack":"animation.pachy.attack","general":"controller.animation.pachy.general"},"animation_controllers":[{"general":"controller.animation.pachy.general"},{"move":"controller.animation.pachy.general"},{"setup":"controller.animation.pachy.general"},{"attack":"controller.animation.pachy.general"}],"render_controllers":["controller.render.piglin_brute"],"enable_attachables":false}}}