{"format_version":"1.8.0","minecraft:client_entity":{"description":{"identifier":"di:para","materials":{"default":"chicken"},"textures":{"default":"textures/entity/pamobile/di_para"},"geometry":{"default":"geometry.para"},"spawn_egg":{"texture":"di:para","texture_index":0},"animations":{"setup":"animation.para.setup","move":"animation.para.move","general":"controller.animation.para.general"},"animation_controllers":[{"general":"controller.animation.para.general"},{"move":"controller.animation.para.general"},{"setup":"controller.animation.para.general"}],"render_controllers":["controller.render.piglin_brute"],"enable_attachables":false}}}