{"format_version":"1.8.0","minecraft:client_entity":{"description":{"identifier":"di:rex","materials":{"default":"chicken"},"textures":{"default":"textures/entity/pamobile/di_rex"},"geometry":{"default":"geometry.rex"},"spawn_egg":{"texture":"di:rex","texture_index":0},"animations":{"setup":"animation.rex.setup","move":"animation.rex.move","attack":"animation.rex.attack","general":"controller.animation.rex.general"},"animation_controllers":[{"general":"controller.animation.rex.general"},{"move":"controller.animation.rex.general"},{"setup":"controller.animation.rex.general"},{"attack":"controller.animation.rex.general"}],"render_controllers":["controller.render.piglin_brute"],"enable_attachables":false}}}