{"format_version":"1.8.0","minecraft:client_entity":{"description":{"identifier":"di:stego","materials":{"default":"chicken"},"textures":{"default":"textures/entity/pamobile/di_stego"},"geometry":{"default":"geometry.stego"},"spawn_egg":{"texture":"di:stego","texture_index":0},"animations":{"setup":"animation.stego.setup","move":"animation.stego.move","attack":"animation.stego.attack","general":"controller.animation.stego.general"},"animation_controllers":[{"general":"controller.animation.stego.general"},{"move":"controller.animation.stego.general"},{"setup":"controller.animation.stego.general"},{"attack":"controller.animation.stego.general"}],"render_controllers":["controller.render.piglin_brute"],"enable_attachables":false}}}