{"format_version":"1.8.0","minecraft:client_entity":{"description":{"identifier":"di:segno","materials":{"default":"chicken"},"textures":{"default":"textures/entity/pamobile/di_segno"},"geometry":{"default":"geometry.segno"},"spawn_egg":{"texture":"di:segno","texture_index":0},"animations":{"setup":"animation.segno.setup","move":"animation.segno.move","attack":"animation.segno.attack","general":"controller.animation.segno.general"},"animation_controllers":[{"general":"controller.animation.segno.general"},{"move":"controller.animation.segno.general"},{"setup":"controller.animation.segno.general"},{"attack":"controller.animation.segno.general"}],"render_controllers":["controller.render.piglin_brute"],"enable_attachables":false}}}