{"format_version":"1.8.0","minecraft:client_entity":{"description":{"identifier":"di:siats","materials":{"default":"chicken"},"textures":{"default":"textures/entity/pamobile/di_siats"},"geometry":{"default":"geometry.siats"},"spawn_egg":{"texture":"di:siats","texture_index":0},"animations":{"setup":"animation.siats.setup","move":"animation.siats.move","attack":"animation.siats.attack","general":"controller.animation.siats.general"},"animation_controllers":[{"general":"controller.animation.siats.general"},{"move":"controller.animation.siats.general"},{"setup":"controller.animation.siats.general"},{"attack":"controller.animation.siats.general"}],"render_controllers":["controller.render.piglin_brute"],"enable_attachables":false}}}