{"format_version":"1.8.0","minecraft:client_entity":{"description":{"identifier":"di:therizino","materials":{"default":"chicken"},"textures":{"default":"textures/entity/pamobile/di_therizino"},"geometry":{"default":"geometry.therizino"},"spawn_egg":{"texture":"di:therizino","texture_index":0},"animations":{"setup":"animation.therizino.setup","move":"animation.therizino.move","attack":"animation.therizino.attack","general":"controller.animation.therizino.general"},"animation_controllers":[{"general":"controller.animation.therizino.general"},{"move":"controller.animation.therizino.general"},{"setup":"controller.animation.therizino.general"},{"attack":"controller.animation.therizino.general"}],"render_controllers":["controller.render.piglin_brute"],"enable_attachables":false}}}