{
  "resource_pack_name": "Dinosaur's Time Resource",
  "texture_name": "atlas.items",
  "texture_data": {
      
    "time:fossil_allo": {
      "textures": "textures/items/fossils/fossil_allo"
    },
    "time:fossil_apato": {
      "textures": "textures/items/fossils/fossil_apato"
    },
    "time:fossil_ankylo": {
      "textures": "textures/items/fossils/fossil_ankylo"
    },
    "time:fossil_bary": {
      "textures": "textures/items/fossils/fossil_bary"
    },
    "time:fossil_brachi": {
      "textures": "textures/items/fossils/fossil_brachi"
    },
    "time:fossil_carno": {
      "textures": "textures/items/fossils/fossil_carno"
    },
    "time:fossil_cerato": {
      "textures": "textures/items/fossils/fossil_cerato"
    },
    "time:fossil_compy": {
      "textures": "textures/items/fossils/fossil_compy"
    },
    "time:fossil_corytho": {
      "textures": "textures/items/fossils/fossil_corytho"
    },
    "time:fossil_dilo": {
      "textures": "textures/items/fossils/fossil_dilo"
    },
    "time:fossil_dimor": {
      "textures": "textures/items/fossils/fossil_dimor"
    },
    "time:fossil_edmonto": {
      "textures": "textures/items/fossils/fossil_edmonto"
    },
    "time:fossil_galli": {
      "textures": "textures/items/fossils/fossil_galli"
    },
    "time:fossil_giga": {
      "textures": "textures/items/fossils/fossil_giga"
    },
    "time:fossil_mamen": {
      "textures": "textures/items/fossils/fossil_mamen"
    },
    "time:fossil_metria": {
      "textures": "textures/items/fossils/fossil_metria"
    },
    "time:fossil_micro": {
      "textures": "textures/items/fossils/fossil_micro"
    },
    "time:fossil_mosa": {
      "textures": "textures/items/fossils/fossil_mosa"
    },
    "time:fossil_nasuto": {
      "textures": "textures/items/fossils/fossil_nasuto"
    },
    "time:fossil_para": {
      "textures": "textures/items/fossils/fossil_para"
    },
    "time:fossil_ptera": {
      "textures": "textures/items/fossils/fossil_ptera"
    },
    "time:fossil_pachy": {
      "textures": "textures/items/fossils/fossil_pachy"
    },
    "time:fossil_spino": {
      "textures": "textures/items/fossils/fossil_spino"
    },
    "time:fossil_sucho": {
      "textures": "textures/items/fossils/fossil_sucho"
    },
    "time:fossil_stego": {
      "textures": "textures/items/fossils/fossil_stego"
    },
    "time:fossil_stygi": {
      "textures": "textures/items/fossils/fossil_stygi"
    },
    "time:fossil_sino": {
      "textures": "textures/items/fossils/fossil_sino"
    },
    "time:fossil_rex": {
      "textures": "textures/items/fossils/fossil_rex"
    },
    "time:fossil_trice": {
      "textures": "textures/items/fossils/fossil_trice"
    },
    "time:fossil_velo": {
      "textures": "textures/items/fossils/fossil_velo"
    },
    "time:fossil_aguja": {
      "textures": "textures/items/fossils/fossil_aguja"
    },
    "time:fossil_deino": {
      "textures": "textures/items/fossils/fossil_deino"
    },
    "time:fossil_achilo": {
      "textures": "textures/items/fossils/fossil_velo"
    },
    "time:dna_allo": {
      "textures": "textures/items/dnas/c_dna"
    },
    "time:dna_apato": {
      "textures": "textures/items/dnas/h_dna"
    },
    "time:dna_ankylo": {
      "textures": "textures/items/dnas/h_dna"
    },
    "time:dna_bary": {
      "textures": "textures/items/dnas/c_dna"
    },
    "time:dna_brachi": {
      "textures": "textures/items/dnas/h_dna"
    },
    "time:dna_carno": {
      "textures": "textures/items/dnas/c_dna"
    },
    "time:dna_cerato": {
      "textures": "textures/items/dnas/c_dna"
    },
    "time:dna_compy": {
      "textures": "textures/items/dnas/c_dna"
    },
    "time:dna_corytho": {
      "textures": "textures/items/dnas/h_dna"
    },
    "time:dna_dilo": {
      "textures": "textures/items/dnas/c_dna"
    },
    "time:dna_dimor": {
      "textures": "textures/items/dnas/c_dna"
    },
    "time:dna_edmonto": {
      "textures": "textures/items/dnas/h_dna"
    },
    "time:dna_galli": {
      "textures": "textures/items/dnas/h_dna"
    },
    "time:dna_giga": {
      "textures": "textures/items/dnas/c_dna"
    },
    "time:dna_indominus": {
      "textures": "textures/items/dnas/c_dna"
    },
    "time:dna_indoraptor": {
      "textures": "textures/items/dnas/c_dna"
    },
    "time:dna_mamen": {
      "textures": "textures/items/dnas/h_dna"
    },
    "time:dna_metria": {
      "textures": "textures/items/dnas/c_dna"
    },
    "time:dna_micro": {
      "textures": "textures/items/dnas/h_dna"
    },
    "time:dna_mosa": {
      "textures": "textures/items/dnas/a_dna"
    },
    "time:dna_nasuto": {
      "textures": "textures/items/dnas/h_dna"
    },
    "time:dna_para": {
      "textures": "textures/items/dnas/h_dna"
    },
    "time:dna_ptera": {
      "textures": "textures/items/dnas/c_dna"
    },
    "time:dna_pachy": {
      "textures": "textures/items/dnas/h_dna"
    },
    "time:dna_sino": {
      "textures": "textures/items/dnas/h_dna"
    },
    "time:dna_spino": {
      "textures": "textures/items/dnas/c_dna"
    },
    "time:dna_stygi": {
      "textures": "textures/items/dnas/h_dna"
    },
    "time:dna_sucho": {
      "textures": "textures/items/dnas/c_dna"
    },
    "time:dna_stego": {
      "textures": "textures/items/dnas/h_dna"
    },
    "time:dna_rex": {
      "textures": "textures/items/dnas/c_dna"
    },
    "time:dna_trice": {
      "textures": "textures/items/dnas/h_dna"
    },
    "time:dna_velo_masranii": {
      "textures": "textures/items/dnas/c_dna"
    },
    "time:dna_velo_ingen_deino": {
      "textures": "textures/items/dnas/c_dna"
    },
    "time:dna_velo_ingen_achillo": {
      "textures": "textures/items/dnas/c_dna"
    },
    "time:gene_allo": {
      "textures": "textures/items/genes/gene_allos"
    },
    "time:gene_allogen2": {
      "textures": "textures/items/genes/gene_allo"
    },
    "time:gene_apato": {
      "textures": "textures/items/genes/gene_apato"
    },
    "time:gene_ankylo": {
      "textures": "textures/items/genes/gene_ankylo"
    },
    "time:gene_bary": {
      "textures": "textures/items/genes/gene_bary"
    },
    "time:gene_brachi": {
      "textures": "textures/items/genes/gene_brachi"
    },
    "time:gene_carno": {
      "textures": "textures/items/genes/gene_carno"
    },
    "time:gene_cerato": {
      "textures": "textures/items/genes/gene_cerato"
    },
    "time:gene_compy": {
      "textures": "textures/items/genes/gene_compy"
    },
    "time:gene_corytho": {
      "textures": "textures/items/genes/gene_coryto"
    },
    "time:gene_dilo": {
      "textures": "textures/items/genes/gene_dilo"
    },
    "time:gene_dimor": {
      "textures": "textures/items/genes/gene_dimor"
    },
    "time:gene_edmonto": {
      "textures": "textures/items/genes/gene_edmonto"
    },
    "time:gene_galli": {
      "textures": "textures/items/genes/gene_gali"
    },
    "time:gene_giga": {
      "textures": "textures/items/genes/gene_giga"
    },
    "time:gene_indominus": {
      "textures": "textures/items/genes/gene_indom"
    },
    "time:gene_indoraptor": {
      "textures": "textures/items/genes/gene_indor"
    },
    "time:gene_mamen": {
      "textures": "textures/items/genes/gene_mamen"
    },
    "time:gene_metria": {
      "textures": "textures/items/genes/gene_metria"
    },
    "time:gene_micro": {
      "textures": "textures/items/genes/gene_micro"
    },
    "time:gene_mosa": {
      "textures": "textures/items/genes/gene_mosa"
    },
    "time:gene_nasuto": {
      "textures": "textures/items/genes/gene_nasuto"
    },
    "time:gene_para": {
      "textures": "textures/items/genes/gene_para"
    },
    "time:gene_ptera": {
      "textures": "textures/items/genes/gene_ptera"
    },
    "time:gene_pachy": {
      "textures": "textures/items/genes/gene_pachy"
    },
    "time:gene_sino": {
      "textures": "textures/items/genes/gene_sino"
    },
    "time:gene_stygi": {
      "textures": "textures/items/genes/gene_stygi"
    },
    "time:gene_stego": {
      "textures": "textures/items/genes/gene_stego"
    },
    "time:gene_sucho": {
      "textures": "textures/items/genes/gene_sucho"
    },
    "time:gene_spino": {
      "textures": "textures/items/genes/gene_spino"
    },
    "time:gene_rex": {
      "textures": "textures/items/genes/gene_rex"
    },
    "time:gene_trice": {
      "textures": "textures/items/genes/gene_trike"
    },
    "time:gene_velo_ingen_deino": {
      "textures": "textures/items/genes/gene_velo_ingensis"
    },
    "time:gene_velo_masranii": {
      "textures": "textures/items/genes/gene_velo_masranii"
    },
    "time:gene_velo_ingen_achillo": {
      "textures": "textures/items/genes/gene_velo_achillo"
   },
    "time:empty_gene_bottle": {
      "textures": "textures/items/genes/empty_gene_bottle"
    },
    "herbivore": {
      "textures": "textures/items/eggs/herbivore"
    },
    "aquatico": {
      "textures": "textures/items/eggs/aquatico"
    },
    "teropode": {
      "textures": "textures/items/eggs/teropode"
    },
    "pequeno": {
      "textures": "textures/items/eggs/pequeno"
    },
    "spino": {
      "textures": "textures/items/eggs/spino"
    },
    "ceratops": {
      "textures": "textures/items/eggs/ceratops"
    },
    "sauropode": {
      "textures": "textures/items/eggs/sauropode"
    },
    "ornitomimidae": {
      "textures": "textures/items/eggs/ornitomimidae"
    },
    "pterossauro": {
      "textures": "textures/items/eggs/pterossauro"
    },
    "compy_egg": {
      "textures": "textures/items/eggs/compy_egg"
    },
    "protoceratops": {
      "textures": "textures/items/eggs/protoceratops"
    },
    "time:dino_beef": {
      "textures": "textures/items/meat/dino_beef"
    },
    "time:dino_cooked": {
      "textures": "textures/items/meat/dino_cooked"
    },
    "time:shark_tooth": {
      "textures": "textures/items/shark_tooth"
    },
    "time:skull_indominus": {
      "textures": "textures/items/skull_indominus"
    },
    "time:skull_indoraptor": {
      "textures": "textures/items/skull_indoraptor"
    },
    "time:dilo_poison": {
      "textures": "textures/items/bucket/dilo_poison"
    },
    "time:vertebral": {
      "textures": "textures/items/fossils/vertebral"
    },
    "time:monitor": {
      "textures": "textures/items/monitor"
    },
    "time:shark_fin": {
      "textures": "textures/items/meat/fin"
    },
    "time:fin_soup": {
      "textures": "textures/items/meat/fin_soup"
    },
    "time:jail_shark": {
      "textures": "textures/items/shark_cage"
    },
    "time:plant1": {
      "textures": "textures/items/plants/plant1"
    },
    "time:plant2": {
      "textures": "textures/items/plants/plant2"
    },
    "time:plant3": {
      "textures": "textures/items/plants/plant3"
    },
    "time:plant4": {
      "textures": "textures/items/plants/plant4"
    },
    "time:plant5": {
      "textures": "textures/items/plants/plant5"
    }
  }
}