{
  "resource_pack_name": "vanilla",
  "texture_name": "atlas.terrain",
  "padding": 8,
  "num_mip_levels": 4,
  "texture_data": {
    
	"jwe_wall": {
      "textures": "textures/blocks/jwe_wall"
    },
	"jw_fence_medium": {
      "textures": "textures/blocks/jw_fence_medium"
    },
	"jw_fence_big": {
      "textures": "textures/blocks/jw_fence_big"
	},
	"pilardecerca": {
      "textures": "textures/blocks/fence13/pilardecerca"
    },
	"jp_fence": {
      "textures": "textures/blocks/fence13/jp_fence"
	},
	"pilardecerca2": {
      "textures": "textures/blocks/fence13/pilardecerca2"
    },
	"basefence": {
      "textures": "textures/blocks/fence13/basefence"
	},
	"basefence2": {
      "textures": "textures/blocks/fence13/basefence2"
    },
	"machine1": {
      "textures": "textures/blocks/machine1"
	},
	"machine2": {
      "textures": "textures/blocks/machine2"
    },
	"machine3": {
      "textures": "textures/blocks/machine3"
    },
	"machine4": {
      "textures": "textures/blocks/machine4"
	},
	"fossil_ore": {
      "textures": "textures/blocks/fossil_ore"
    },
	"fossil_ore2": {
      "textures": "textures/blocks/fossil_ore2"
    },
	"fossil_ore3": {
      "textures": "textures/blocks/fossil_ore3"
	},
	"plant1": {
      "textures": "textures/blocks/plantas/plant1"
	},
	"plant2": {
      "textures": "textures/blocks/plantas/plant2"
	},
	"plant3": {
      "textures": "textures/blocks/plantas/plant3"
	},
	"plant4": {
      "textures": "textures/blocks/plantas/plant4"
	},
	"plant5": {
      "textures": "textures/blocks/plantas/plant5"
	},
	"plant6": {
      "textures": "textures/blocks/plantas/plant6"
	},
	"plant7": {
      "textures": "textures/blocks/plantas/plant7"
	},
	"plant8": {
      "textures": "textures/blocks/plantas/plant8"
	},
	"marble": {
      "textures": "textures/blocks/marble"
	},
	"limestone": {
      "textures": "textures/blocks/limestone"
	},
	"ancient_stone_brick": {
      "textures": "textures/blocks/ancient_stone_brick"
	},
	"ancient_wood": {
      "textures": "textures/blocks/ancient_wood"
	},
	"polished_marble": {
      "textures": "textures/blocks/polished_marble"
    }
  }
}
