{
  "format_version": "1.10.0",
  "animation_controllers": {
    "controller.animation.jurassic_livenautilus": {
      "initial_state": "default",
      "states": {
        "default": {
          "transitions": [
            {
              "shoot": "query.mark_variant == 1 && query.get_equipped_item_name=='livenautilus' && query.item_remaining_use_duration > 0"
            }
          ]
        },
        "shoot": {
          "transitions": [
            {
              "default": "query.mark_variant == 1 && query.get_equipped_item_name=='livenautilus' && query.item_remaining_use_duration > 0"
            }
          ],
          "on_entry": [
            "@s jurassic:livenautilus_fire",
            "/clear @s jurassic:livenautilus 0 1",
            "/playsound jurassic_livenautilus_shot"
          ]
        }
      }
    }
  }
}