{  
   "format_version":"1.8.0",
   "animation_controllers":{      
      "controller.animation.compsognathus.walk": {
      "states": {
        "default": {
          "parameters": [ "query.ground_speed" ],
          "animations": [
		  { "idle": [] },
            {
              "move": [
                {
                }
              ]
            },
			{ "look_at_target": [] }
          ]
        }
      }
    },
	"controller.animation.compsognathus.attack": {
      "states": {
        "default": {
          "animations": [ { "attack": [] } ]
        }
      }
    }

   }
}