{
  "format_version": "1.8.0",
  "animation_controllers": {
    "controller.animation.giganotosaurus.idle": {
      "states": {
        "default": {
          "animations": [ { "idle": [] } ]
        }
      }
    },
    "controller.animation.giganotosaurus.attack": {
      "states": {
        "default": {
          "animations": [ { "attack": [] } ]
        }
      }
    },
    "controller.animation.giganotosaurus.walk": {
      "states": {
        "default": {
          "animations": [ { "look_at_target": [] } ]
        }
      }
    }
  }
}
