{
  "format_version": "1.8.0",
  "animation_controllers": {
    "controller.animation.leptictidium.move": {
      "states": {
        "default": {
          "parameters": [ "query.walk_speed" ],
          "animations": [
		  { "default_pose": [] },
            {
              "move": [
                {
                  "0.0": 0.0,
                  "1.0": 1.0
                }
              ]
            },
			{ "look_at_target": [] }
          ]
        }
      }
    }
  }
}