{
  "format_version": "1.8.0",
  "animation_controllers": {
    "controller.animation.spinosaurus.move": {
      "states": {
        "default": {
          "animations": [
		  { "default_pose": [] },
            {
              "move": [
                
              ]
            },
			{ "look_at_target": [] }
          ]
        }
      }
    },
	"controller.animation.spinosaurus.roaring": {
      "states": {
        "default": {
          "parameters": [ "query.walk_speed" ],
          "animations": {
          },
          "transitions": [
            { "roaring" : "query.is_roaring" }
		  ]
        },
        "roaring": {
          "animations": {
            "roaring": [
			]
          },
          "transitions": [
            { "default" :"!query.is_roaring" }
		  ]
        }
      }
    }
  }
}