{
  "format_version": "1.10",
  "minecraft:item": {
    "description": {
      "identifier": "time:dino_beef",
      "category": "items"
    },
    "components": {
      "minecraft:hand_equipped": false,
      "minecraft:max_stack_size": 64,
      "minecraft:foil": false,
      "minecraft:stack_by_data": true,
      "minecraft:food": {
        "saturation_modifier": "poor",
        "nutrition": 2,
        "can_always_eat": true,
        "effects": [
          {
            "name": "nausea",
            "chance": 1,
            "duration": 20,
            "amplifier": 1
          }
        ]
      },
      "minecraft:use_duration": 3
    }
  }
}