{
    "format_version": "1.16.0",
    "minecraft:block": {
        "description": {
            "identifier": "jurassictime:fossil_ore"
        },
        "components": {
            "minecraft:loot": "loot_tables/blocks/fossil_ore.json",
            "minecraft:breakonpush": false,
            "minecraft:unit_cube": {},
            "minecraft:onlypistonpush": false,
            "minecraft:destroy_time": 2.0,
            "minecraft:friction": 0.6,
            "minecraft:map_color": "#BEBEBE",
            "minecraft:flammable": {
                "flame_odds": 0,
                "burn_odds": 0
            },
            "minecraft:block_light_emission": 0.0,
            "minecraft:block_light_absorption": 0.0
        }
    }
}