{
"format_version": "1.13.0",
  "minecraft:entity":{
  "description":{
         "identifier":"prehistoric:baryonyx",
         "is_spawnable":true,
         "is_summonable":true,
         "is_experimental":false
      },
	  "component_groups":{
	  "minecraft:baryonyx_adult": {
	  "minecraft:type_family": {
          "family": [ "baryonyx_adult", "baryonyx" ]
        },
		"minecraft:experience_reward": {
        "on_death": "query.last_hit_by_player ? 20 : 0"
      },
        "minecraft:scale": {
          "value": 1.6
        },
        "minecraft:loot": {
          "table": "loot_tables/entities/baryonyx.json"
        },
        "minecraft:knockback_resistance": {
          "value": 0.55
        }
      },
	  "minecraft:baryonyx_adult_wild": {
	  "minecraft:type_family": {
          "family": [ "baryonyx_adult_wild", "baryonyx_adult", "baryonyx" ]
        },
        "minecraft:navigation.generic": {
          "can_path_over_water": false,
          "avoid_damage_blocks": true
        },
        "minecraft:attack": {
          "damage": {
            "range_min": 9,
            "range_max": 11
          }
        },
	    "minecraft:health": {
          "value":90,
          "max": 110
        },
	    "minecraft:behavior.nearest_attackable_target": {
          "priority": 1,
          "within_radius": 28,
          "entity_types": [
            {
              "filters": { "other_with_families": [ "velociraptor", "brachiosaurus", "allosaurus","carnotaurus", "corythosaurus", "compsognathus", "dodo", "gallimimus", "dilophasaurus", "leptictidum", "parasaurlophus","spinosaurus", "stegosaurus", "thecelosaurus", "tricertops", "giganotosaurus", "tyrannosaurus", "cow", "pig", "sheep", "player", "villager" ] },
              "max_dist": 32
            }
          ],
          "must_see": true
        },
        "minecraft:on_hurt_by_player": {},
		"minecraft:behavior.random_stroll": {
          "priority": 5,
          "speed_multiplier": 0.8
        },
        "minecraft:behavior.hurt_by_target": {
          "priority": 2
        }
      },
	  "minecraft:baryonyx_adult_tame": {
      	"minecraft:type_family": {
          "family": [ "baryonyx_adult_tamed", "baryonyx_adult", "baryonyx" ]
        },
      	 "minecraft:is_tamed": {},
        "minecraft:input_ground_controlled": {},
        "minecraft:behavior.player_ride_tamed": {},
        "minecraft:movement": {
          "value": {
            "range_min": 0.27,
            "range_max": 0.38
          }
        },
        "minecraft:behavior.beg": {
        "priority": 6,
        "look_distance": 8,
        "look_time": [ 2, 4 ],
        "items": [ "fish",
"salmon",
"clownfish",
"pufferfish",
"cooked_fish",
"cooked_salmon",
"rotten_flesh"
          ]
        },
        "minecraft:health": {
          "value": 90,
          "max": 120
        },
        "minecraft:behavior.follow_owner": {
          "priority": 1,
          "speed_multiplier": 1.0,
          "start_distance": 12,
          "stop_distance": 6
        },
        "minecraft:healable": {
          "items": [
            {
              "item": "pufferfish",
              "heal_amount": 3
            },
            {
              "item": "clownfish",
              "heal_amount": 8
            },
            {
              "item": "fish",
              "heal_amount": 2
            },
            {
              "item": "cooked_fish",
              "heal_amount": 6
            },
            {
              "item": "salmon",
              "heal_amount": 2
            },
            {
              "item": "cooked_salmon",
              "heal_amount": 6
            },
            {
              "item": "rotten_flesh",
              "heal_amount": 4
            }
          ]
        },
        "minecraft:attack": {
          "damage": {
            "range_min": 10,
            "range_max": 12
          }
        },
        "minecraft:behavior.owner_hurt_by_target": {
          "priority": 1
        },
        "minecraft:behavior.owner_hurt_target": {
          "priority": 3
        },
	    "minecraft:leashable": {
          "soft_distance": 10.0,
          "hard_distance": 14.0,
          "max_distance": 18.0,
          "on_leash": {
            "event": "minecraft:on_leash",
            "target": "self"
          },
          "on_unleash": {
            "event": "minecraft:on_unleash",
            "target": "self"
          }
        },
        "minecraft:breedable": {
          "requireTame": true,
          "breedsWith": {
            "mateType": "prehistoric:baryonyx",
            "babyType": "prehistoric:baryonyx",
            "breed_event": {
              "event": "minecraft:entity_born",
              "target": "baby"
            }
          },
          "breedItems": [ 
            "cooked_salmon",
            "cooked_fish"
          ]
        },
        "minecraft:sittable": {
        },
        "minecraft:behavior.breed": {
          "priority": 0,
          "speed_multiplier": 0.7
        }
      },
	  
	  "minecraft:baryonyx_leashed": {
        "minecraft:behavior.move_towards_restriction": {
          "priority": 2,
          "speed_multiplier": 0.8
        }
      },
	  "minecraft:baryonyx_baby_tame": {
	  "minecraft:type_family": {
          "family": [ "baryonyx_baby_tamed", "baryonyx" ]
        },
        "minecraft:is_baby": {},
        "minecraft:is_tamed": {},
        "minecraft:sittable": {},
        "minecraft:health": {
          "value": 10,
          "max": 20
        },
        "minecraft:behavior.panic": {
          "priority": 3,
          "speed_multiplier": 0.7
        },
        "minecraft:behavior.tempt": {
          "priority": 3,
          "speed_multiplier": 0.6,
          "items": [ "fish",
"salmon",
"clownfish",
"pufferfish",
"cooked_fish",
"cooked_salmon",
            "rotten_flesh"
          ]
        },
        "minecraft:behavior.follow_owner": {
          "priority": 1,
          "speed_multiplier": 1.0,
          "start_distance": 10,
          "stop_distance": 4
        },
	    "minecraft:leashable": {
          "soft_distance": 10.0,
          "hard_distance": 14.0,
          "max_distance": 18.0,
          "on_leash": {
            "event": "minecraft:on_leash",
            "target": "self"
          },
          "on_unleash": {
            "event": "minecraft:on_unleash",
            "target": "self"
          }
        },
        "minecraft:scale_by_age": {
          "start_scale": 0.5,
          "end_scale": 1.0
        },
        "minecraft:ageable": {
          "duration": 1600,
          "feedItems": [
            {
              "item": "rotten_flesh",
              "growth": 0.03
            },
            {
              "item": "fish",
              "growth": 0.04
            },
            {
              "item": "cooked_fish",
              "growth": 0.06
            },
            {
              "item": "salmon",
              "growth": 0.05
            },
            {
              "item": "clownfish",
              "growth": 0.07
            },
            {
              "item": "salmon",
              "growth": 0.06
            },
            {
              "item": "cooked_salmon",
              "growth": 0.08
            }
          ],
          "grow_up": {
            "event": "minecraft:ageable_grow_up_tame",
            "target": "self"
          }
        }
      },
	  "minecraft:baryonyx_baby_wild": {
	  "minecraft:type_family": {
          "family": [ "baryonyx_baby_wild", "baryonyx" ]
        },
        "minecraft:is_baby": {},
        "minecraft:health": {
          "value": 10,
          "max": 20
        },
        "minecraft:scale_by_age": {
          "start_scale": 0.5,
          "end_scale": 1.0
        },
        "minecraft:ageable": {
          "duration": 1600,
          "grow_up": {
            "event": "minecraft:ageable_grow_up_wild",
            "target": "self"
          }
        },
        "minecraft:behavior.tempt": {
          "priority": 3,
          "speed_multiplier": 0.6,
          "items": [ "fish",
"salmon",
"clownfish",
"pufferfish",
"cooked_fish",
"cooked_salmon",
            "rotten_flesh"
          ]
        },
        "minecraft:tameable": {
          "probability": 0.33,
          "tameItems": [ "porkchop",
            "chicken",            
            "muttonRaw",
            "beef"
          ],
          "tame_event": {
            "event": "minecraft:on_tame_baby",
            "target": "self"
          }
        },
        "minecraft:behavior.panic": {
          "priority": 1,
          "speed_multiplier": 0.7
        }
      }
	  
	  },
	  
	  "components":{
	  "minecraft:nameable": {},
      "minecraft:type_family": {
        "family": [ "baryonyx" ]
      },
	  "minecraft:experience_reward": {
        "on_death": "query.last_hit_by_player ? 20 : 0"
      },
	  "minecraft:movement": {
        "value": 0.26
      },
	  "minecraft:movement.generic": {},
      "minecraft:jump.static": {},
      "minecraft:navigation.generic": {
        "can_path_over_water": false,
        "can_walk": true,
        "avoid_damage_blocks": true
      },
      "minecraft:physics": {
        "has_gravity": true
      },
      "minecraft:breathable": {
        "totalSupply": 15,
        "suffocateTime": 0
      },
      "minecraft:collision_box": {
        "width": 0.8,
        "height": 1.7
      },
      "minecraft:fall_damage": {
        "value": 0.3
      },
	  "minecraft:behavior.melee_attack": {
        "priority": 1,
        "target_dist": 1.5,
        "track_target": true
      },
      "minecraft:behavior.float": {
        "priority": 0
      },
      "minecraft:behavior.stay_while_sitting": {
        "priority": 0
      },
      "minecraft:behavior.random_stroll": {
        "priority": 8,
        "speed_multiplier": 0.7
      }
	  },
	  
	  "events": {
	  "minecraft:entity_spawned": {
        "randomize": [
          {
            "weight": 9,
            "remove": {
            },
            "add": {
              "component_groups": [
                "minecraft:baryonyx_baby_wild"
              ]
            }
          },
          {
            "weight": 1,
            "remove": {
            },
            "add": {
              "component_groups": [
                "minecraft:baryonyx_baby_wild"
              ]

            }
          }
        ]
      },

      "minecraft:entity_born": {
        "add": {
        "component_groups": [
          "minecraft:baryonyx_baby_wild"
          ]
        }
      },
      "minecraft:ageable_grow_up_tame": {
        "remove": {
          "component_groups": [ 
            "minecraft:baryonyx_baby_tame"
          ]
        },
        "add": {
          "component_groups": [
            "minecraft:baryonyx_adult",
            "minecraft:baryonyx_adult_tame"
          ]
        }
      },
      "minecraft:ageable_grow_up_wild": {
        "remove": {
          "component_groups": [ 
            "minecraft:baryonyx_baby_wild"
          ]
        },
        "add": {
          "component_groups": [
            "minecraft:baryonyx_adult",
            "minecraft:baryonyx_adult_wild"
          ]
        }
      },
      "minecraft:on_tame_baby": {
        "remove": {
          "component_groups": [
            "minecraft:baryonyx_baby_wild"
          ]
        },
        "add": {
          "component_groups": [
            "minecraft:baryonyx_baby_tame"
          ]
        }
      },
	  
	  "minecraft:on_leash": {
        "add": {
          "component_groups": [
            "minecraft:baryonyx_leashed"
          ]
        }
      },
      "minecraft:on_unleash": {
        "remove": {
          "component_groups": [
            "minecraft:baryonyx_leashed"
          ]
        }
      }
    }
}
}