{
"format_version": "1.8.0",
"minecraft:entity":{
"description":{
"identifier":"prehistoric:dilophasaurus",
         "is_spawnable":true,
         "is_summonable":true,
         "is_experimental":false
},
"component_groups":{
"minecraft:dilophasaurus_baby_tame":{
"minecraft:type_family": {
  "family": [ "dilophasaurus", "dilophasaurus_baby_tamed" ]
        },
"minecraft:is_baby": {},
        "minecraft:is_tamed": {},
        "minecraft:sittable": {},
        "minecraft:health": {
          "value": 10,
          "max": 15
        },	
"minecraft:behavior.panic": {
          "priority": 3,
          "speed_multiplier": 0.7
        },
"minecraft:behavior.tempt": {
          "priority": 3,
          "speed_multiplier": 0.6,
          "items": [
            "beef",
            "cooked_beef",
            "chicken",
            "cooked_chicken",
            "rotten_flesh"
          ]
        },
"minecraft:behavior.follow_owner": {
          "priority": 1,
          "speed_multiplier": 1.0,
          "start_distance": 10,
          "stop_distance": 4
        },
	"minecraft:leashable": {
          "soft_distance": 10.0,
          "hard_distance": 16.0,
          "max_distance": 20.0,
          "on_leash": {
            "event": "minecraft:on_leash",
            "target": "self"
          },
          "on_unleash": {
            "event": "minecraft:on_unleash",
            "target": "self"
          }
        },
"minecraft:scale_by_age": {
          "start_scale": 0.5,
          "end_scale": 1.0
        },
	"minecraft:ageable": {
          "duration": 1600,
          "feedItems": [
            {
              "item": "porkchop",
              "growth": 0.03
            },
            {
              "item": "cooked_porkchop",
              "growth": 0.10
            },
            {
              "item": "rabbit",
              "growth": 0.03
            },
            {
              "item": "cooked_rabbit",
              "growth": 0.09
            },
            {
              "item": "rotten_flesh",
              "growth": 0.06
            }
          ],
          "grow_up": {
            "event": "minecraft:ageable_grow_up_tame",
            "target": "self"
          }
        }	
},

"minecraft:dilophasaurus_baby_wild":{
"minecraft:type_family": {
  "family": [ "dilophasaurus_baby_wild", "compsognathus" ]
        },
"minecraft:is_baby": {},
"minecraft:health": {
          "value": 10,
          "max": 15
        },
"minecraft:scale_by_age": {
          "start_scale": 0.5,
          "end_scale": 1.0
        },
"minecraft:ageable": {
          "duration": 1600,
          "grow_up": {
            "event": "minecraft:ageable_grow_up_wild",
            "target": "self"
          }
        },
"minecraft:behavior.tempt": {
          "priority": 3,
          "speed_multiplier": 0.6,
          "items": [
            "beef",
            "porkchop",
            "muttonRaw",
            "chicken",
            "rotten_flesh"
          ]
        },
"minecraft:tameable": {
          "probability": 0.33,
          "tameItems": [ 
            "muttonRaw",
			"rabbit",
            "chicken",
			"porkchop"
          ],
          "tame_event": {
            "event": "minecraft:on_tame_baby",
            "target": "self"
          }
        },
"minecraft:behavior.panic": {
          "priority": 1,
          "speed_multiplier": 0.7
        }		
},
"minecraft:standing": {
        "minecraft:input_ground_controlled": {},
        "minecraft:rideable": {
          "priority": 0,
          "seat_count": 1,
          "family_types": [ "player" ],
          "interact_text": "action.interact.ride.horse",
          "seats": {
            "position": [ 0.0, 1.75, -0.1 ]
          }
        },
        "minecraft:behavior.look_at_player": {
          "priority": 12,
          "look_distance": 6.0,
          "probability": 0.01
        },
        "minecraft:behavior.random_look_around": {
          "priority": 7
        }
	  },
	  "minecraft:sitting": {

	  },

"minecraft:dilophasaurus_adult": {
        "minecraft:scale": {
          "value": 1.0
        },
        "minecraft:loot": {
          "table": "loot_tables/entities/dilophasaurus.json"
        },
        "minecraft:knockback_resistance": {
          "value": 0.75
        }
      },

"minecraft:dilophasaurus_adult_wild":{
"minecraft:type_family": {
          "family": [ "dilophasaurus", "dilophasaurus_adult_wild", "dilophasaurus_adult" ]
        },
"minecraft:navigation.generic": {
          "can_path_over_water": false,
          "avoid_damage_blocks": true
        },		
"minecraft:attack": {
          "damage": {
            "range_min": 1,
            "range_max": 7
          }
        },		
"minecraft:health": {
          "value": 50,
          "max": 70
        },
		"minecraft:behavior.nearest_attackable_target": {
          "priority": 1,
          "within_radius": 28,
          "entity_types": [
            {
              "filters": { "other_with_families": [ "baryonyx", "brachiosaurus", "allosaurus","carnotaurus", "corythosaurus", "compsognathus", "dodo", "gallimimus", "giganotosaurus", "leptictidum", "parasaurlophus","spinosaurus", "stegosaurus", "thecelosaurus", "tricertops", "tyrannosaurus", "velociraptor", "cow", "pig", "sheep", "player", "villager" ] },
              "max_dist": 32
            }
          ],
          "must_see": true
        },
"minecraft:on_hurt_by_player": {},
		"minecraft:behavior.random_stroll": {
          "priority": 5,
          "speed_multiplier": 0.8
        },
        "minecraft:behavior.hurt_by_target": {
          "priority": 2
        }		
},	  
"minecraft:dilophasaurus_adult_tame":{
"minecraft:type_family": {
          "family": [ "dilophasaurus", "dilophasaurus_adult_tamed", "dilophasaurus_adult" ]
        },
 "minecraft:is_tamed": {},
        "minecraft:input_ground_controlled": {},
        "minecraft:behavior.player_ride_tamed": {},
        "minecraft:movement": {
          "value": {
            "range_min": 0.27,
            "range_max": 0.38
          }
        },
"minecraft:behavior.beg": {
        "priority": 6,
        "look_distance": 8,
        "look_time": [ 2, 4 ],
        "items": [ 
            "beef",
            "cooked_beef",
            "porkchop",
            "cooked_porkchop",
			"egg",
            "rotten_flesh"
          ]
        },		
"minecraft:health": {
          "value": 50,
          "max": 75
        },
"minecraft:behavior.follow_owner": {
          "priority": 1,
          "speed_multiplier": 1.0,
          "start_distance": 12,
          "stop_distance": 6
        },		
"minecraft:healable": {
          "items": [
            
            {
              "item": "rabbit",
              "heal_amount": 2
            },
            {
              "item": "cooked_rabbit",
              "heal_amount": 9
            },
            {
              "item": "chicken",
              "heal_amount": 3
            },
            {
              "item": "cooked_chicken",
              "heal_amount": 8
            },
            {
              "item": "rotten_flesh",
              "heal_amount": 5
            }
          ]
        },
"minecraft:attack": {
          "damage": {
            "range_min": 1,
            "range_max": 8
          }
        },
"minecraft:behavior.owner_hurt_by_target": {
          "priority": 1
        },
        "minecraft:behavior.owner_hurt_target": {
          "priority": 3
        },
	    "minecraft:leashable": {
          "soft_distance": 10.0,
          "hard_distance": 16.0,
          "max_distance": 20.0,
          "on_leash": {
            "event": "minecraft:on_leash",
            "target": "self"
          },
          "on_unleash": {
            "event": "minecraft:on_unleash",
            "target": "self"
          }
        },
"minecraft:breedable": {
          "requireTame": true,
          "breedsWith": {
            "mateType": "prehistoric:dilophasaurus",
            "babyType": "prehistoric:dilophasaurus",
            "breed_event": {
              "event": "minecraft:entity_born",
              "target": "baby"
            }
          },
          "breedItems": [ 
            "egg",
            "meaty_pellets",
            "chicken",
            "porkchop",
            "rotten_flesh"
          ]
        },
"minecraft:sittable": {
          "sit_event": {
            "event": "minecraft:is_sitting",
            "target": "self"
          },
          "stand_event": {
            "event": "minecraft:is_standing",
            "target": "self"
          }
        },
        "minecraft:behavior.breed": {
          "priority": 0,
          "speed_multiplier": 0.7
        }
     		
},
"minecraft:dilophasaurus_leashed": {
        "minecraft:behavior.move_towards_restriction": {
          "priority": 2,
          "speed_multiplier": 0.8
        }
      }	  
},
"components":{
"minecraft:nameable": {},
      "minecraft:type_family": {
        "family": [ "dilophasaurus" ]
      },
	  "minecraft:movement": {
        "value": 0.28
      },
"minecraft:movement.generic": {},
      "minecraft:jump.static": {},
      "minecraft:navigation.generic": {
        "can_path_over_water": false,
        "can_walk": true,
        "avoid_damage_blocks": true
      },
      "minecraft:physics": {
        "has_gravity": true
      },
      "minecraft:breathable": {
        "totalSupply": 15,
        "suffocateTime": 0
      },
      "minecraft:collision_box": {
        "width": 0.8,
        "height": 1.7
      },
      "minecraft:fall_damage": {
        "value": 0.3
      },
	  "minecraft:behavior.melee_attack": {
        "priority": 1,
        "target_dist": 1.5,
        "track_target": true
      },
      "minecraft:behavior.float": {
        "priority": 0
      },
      "minecraft:behavior.stay_while_sitting": {
        "priority": 0
      },
      "minecraft:behavior.random_stroll": {
        "priority": 8,
        "speed_multiplier": 0.7
      }

},
"events":{
"minecraft:entity_spawned": {
        "randomize": [
          {
            "weight": 9,
            "remove": {
            },
            "add": {
              "component_groups": [
                "minecraft:dilophasaurus_baby_wild"
              ]
            }
          },
          {
            "weight": 1,
            "remove": {
            },
            "add": {
              "component_groups": [
                "minecraft:dilophasaurus_baby_wild"
              ]

            }
          }
        ]
      },
"minecraft:entity_born": {
        "add": {
        "component_groups": [
          "minecraft:dilophasaurus_baby_wild"
          ]
        }
      },
      "minecraft:ageable_grow_up_tame": {
        "remove": {
          "component_groups": [ 
            "minecraft:dilophasaurus_baby_tame"
          ]
        },
        "add": {
          "component_groups": [
            "minecraft:dilophasaurus_adult",
            "minecraft:dilophasaurus_adult_tame"
          ]
        }
      },
      "minecraft:ageable_grow_up_wild": {
        "remove": {
          "component_groups": [ 
            "minecraft:dilophasaurus_baby_wild"
          ]
        },
        "add": {
          "component_groups": [
            "minecraft:dilophasaurus_adult",
			"minecraft:dilophasaurus_attack",
            "minecraft:dilophasaurus_adult_wild"
          ]
        }
      },
      "minecraft:on_tame_baby": {
        "remove": {
          "component_groups": [
            "minecraft:dilophasaurus_baby_wild"
          ]
        },
        "add": {
          "component_groups": [
            "minecraft:dilophasaurus_baby_tame"
          ]
        }
      },
	  
	  "minecraft:run": {
        "remove": {
          "component_groups": [
            "minecraft:dilophasaurus_attack"
          ]
        },
        "add": {
          "component_groups": [
            "minecraft:dilophasaurus_run"
          ]
        }
      },
      "minecraft:attack": {
        "remove": {
          "component_groups": [
            "minecraft:dilophasaurus_run"
          ]
        },
        "add": {
          "component_groups": [
            "minecraft:dilophasaurus_attack"
          ]
        }
      },
	  
	  "minecraft:is_sitting": {
        "remove": {
          "component_groups": [
            "minecraft:standing"
          ]
        },
        "add": {
          "component_groups": [
            "minecraft:sitting"
          ]
        }
      },
      "minecraft:is_standing": {
        "remove": {
          "component_groups": [
            "minecraft:sitting"
          ]
        },
        "add": {
          "component_groups": [
            "minecraft:standing"
          ]
        }
      },
	  
	  "minecraft:on_leash": {
        "add": {
          "component_groups": [
            "minecraft:dilophasaurus_leashed"
          ]
        }
      },
      "minecraft:on_unleash": {
        "remove": {
          "component_groups": [
            "minecraft:dilophasaurus_leashed"
          ]
        }
      }	  

}
}
}