{
	"format_version": "1.8.0",
	"animations": {
		"animation.argentino.setup": {
			"loop": true,
			"animation_length": 1.76,
			"blend_weight": "0.3",
			"bones": {
				"tail1": {
					"rotation": {
						"0.0": [0, 0, 0],
						"0.44": [0, 5, 0],
						"0.88": [0, 0, 0],
						"1.32": [0, -5, 0],
						"1.72": [0, 0, 0]
					},
					"position": {
						"0.0": [0, 0, 0],
						"0.44": [0, 0, 0],
						"0.88": [0, 0, 0],
						"1.32": [0, 0, 0],
						"1.72": [0, 0, 0]
					}
				},
				"tail2": {
					"rotation": {
						"0.0": [0, 0, 0],
						"0.2": [0, -15, 0],
						"0.44": [0, -2.21, 0],
						"0.68": [0, 6.5, 0],
						"0.88": [0, 7.5, 0],
						"1.04": [0, 7.5, 0],
						"1.32": [0, -0.59, 0],
						"1.52": [0, -12.79, 0],
						"1.72": [0, 0, 0]
					},
					"position": {
						"0.0": [0, 0, 0],
						"0.2": [4, 0, 0],
						"0.44": [1.59, 0, 0],
						"0.68": [-1, 0, 0],
						"0.88": [-1.5, 0, 0],
						"1.04": [-2, 0, 0],
						"1.32": [-1.18, 0, 0],
						"1.52": [2.41, 0, 0],
						"1.72": [0, 0, 0]
					}
				},
				"neck1": {
					"rotation": {
						"0.0": [0, 0, 0],
						"0.84": [5, 0, 0],
						"1.72": [0, 0, 0]
					},
					"position": {
						"0.0": [0, 0, 0],
						"0.84": [0, 0, 1],
						"1.72": [0, 0, 0]
					}
				},
				"neck2": {
					"rotation": {
						"0.0": [0, 0, 0],
						"0.84": [5, 0, 0],
						"1.68": [0, 0, 0]
					},
					"position": {
						"0.0": [0, 0, 0],
						"0.84": [0, 0, 1],
						"1.68": [0, 0, 0]
					}
				},
				"skull": {
					"rotation": {
						"0.0": [0, 0, 0],
						"0.84": [5, 0, 0],
						"1.68": [0, 0, 0]
					},
					"position": {
						"0.0": [0, 0, 0],
						"0.84": [0, 0, 1],
						"1.68": [0, 0, 0]
					}
				},
				"jaw": {
					"rotation": {
						"0.0": [0, 0, 0],
						"0.84": [5, 0, 0],
						"1.68": [0, 0, 0]
					},
					"position": {
						"0.0": [0, 0, 0],
						"0.84": [0, 0, 1],
						"1.68": [0, 0, 0]
					}
				}
			}
		},
		"animation.argentino.move": {
			"loop": true,
			"animation_length": 1.56,
			"blend_weight": "0.3",
			"bones": {
				"frontleftlegtop": {
					"rotation": {
						"0.0": [0, 0, 0],
						"0.44": [-7.5, 0, 0],
						"0.8": [0, 0, 0],
						"1.16": [10, 0, 0],
						"1.52": [0, 0, 0]
					},
					"position": {
						"0.0": [0, 0, 0],
						"0.44": [0, -0.4, -1],
						"0.8": [0, 0, 0],
						"1.16": [0, 0.4, 1],
						"1.52": [0, 0, 0]
					}
				},
				"frontrighttopleg": {
					"rotation": {
						"0.0": [0, 0, 0],
						"0.44": [10, 0, 0],
						"0.8": [0, 0, 0],
						"1.16": [-7.5, 0, 0],
						"1.52": [0, 0, 0]
					},
					"position": {
						"0.0": [0, 0, 0],
						"0.44": [0, 0.4, 1],
						"0.8": [0, 0, 0],
						"1.16": [0, -0.4, -1],
						"1.52": [0, 0, 0]
					}
				},
				"frontleftbottomleg": {
					"rotation": {
						"0.0": [0, 0, 0],
						"0.44": [-10, 0, 0],
						"0.8": [0, 0, 0],
						"1.16": [10, 0, 0],
						"1.52": [0, 0, 0]
					},
					"position": {
						"0.0": [0, 0, 0],
						"0.44": [0, -0.4, -1],
						"0.8": [0, 0, 0],
						"1.16": [0, 0.5, 1],
						"1.52": [0, 0, 0]
					}
				},
				"frontrightbottomleg": {
					"rotation": {
						"0.0": [0, 0, 0],
						"0.44": [10, 0, 0],
						"0.8": [0, 0, 0],
						"1.16": [-10, 0, 0],
						"1.52": [0, 0, 0]
					},
					"position": {
						"0.0": [0, 0, 0],
						"0.44": [0, 0.5, 1],
						"0.8": [0, 0, 0],
						"1.16": [0, -0.4, -1],
						"1.52": [0, 0, 0]
					}
				},
				"backrighttopleg": {
					"rotation": {
						"0.0": [0, 0, 0],
						"0.4": [-7.5, 0, 0],
						"0.76": [0, 0, 0],
						"1.12": [10, 0, 0],
						"1.52": [0, 0, 0]
					},
					"position": {
						"0.0": [0, 0, 0],
						"0.4": [0, 0.4, -1],
						"0.76": [0, 0, 0],
						"1.12": [0, -1, 1],
						"1.52": [0, 0, 0]
					}
				},
				"backlefttopleg": {
					"rotation": {
						"0.0": [0, 0, 0],
						"0.4": [10, 0, 0],
						"0.76": [0, 0, 0],
						"1.12": [-7.5, 0, 0],
						"1.52": [0, 0, 0]
					},
					"position": {
						"0.0": [0, 0, 0],
						"0.4": [0, -1, 1],
						"0.76": [0, 0, 0],
						"1.12": [0, 0.4, -1],
						"1.52": [0, 0, 0]
					}
				},
				"backrightbottomleg": {
					"rotation": {
						"0.0": [0, 0, 0],
						"0.4": [-7.5, 0, 0],
						"0.76": [0, 0, 0],
						"1.12": [7.5, 0, 0],
						"1.52": [0, 0, 0]
					},
					"position": {
						"0.0": [0, 0, 0],
						"0.4": [0, 0.5, -1],
						"0.76": [0, 0, 0],
						"1.12": [0, -0.8, 0.9],
						"1.52": [0, 0, 0]
					}
				},
				"backleftbottomleg": {
					"rotation": {
						"0.0": [0, 0, 0],
						"0.4": [7.5, 0, 0],
						"0.76": [0, 0, 0],
						"1.12": [-7.5, 0, 0],
						"1.52": [0, 0, 0]
					},
					"position": {
						"0.0": [0, 0, 0],
						"0.4": [0, -0.8, 0.9],
						"0.76": [0, 0, 0],
						"1.12": [0, 0.5, -1],
						"1.52": [0, 0, 0]
					}
				}
			}
		},
		"animation.argentino.attack": {
			"loop": true,
			"animation_length": 1.56,
			"blend_weight": "0.3",
			"bones": {
				"body": {
					"rotation": {
						"0.0": [0, 0, 0],
						"0.76": [-12.5, 0, 0],
						"1.52": [0, 0, 0]
					},
					"position": {
						"0.0": [0, 0, 0],
						"0.76": [0, 1, -1],
						"1.52": [0, 0, 0]
					}
				},
				"neck1": {
					"rotation": {
						"0.0": [0, 0, 0],
						"0.76": [7.5, 0, 0],
						"1.52": [0, 0, 0]
					},
					"position": {
						"0.0": [0, 0, 0],
						"0.76": [0, 2, 3],
						"1.52": [0, 0, 0]
					}
				},
				"neck2": {
					"rotation": {
						"0.0": [0, 0, 0],
						"0.76": [15, 0, 0],
						"1.52": [0, 0, 0]
					},
					"position": {
						"0.0": [0, 0, 0],
						"0.76": [0, 3.5, 4],
						"1.52": [0, 0, 0]
					}
				},
				"skull": {
					"rotation": {
						"0.0": [0, 0, 0],
						"0.76": [15, 0, 0],
						"1.52": [0, 0, 0]
					},
					"position": {
						"0.0": [0, 0, 0],
						"0.76": [0, 3.5, 4],
						"1.52": [0, 0, 0]
					}
				},
				"jaw": {
					"rotation": {
						"0.0": [0, 0, 0],
						"0.76": [30, 0, 0],
						"1.52": [0, 0, 0]
					},
					"position": {
						"0.0": [0, 0, 0],
						"0.4": [0, 5, 4.8],
						"0.6": [0, 8.1, 6.9],
						"0.76": [0, 11, 8],
						"1.04": [0, 6.4, 5.8],
						"1.52": [0, 0, 0]
					}
				},
				"frontleftlegtop": {
					"rotation": {
						"0.0": [0, 0, 0],
						"0.76": [-20, 0, 0],
						"1.52": [0, 0, 0]
					},
					"position": {
						"0.0": [0, 0, 0],
						"0.76": [0, 0, -1],
						"1.52": [0, 0, 0]
					}
				},
				"frontrighttopleg": {
					"rotation": {
						"0.0": [0, 0, 0],
						"0.76": [-20, 0, 0],
						"1.52": [0, 0, 0]
					},
					"position": {
						"0.0": [0, 0, 0],
						"0.76": [0, 0, -1],
						"1.52": [0, 0, 0]
					}
				},
				"frontleftbottomleg": {
					"rotation": {
						"0.0": [0, 0, 0],
						"0.76": [0, 0, 0],
						"1.52": [0, 0, 0]
					},
					"position": {
						"0.0": [0, 0, 0],
						"0.76": [0, 1, 1],
						"1.52": [0, 0, 0]
					}
				},
				"frontrightbottomleg": {
					"rotation": {
						"0.0": [0, 0, 0],
						"0.76": [0, 0, 0],
						"1.52": [0, 0, 0]
					},
					"position": {
						"0.0": [0, 0, 0],
						"0.76": [0, 1, 1],
						"1.52": [0, 0, 0]
					}
				}
			}
		}
	}
}