{
	"format_version": "1.8.0",
	"animations": {
		"animation.bary.setup": {
			"loop": true,
			"animation_length": 1.56,
			"blend_weight": "0.3",
			"bones": {
				"tail": {
					"rotation": {
						"0.0": [0, 0, 0],
						"0.36": [0, 7.5, 0],
						"0.72": [0, 0, 0],
						"1.08": [0, -7.5, 0],
						"1.44": [0, 0, 0]
					}
				},
				"neck": {
					"rotation": {
						"0.0": [0, 0, 0],
						"0.72": [2.5, 0, 0],
						"1.44": [0, 0, 0]
					},
					"position": {
						"0.0": [0, 0, 0],
						"0.72": [0, 0, 0.5],
						"1.44": [0, 0, 0]
					}
				},
				"skull": {
					"rotation": {
						"0.0": [0, 0, 0],
						"0.72": [5, 0, 0],
						"1.44": [0, 0, 0]
					},
					"position": {
						"0.0": [0, 0, 0],
						"0.72": [0, 0.5, 0.5],
						"1.44": [0, 0, 0]
					}
				},
				"jaw": {
					"rotation": {
						"0.0": [0, 0, 0],
						"0.72": [5, 0, 0],
						"1.44": [0, 0, 0]
					},
					"position": {
						"0.0": [0, 0, 0],
						"0.72": [0, 0.6, 0.6],
						"1.44": [0, 0, 0]
					}
				}
			}
		},
		"animation.bary.move": {
			"loop": true,
			"animation_length": 2.08,
			"blend_weight": "0.3",
			"bones": {
				"lefttopleg": {
					"rotation": {
						"0.0": [0, 0, 0],
						"0.52": [12.5, 0, 0],
						"1.04": [0, 0, 0],
						"1.56": [-20, 0, 0],
						"2.0": [0, 0, 0]
					},
					"position": {
						"0.0": [0, 0, 0],
						"0.52": [0, 0, 2],
						"1.04": [0, 0, 0],
						"1.56": [0, 1, -3],
						"2.0": [0, 0, 0]
					}
				},
				"righttopleg": {
					"rotation": {
						"0.0": [0, 0, 0],
						"0.52": [-20, 0, 0],
						"1.04": [0, 0, 0],
						"1.56": [12.5, 0, 0],
						"2.0": [0, 0, 0]
					},
					"position": {
						"0.0": [0, 0, 0],
						"0.52": [0, 1, -3],
						"1.04": [0, 0, 0],
						"1.56": [0, 0, 2],
						"2.0": [0, 0, 0]
					}
				},
				"leftbottomleg": {
					"rotation": {
						"0.0": [0, 0, 0],
						"0.52": [0, 0, 0],
						"1.04": [0, 0, 0],
						"1.56": [10, 0, 0],
						"2.0": [0, 0, 0]
					},
					"position": {
						"0.0": [0, 0, 0],
						"0.52": [0, 0, -2],
						"1.04": [0, 0, 0],
						"1.56": [0, 0, 2],
						"2.0": [0, 0, 0]
					}
				},
				"rightbottomleg": {
					"rotation": {
						"0.0": [0, 0, 0],
						"0.52": [10, 0, 0],
						"1.04": [0, 0, 0],
						"1.56": [0, 0, 0],
						"2.0": [0, 0, 0]
					},
					"position": {
						"0.0": [0, 0, 0],
						"0.52": [0, 0, 2],
						"1.04": [0, 0, 0],
						"1.56": [0, 0, -2],
						"2.0": [0, 0, 0]
					}
				}
			}
		},
		"animation.bary.attack": {
			"loop": true,
			"animation_length": 1.04,
			"blend_weight": "0.3",
			"bones": {
				"neck": {
					"rotation": {
						"0.0": [0, 0, 0],
						"0.52": [17.5, 0, 0],
						"1.0": [0, 0, 0]
					},
					"position": {
						"0.0": [0, 0, 0],
						"0.52": [0, 2, 2],
						"1.0": [0, 0, 0]
					}
				},
				"skull": {
					"rotation": {
						"0.0": [0, 0, 0],
						"0.52": [-10, 0, 0],
						"1.0": [0, 0, 0]
					},
					"position": {
						"0.0": [0, 0, 0],
						"0.52": [0, -3.6, -2.8],
						"1.0": [0, 0, 0]
					}
				},
				"jaw": {
					"rotation": {
						"0.0": [0, 0, 0],
						"0.52": [12.5, 0, 0],
						"1.0": [0, 0, 0]
					},
					"position": {
						"0.0": [0, 0, 0],
						"0.52": [0, 1, 1],
						"1.0": [0, 0, 0]
					}
				}
			}
		}
	}
}