{
	"format_version": "1.8.0",
	"animations": {
		"animation.beckle.setup": {
			"loop": true,
			"animation_length": 1.56,
			"blend_weight": "0.3",
			"bones": {
				"tail1": {
					"rotation": {
						"0.0": [0, 0, 0],
						"0.4": [0, 5, 0],
						"0.72": [0, 0, 0],
						"1.08": [0, -5, 0],
						"1.52": [0, 0, 0]
					}
				},
				"tail2": {
					"rotation": {
						"0.0": [0, 0, 0],
						"0.28": [0, -10, 0],
						"0.44": [0, 2.5, 0],
						"0.68": [0, 12.5, 0],
						"1.08": [0, 17.5, 0],
						"1.52": [0, -5, 0]
					},
					"position": {
						"0.0": [0, 0, 0],
						"0.28": [2, 0, 0],
						"0.44": [1, 0, 0],
						"0.68": [-2, 0, 0],
						"1.08": [-4, 0, 0],
						"1.52": [1, 0, 0]
					}
				},
				"neck": {
					"rotation": {
						"0.0": [0, 0, 0],
						"0.76": [2.5, 0, 0],
						"1.48": [0, 0, 0]
					}
				},
				"skull": {
					"rotation": {
						"0.0": [0, 0, 0],
						"0.76": [2.5, 0, 0],
						"1.48": [0, 0, 0]
					}
				},
				"jaw": {
					"rotation": {
						"0.0": [0, 0, 0],
						"0.76": [2.5, 0, 0],
						"1.48": [0, 0, 0]
					}
				}
			}
		},
		"animation.beckle.move": {
			"loop": true,
			"animation_length": 2.08,
			"blend_weight": "0.3",
			"bones": {
				"tail1": {
					"rotation": {
						"0.0": [0, 0, 0],
						"0.52": [0, 7.5, 0],
						"1.04": [0, 0, 0],
						"1.56": [0, -7.5, 0],
						"2.04": [0, 0, 0]
					}
				},
				"tail2": {
					"rotation": {
						"0.0": [0, 0, 0],
						"0.52": [0, 7.5, 0],
						"1.04": [0, 0, 0],
						"1.56": [0, -7.5, 0],
						"2.04": [0, 0, 0]
					}
				},
				"leg1": {
					"rotation": {
						"0.0": [0, 0, 0],
						"0.52": [12.5, 0, 0],
						"1.04": [0, 0, 0],
						"1.56": [-17.5, 0, 0],
						"2.04": [0, 0, 0]
					},
					"position": {
						"0.0": [0, 0, 0],
						"0.52": [0, 0, 2],
						"1.04": [0, 0, 0],
						"1.56": [0, 1, -2],
						"2.04": [0, 0, 0]
					}
				},
				"leg2": {
					"rotation": {
						"0.0": [0, 0, 0],
						"0.52": [-17.5, 0, 0],
						"1.04": [0, 0, 0],
						"1.56": [12.5, 0, 0],
						"2.04": [0, 0, 0]
					},
					"position": {
						"0.0": [0, 0, 0],
						"0.52": [0, 1, -2],
						"1.04": [0, 0, 0],
						"1.56": [0, 0, 2],
						"2.04": [0, 0, 0]
					}
				},
				"bottomleg1": {
					"rotation": {
						"0.0": [0, 0, 0],
						"0.52": [10, 0, 0],
						"1.04": [0, 0, 0],
						"1.56": [-10, 0, 0],
						"2.04": [0, 0, 0]
					},
					"position": {
						"0.0": [0, 0, 0],
						"0.52": [0, 0, 1.93],
						"1.04": [0, 0, 0],
						"1.56": [0, 0.3, -2],
						"2.04": [0, 0, 0]
					}
				},
				"bottomleg2": {
					"rotation": {
						"0.0": [0, 0, 0],
						"0.52": [-10, 0, 0],
						"1.04": [0, 0, 0],
						"1.56": [10, 0, 0],
						"2.04": [0, 0, 0]
					},
					"position": {
						"0.0": [0, 0, 0],
						"0.52": [0, 0.3, -2],
						"1.04": [0, 0, 0],
						"1.56": [0, 0, 1.93],
						"2.04": [0, 0, 0]
					}
				}
			}
		},
		"animation.beckle.attack": {
			"loop": true,
			"animation_length": 1.64,
			"blend_weight": "0.3",
			"bones": {
				"neck": {
					"rotation": {
						"0.0": [0, 0, 0],
						"0.8": [7.5, 0, 0],
						"1.6": [0, 0, 0]
					},
					"position": {
						"0.0": [0, 0, 0],
						"0.8": [0, 0, 1],
						"1.6": [0, 0, 0]
					}
				},
				"skull": {
					"rotation": {
						"0.0": [0, 0, 0],
						"0.8": [7.5, 0, 0],
						"1.6": [0, 0, 0]
					},
					"position": {
						"0.0": [0, 0, 0],
						"0.8": [0, 0, 1],
						"1.6": [0, 0, 0]
					}
				},
				"jaw": {
					"rotation": {
						"0.0": [0, 0, 0],
						"0.8": [35, 0, 0],
						"1.6": [0, 0, 0]
					},
					"position": {
						"0.0": [0, 0, 0],
						"0.4": [0, 2.25, 1.6],
						"0.8": [0, 5.5, 2.9],
						"1.24": [0, 2.48, 1.5],
						"1.6": [0, 0, 0]
					}
				}
			}
		}
	}
}