{
	"format_version": "1.8.0",
	"animations": {
		"animation.camara.setup": {
			"loop": true,
			"animation_length": 1.52,
			"blend_weight": "0.3",
			"bones": {
				"tail1": {
					"rotation": {
						"0.0": [0, 0, 0],
						"0.36": [0, 5, 0],
						"0.72": [0, 0, 0],
						"1.04": [0, -5, 0],
						"1.44": [0, 0, 0]
					}
				},
				"tail2": {
					"rotation": {
						"0.0": [0, 0, 0],
						"0.36": [0, 5, 0],
						"0.72": [0, 0, 0],
						"1.04": [0, -5, 0],
						"1.44": [0, 0, 0]
					}
				},
				"neck1": {
					"rotation": {
						"0.0": [0, 0, 0],
						"0.72": [2.5, 0, 0],
						"1.44": [0, 0, 0]
					},
					"position": {
						"0.0": [0, 0, 0],
						"0.72": [0, 0, 0.8],
						"1.44": [0, 0, 0]
					}
				},
				"neck2": {
					"rotation": {
						"0.0": [0, 0, 0],
						"0.72": [2.5, 0, 0],
						"1.44": [0, 0, 0]
					},
					"position": {
						"0.0": [0, 0, 0],
						"0.72": [0, 0, 0],
						"1.44": [0, 0, 0]
					}
				},
				"skull": {
					"rotation": {
						"0.0": [0, 0, 0],
						"0.72": [2.5, 0, 0],
						"1.44": [0, 0, 0]
					},
					"position": {
						"0.0": [0, 0, 0],
						"0.72": [0, 0, 0],
						"1.44": [0, 0, 0]
					}
				},
				"jaw": {
					"rotation": {
						"0.0": [0, 0, 0],
						"0.72": [2.5, 0, 0],
						"1.44": [0, 0, 0]
					},
					"position": {
						"0.0": [0, 0, 0],
						"0.72": [0, 0, 0],
						"1.44": [0, 0, 0]
					}
				},
				"frontrightbottomleg": {
					"rotation": [-2.5, 0, 0]
				}
			}
		},
		"animation.camara.move": {
			"loop": true,
			"animation_length": 1.6,
			"blend_weight": "0.3",
			"bones": {
				"tail1": {
					"rotation": {
						"0.0": [0, 0, 0],
						"0.4": [0, 2.5, 0],
						"0.8": [0, 0, 0],
						"1.16": [0, -2.5, 0],
						"1.52": [0, 0, 0]
					}
				},
				"tail2": {
					"rotation": {
						"0.0": [0, 0, 0],
						"0.4": [0, 2.5, 0],
						"0.8": [0, 0, 0],
						"1.16": [0, -2.5, 0],
						"1.52": [0, 0, 0]
					}
				},
				"frontleftlegtop": {
					"rotation": {
						"0.0": [0, 0, 0],
						"0.36": [-7.5, 0, 0],
						"0.76": [0, 0, 0],
						"1.12": [5, 0, 0],
						"1.52": [0, 0, 0]
					},
					"position": {
						"0.0": [0, 0, 0],
						"0.36": [0, 0, -1],
						"0.76": [0, 0, 0],
						"1.12": [0, 1, 0],
						"1.52": [0, 0, 0]
					}
				},
				"frontrighttopleg": {
					"rotation": {
						"0.0": [0, 0, 0],
						"0.36": [5, 0, 0],
						"0.76": [0, 0, 0],
						"1.12": [-7.5, 0, 0],
						"1.52": [0, 0, 0]
					},
					"position": {
						"0.0": [0, 0, 0],
						"0.36": [0, 1, 0],
						"0.76": [0, 0, 0],
						"1.12": [0, 0, -1],
						"1.52": [0, 0, 0]
					}
				},
				"frontleftbottomleg": {
					"rotation": {
						"0.0": [0, 0, 0],
						"0.36": [-5, 0, 0],
						"0.76": [0, 0, 0],
						"1.12": [5, 0, 0],
						"1.52": [0, 0, 0]
					},
					"position": {
						"0.0": [0, 0, 0],
						"0.36": [0, 0, -1],
						"0.76": [0, 0, 0],
						"1.12": [0, 1, 0],
						"1.52": [0, 0, 0]
					}
				},
				"frontrightbottomleg": {
					"rotation": {
						"0.0": [0, 0, 0],
						"0.36": [5, 0, 0],
						"0.76": [0, 0, 0],
						"1.12": [-5, 0, 0],
						"1.52": [0, 0, 0]
					},
					"position": {
						"0.0": [0, 0, 0],
						"0.36": [0, 1, 0],
						"0.76": [0, 0, 0],
						"1.12": [0, 0, -1],
						"1.52": [0, 0, 0]
					}
				},
				"backrighttopleg": {
					"rotation": {
						"0.0": [0, 0, 0],
						"0.4": [-7.5, 0, 0],
						"0.76": [0, 0, 0],
						"1.12": [7.5, 0, 0],
						"1.52": [0, 0, 0]
					},
					"position": {
						"0.0": [0, 0, 0],
						"0.4": [0, 1, -1],
						"0.76": [0, 0, 0],
						"1.12": [0, 0, 1],
						"1.52": [0, 0, 0]
					}
				},
				"backlefttopleg": {
					"rotation": {
						"0.0": [0, 0, 0],
						"0.4": [7.5, 0, 0],
						"0.76": [0, 0, 0],
						"1.12": [-7.5, 0, 0],
						"1.52": [0, 0, 0]
					},
					"position": {
						"0.0": [0, 0, 0],
						"0.4": [0, 0, 1],
						"0.76": [0, 0, 0],
						"1.12": [0, 1, -1],
						"1.52": [0, 0, 0]
					}
				},
				"backrightbottomleg": {
					"rotation": {
						"0.0": [0, 0, 0],
						"0.4": [-7.5, 0, 0],
						"0.76": [0, 0, 0],
						"1.16": [7.5, 0, 0],
						"1.52": [0, 0, 0]
					},
					"position": {
						"0.0": [0, 0, 0],
						"0.4": [0, 1, -1],
						"0.76": [0, 0, 0],
						"1.16": [0, 0, 1],
						"1.52": [0, 0, 0]
					}
				},
				"backleftbottomleg": {
					"rotation": {
						"0.0": [0, 0, 0],
						"0.4": [7.5, 0, 0],
						"0.76": [0, 0, 0],
						"1.12": [-7.5, 0, 0],
						"1.52": [0, 0, 0]
					},
					"position": {
						"0.0": [0, 0, 0],
						"0.4": [0, 0, 1],
						"0.76": [0, 0, 0],
						"1.12": [0, 1, -1],
						"1.52": [0, 0, 0]
					}
				}
			}
		},
		"animation.camara.attack": {
			"loop": true,
			"animation_length": 1.6,
			"blend_weight": "0.3",
			"bones": {
				"body": {
					"rotation": {
						"0.0": [0, 0, 0],
						"0.76": [-30, 0, 0],
						"1.52": [0, 0, 0]
					},
					"position": {
						"0.0": [0, 0, 0],
						"0.76": [0, 3, -4],
						"1.52": [0, 0, 0]
					}
				},
				"neck1": {
					"rotation": {
						"0.0": [0, 0, 0],
						"0.76": [12.5, 0, 0],
						"1.52": [0, 0, 0]
					},
					"position": {
						"0.0": [0, 0, 0],
						"0.76": [0, 5, 5],
						"1.52": [0, 0, 0]
					}
				},
				"neck2": {
					"rotation": {
						"0.0": [0, 0, 0],
						"0.76": [35, 0, 0],
						"1.52": [0, 0, 0]
					},
					"position": {
						"0.0": [0, 0, 0],
						"0.36": [0, 4.21, 4.26],
						"0.76": [0, 11, 9],
						"1.16": [0, 4.21, 4.26],
						"1.52": [0, 0, 0]
					}
				},
				"skull": {
					"rotation": {
						"0.0": [0, 0, 0],
						"0.76": [30, 0, 0],
						"1.52": [0, 0, 0]
					},
					"position": {
						"0.0": [0, 0, 0],
						"0.36": [0, 3.26, 3.79],
						"0.76": [0, 9, 8],
						"1.16": [0, 3.26, 3.79],
						"1.52": [0, 0, 0]
					}
				},
				"jaw": {
					"rotation": {
						"0.0": [0, 0, 0],
						"0.24": [16.58, 0, 0],
						"0.76": [52.5, 0, 0],
						"1.52": [0, 0, 0]
					},
					"position": {
						"0.0": [0, 0, 0],
						"0.24": [0, 5, 4.84],
						"0.4": [0, 8.31, 7.22],
						"0.52": [0, 12.54, 9],
						"0.76": [0, 19.5, 11],
						"1.04": [0, 11.7, 8.54],
						"1.12": [0, 8.8, 7.32],
						"1.24": [0, 5.96, 5.5],
						"1.36": [0, 2.98, 3.14],
						"1.52": [0, 0, 0]
					}
				},
				"frontleftlegtop": {
					"rotation": {
						"0.0": [0, 0, 0],
						"0.76": [-10, 0, 0],
						"1.52": [0, 0, 0]
					},
					"position": {
						"0.0": [0, 0, 0],
						"0.76": [0, 3, -1],
						"1.52": [0, 0, 0]
					}
				},
				"frontrighttopleg": {
					"rotation": {
						"0.0": [0, 0, 0],
						"0.76": [-10, 0, 0],
						"1.52": [0, 0, 0]
					},
					"position": {
						"0.0": [0, 0, 0],
						"0.76": [0, 3, -1],
						"1.52": [0, 0, 0]
					}
				},
				"frontleftbottomleg": {
					"position": {
						"0.0": [0, 0, 0],
						"0.76": [0, 3, 0],
						"1.52": [0, 0, 0]
					}
				},
				"frontrightbottomleg": {
					"position": {
						"0.0": [0, 0, 0],
						"0.76": [0, 3, 0],
						"1.52": [0, 0, 0]
					}
				}
			}
		}
	}
}