{
	"format_version": "1.8.0",
	"animations": {
		"animation.carno.setup": {
			"loop": true,
			"animation_length": 1.6,
			"blend_weight": "0.3",
			"bones": {
				"tail": {
					"rotation": {
						"0.0": [0, 0, 0],
						"0.4": [0, 2.5, 0],
						"0.76": [0, 0, 0],
						"1.12": [0, -2.5, 0],
						"1.48": [0, 0, 0]
					}
				},
				"neck": {
					"rotation": {
						"0.0": [0, 0, 0],
						"0.76": [5, 0, 0],
						"1.52": [0, 0, 0]
					},
					"position": {
						"0.0": [0, 0, 0],
						"0.76": [0, 0.4, 0],
						"1.52": [0, 0, 0]
					}
				},
				"skull": {
					"rotation": {
						"0.0": [0, 0, 0],
						"0.76": [5, 0, 0],
						"1.52": [0, 0, 0]
					},
					"position": {
						"0.0": [0, 0, 0],
						"0.76": [0, 0.4, 0],
						"1.52": [0, 0, 0]
					}
				},
				"jaw": {
					"rotation": {
						"0.0": [0, 0, 0],
						"0.76": [5, 0, 0],
						"1.52": [0, 0, 0]
					},
					"position": {
						"0.0": [0, 0, 0],
						"0.76": [0, 0.4, 0],
						"1.52": [0, 0, 0]
					}
				}
			}
		},
		"animation.carno.move": {
			"loop": true,
			"animation_length": 2.08,
			"blend_weight": "0.3",
			"bones": {
				"leftleg": {
					"rotation": {
						"0.0": [0, 0, 0],
						"0.52": [-10, 0, 0],
						"1.04": [0, 0, 0],
						"1.56": [15, 0, 0],
						"2.04": [0, 0, 0]
					},
					"position": {
						"0.0": [0, 0, 0],
						"0.52": [0, 0, -2],
						"1.04": [0, 0, 0],
						"1.56": [0, 0, 2],
						"2.04": [0, 0, 0]
					}
				},
				"rightleg": {
					"rotation": {
						"0.0": [0, 0, 0],
						"0.52": [15, 0, 0],
						"1.04": [0, 0, 0],
						"1.56": [-10, 0, 0],
						"2.04": [0, 0, 0]
					},
					"position": {
						"0.0": [0, 0, 0],
						"0.52": [0, 0, 2],
						"1.04": [0, 0, 0],
						"1.56": [0, 0, -2],
						"2.04": [0, 0, 0]
					}
				},
				"tail": {
					"rotation": {
						"0.0": [0, 0, 0],
						"0.52": [0, 5, 0],
						"1.04": [0, 0, 0],
						"1.56": [0, -5, 0],
						"2.04": [0, 0, 0]
					}
				}
			}
		},
		"animation.carno.attack": {
			"loop": true,
			"animation_length": 1.08,
			"blend_weight": "0.3",
			"bones": {
				"neck": {
					"rotation": {
						"0.0": [0, 0, 0],
						"0.52": [15, 0, 0],
						"1.04": [0, 0, 0]
					},
					"position": {
						"0.0": [0, 0, 0],
						"0.52": [0, 1.8, 1],
						"1.04": [0, 0, 0]
					}
				},
				"skull": {
					"rotation": {
						"0.0": [0, 0, 0],
						"0.52": [12.5, 0, 0],
						"1.04": [0, 0, 0]
					},
					"position": {
						"0.0": [0, 0, 0],
						"0.52": [0, 1.2, 1],
						"1.04": [0, 0, 0]
					}
				},
				"jaw": {
					"rotation": {
						"0.0": [0, 0, 0],
						"0.52": [32.5, 0, 0],
						"1.04": [0, 0, 0]
					},
					"position": {
						"0.0": [0, 0, 0],
						"0.52": [0, 4.5, 2],
						"1.04": [0, 0, 0]
					}
				}
			}
		}
	}
}