{
	"format_version": "1.8.0",
	"animations": {
		"animation.cerato.setup": {
			"loop": true,
			"animation_length": 2,
			"blend_weight": "0.3",
			"bones": {
				"tail": {
					"rotation": {
						"0.0": [0, 0, 0],
						"0.44": [0, 10, 0],
						"0.88": [0, 0, 0],
						"1.4": [0, -10, 0],
						"1.88": [0, 0, 0]
					},
					"position": [0, 0, 0]
				},
				"skull": {
					"rotation": {
						"0.0": [0, 0, 0],
						"0.92": [5, 0, 0],
						"1.92": [0, 0, 0]
					},
					"position": {
						"0.0": [0, 0, 0],
						"0.92": [0, 0.6, 0.4],
						"1.92": [0, 0, 0]
					}
				},
				"jaw": {
					"rotation": {
						"0.0": [0, 0, 0],
						"0.92": [5, 0, 0],
						"1.92": [0, 0, 0]
					},
					"position": {
						"0.0": [0, 0, 0],
						"0.92": [0, 0.6, 0.4],
						"1.92": [0, 0, 0]
					}
				}
			}
		},
		"animation.cerato.move": {
			"loop": true,
			"animation_length": 2.08,
			"blend_weight": "0.3",
			"bones": {
				"lefttopleg": {
					"rotation": {
						"0.0": [0, 0, 0],
						"0.52": [-7.5, 0, 0],
						"1.04": [0, 0, 0],
						"1.56": [10, 0, 0],
						"2.04": [0, 0, 0]
					},
					"position": {
						"0.0": [0, 0, 0],
						"0.52": [0, 0, -1.69],
						"1.04": [0, 0, 0],
						"1.56": [0, -0.3, 2],
						"2.04": [0, 0, 0]
					}
				},
				"righttopleg": {
					"rotation": {
						"0.0": [0, 0, 0],
						"0.52": [10, 0, 0],
						"1.04": [0, 0, 0],
						"1.56": [-7.5, 0, 0],
						"2.04": [0, 0, 0]
					},
					"position": {
						"0.0": [0, 0, 0],
						"0.52": [0, -0.3, 2],
						"1.04": [0, 0, 0],
						"1.56": [0, 0, -1.69],
						"2.04": [0, 0, 0]
					}
				},
				"rightbottomleg": {
					"rotation": {
						"0.0": [0, 0, 0],
						"0.52": [12.5, 0, 0],
						"1.04": [0, 0, 0],
						"1.56": [-10, 0, 0],
						"2.04": [0, 0, 0]
					},
					"position": {
						"0.0": [0, 0, 0],
						"0.52": [0, -0.3, 2],
						"1.04": [0, 0, 0],
						"1.56": [0, 0, -1.5],
						"2.04": [0, 0, 0]
					}
				},
				"leftbottomleg": {
					"rotation": {
						"0.0": [0, 0, 0],
						"0.52": [-10, 0, 0],
						"1.04": [0, 0, 0],
						"1.56": [12.5, 0, 0],
						"2.04": [0, 0, 0]
					},
					"position": {
						"0.0": [0, 0, 0],
						"0.52": [0, 0, -1.5],
						"1.04": [0, 0, 0],
						"1.56": [0, -0.3, 2],
						"2.04": [0, 0, 0]
					}
				},
				"tail": {
					"rotation": {
						"0.0": [0, 0, 0],
						"0.52": [0, 10, 0],
						"1.04": [0, 0, 0],
						"1.56": [0, -10, 0],
						"2.04": [0, 0, 0]
					}
				}
			}
		},
		"animation.cerato.attack": {
			"loop": true,
			"animation_length": 1.44,
			"blend_weight": "0.3",
			"bones": {
				"neck": {
					"rotation": {
						"0.0": [0, 0, 0],
						"0.72": [22.5, 0, 0],
						"1.4": [0, 0, 0]
					},
					"position": {
						"0.0": [0, 0, 0],
						"0.72": [0, 2.5, 2],
						"1.4": [0, 0, 0]
					}
				},
				"skull": {
					"rotation": {
						"0.0": [0, 0, 0],
						"0.72": [22.5, 0, 0],
						"1.4": [0, 0, 0]
					},
					"position": {
						"0.0": [0, 0, 0],
						"0.72": [0, 2.5, 2],
						"1.4": [0, 0, 0]
					}
				},
				"jaw": {
					"rotation": {
						"0.0": [0, 0, 0],
						"0.72": [57.5, 0, 0],
						"1.4": [0, 0, 0]
					},
					"position": {
						"0.0": [0, 0, 0],
						"0.2": [0, 2.5, 1.4],
						"0.36": [0, 4.5, 2.3],
						"0.72": [0, 9.8, 2.3],
						"0.88": [0, 7.2, 2.6],
						"1.08": [0, 4.24, 2.2],
						"1.2": [0, 2.58, 1.5],
						"1.4": [0, 0, 0]
					}
				}
			}
		}
	}
}