{
	"format_version": "1.8.0",
	"animations": {
		"animation.dacen.setup": {
			"loop": true,
			"animation_length": 1.56,
			"blend_weight": "0.3",
			"bones": {
				"tail": {
					"rotation": {
						"0.0": [0, 0, 0],
						"0.4": [0, 5, 0],
						"0.76": [0, 0, 0],
						"1.12": [0, -5, 0],
						"1.48": [0, 0, 0]
					}
				},
				"neck": {
					"rotation": {
						"0.0": [0, 0, 0],
						"0.76": [5, 0, 0],
						"1.48": [0, 0, 0]
					},
					"position": {
						"0.0": [0, 0, 0],
						"0.76": [0, 0, 0.3],
						"1.48": [0, 0, 0]
					}
				},
				"skull": {
					"rotation": {
						"0.0": [0, 0, 0],
						"0.76": [5, 0, 0],
						"1.48": [0, 0, 0]
					},
					"position": {
						"0.0": [0, 0, 0],
						"0.76": [0, 0, 0.3],
						"1.48": [0, 0, 0]
					}
				},
				"jaw": {
					"rotation": {
						"0.0": [0, 0, 0],
						"0.76": [5, 0, 0],
						"1.48": [0, 0, 0]
					},
					"position": {
						"0.0": [0, 0, 0],
						"0.76": [0, 0, 0.3],
						"1.48": [0, 0, 0]
					}
				}
			}
		},
		"animation.dacen.move": {
			"loop": true,
			"animation_length": 2.08,
			"blend_weight": "0.3",
			"bones": {
				"tail": {
					"rotation": {
						"0.0": [0, 0, 0],
						"0.52": [0, -7.5, 0],
						"1.04": [0, 0, 0],
						"1.56": [0, 7.5, 0],
						"2.04": [0, 0, 0]
					}
				},
				"frontleftleg": {
					"rotation": {
						"0.0": [0, 0, 0],
						"0.52": [-10, 0, 0],
						"1.04": [0, 0, 0],
						"1.56": [10, 0, 0],
						"2.04": [0, 0, 0]
					},
					"position": {
						"0.0": [0, 0, 0],
						"0.52": [0, -0.6, -1],
						"1.04": [0, 0, 0],
						"1.56": [0, 0.6, 1],
						"2.04": [0, 0, 0]
					}
				},
				"frontrightleg": {
					"rotation": {
						"0.0": [0, 0, 0],
						"0.52": [10, 0, 0],
						"1.04": [0, 0, 0],
						"1.56": [-10, 0, 0],
						"2.04": [0, 0, 0]
					},
					"position": {
						"0.0": [0, 0, 0],
						"0.52": [0, 0.6, 1],
						"1.04": [0, 0, 0],
						"1.56": [0, -0.6, -1],
						"2.04": [0, 0, 0]
					}
				},
				"backleftleg": {
					"rotation": {
						"0.0": [0, 0, 0],
						"0.52": [10, 0, 0],
						"1.04": [0, 0, 0],
						"1.6": [-12.5, 0, 0],
						"2.0": [0, 0, 0]
					},
					"position": {
						"0.0": [0, 0, 0],
						"0.52": [0, -0.6, 1],
						"1.04": [0, 0, 0],
						"1.6": [0, 1, -1],
						"2.0": [0, 0, 0]
					}
				},
				"backrightleg": {
					"rotation": {
						"0.0": [0, 0, 0],
						"0.52": [-12.5, 0, 0],
						"1.04": [0, 0, 0],
						"1.6": [10, 0, 0],
						"2.04": [0, 0, 0]
					},
					"position": {
						"0.0": [0, 0, 0],
						"0.52": [0, 1, -1],
						"1.04": [0, 0, 0],
						"1.6": [0, -0.6, 1],
						"2.04": [0, 0, 0]
					}
				}
			}
		},
		"animation.dacen.attack": {
			"loop": true,
			"animation_length": 1.2,
			"blend_weight": "0.3",
			"bones": {
				"body": {
					"rotation": {
						"0.0": [0, 0, 0],
						"0.52": [0, -75, 0],
						"1.12": [0, 0, 0]
					}
				},
				"tail": {
					"rotation": {
						"0.0": [0, 0, 0],
						"0.52": [0, -125, 0],
						"1.12": [0, 0, 0]
					},
					"position": {
						"0.0": [0, 0, 0],
						"0.28": [0.46, 0, 2.69],
						"0.52": [-1, 0, 5],
						"0.8": [0.47, 0, 2.67],
						"1.12": [0, 0, 0]
					}
				},
				"neck": {
					"rotation": {
						"0.0": [0, 0, 0],
						"0.52": [0, -37.5, 0],
						"1.12": [0, 0, 0]
					},
					"position": {
						"0.0": [0, 0, 0],
						"0.28": [1.08, 0, 0.08],
						"0.52": [2, 0, 2],
						"0.8": [1, 0, 0],
						"1.12": [0, 0, 0]
					}
				},
				"skull": {
					"rotation": [0, 0, 0],
					"position": {
						"0.0": [0, 0, 0],
						"0.28": [3.5, 0, 1],
						"0.52": [5.5, 0, 3.5],
						"0.8": [3, 0, 0],
						"1.12": [0, 0, 0]
					}
				},
				"jaw": {
					"rotation": {
						"0.0": [0, 0, 0],
						"0.52": [15, 0, 0],
						"0.8": [0, 0, 0]
					},
					"position": {
						"0.0": [0, 0, 0],
						"0.16": [2, 0.5, 1],
						"0.28": [3.5, 1.2, 2],
						"0.36": [4.05, 1.4, 2.7],
						"0.52": [5.5, 2.4, 5],
						"0.8": [3, 0, 0],
						"1.12": [0, 0, 0]
					}
				},
				"frontleftleg": {
					"rotation": {
						"0.0": [0, 0, 0],
						"0.52": [0, -77.5, 0],
						"1.12": [0, 0, 0]
					}
				},
				"frontrightleg": {
					"rotation": {
						"0.0": [0, 0, 0],
						"0.52": [0, -92.5, 0],
						"1.12": [0, 0, 0]
					}
				},
				"backleftleg": {
					"rotation": {
						"0.0": [0, 0, 0],
						"0.52": [0, -70, 0],
						"1.12": [0, 0, 0]
					}
				},
				"backrightleg": {
					"rotation": {
						"0.0": [0, 0, 0],
						"0.52": [0, -57.5, 0],
						"1.12": [0, 0, 0]
					}
				}
			}
		}
	}
}