{
	"format_version": "1.8.0",
	"animations": {
		"animation.diablo.setup": {
			"loop": true,
			"animation_length": 1.56,
			"blend_weight": "0.3",
			"bones": {
				"tail": {
					"rotation": {
						"0.0": [0, 0, 0],
						"0.44": [0, 2.5, 0],
						"0.76": [0, 0, 0],
						"1.04": [0, -2.5, 0],
						"1.48": [0, 0, 0]
					}
				},
				"skull": {
					"rotation": {
						"0.0": [0, 0, 0],
						"0.8": [5, 0, 0],
						"1.48": [0, 0, 0]
					},
					"position": {
						"0.0": [0, 0, 0],
						"0.8": [0, 0.5, 0.5],
						"1.48": [0, 0, 0]
					}
				},
				"jaw": {
					"rotation": {
						"0.0": [0, 0, 0],
						"0.8": [5, 0, 0],
						"1.48": [0, 0, 0]
					},
					"position": {
						"0.0": [0, 0, 0],
						"0.8": [0, 0.5, 0.5],
						"1.48": [0, 0, 0]
					}
				}
			}
		},
		"animation.diablo.move": {
			"loop": true,
			"animation_length": 1.72,
			"blend_weight": "0.3",
			"bones": {
				"tail": {
					"rotation": {
						"0.0": [0, 0, 0],
						"0.4": [0, 5, 0],
						"0.8": [0, 0, 0],
						"1.2": [0, -5, 0],
						"1.64": [0, 0, 0]
					}
				},
				"frontleftleg": {
					"rotation": {
						"0.0": [0, 0, 0],
						"0.44": [-7.5, 0, 0],
						"0.84": [0, 0, 0],
						"1.24": [5, 0, 0],
						"1.64": [0, 0, 0]
					},
					"position": {
						"0.0": [0, 0, 0],
						"0.44": [0, -0.2, -1],
						"0.84": [0, 0, 0],
						"1.24": [0, 0.6, 1],
						"1.64": [0, 0, 0]
					}
				},
				"frontrightleg": {
					"rotation": {
						"0.0": [0, 0, 0],
						"0.44": [5, 0, 0],
						"0.84": [0, 0, 0],
						"1.24": [-7.5, 0, 0],
						"1.64": [0, 0, 0]
					},
					"position": {
						"0.0": [0, 0, 0],
						"0.44": [0, 0.6, 1],
						"0.84": [0, 0, 0],
						"1.24": [0, -0.2, -1],
						"1.64": [0, 0, 0]
					}
				},
				"backleftleg": {
					"rotation": {
						"0.0": [0, 0, 0],
						"0.44": [7.5, 0, 0],
						"0.84": [0, 0, 0],
						"1.24": [-7.5, 0, 0],
						"1.64": [0, 0, 0]
					},
					"position": {
						"0.0": [0, 0, 0],
						"0.44": [0, 0, 1],
						"0.84": [0, 0, 0],
						"1.24": [0, 0.5, -1],
						"1.64": [0, 0, 0]
					}
				},
				"backrightleg": {
					"rotation": {
						"0.0": [0, 0, 0],
						"0.44": [-7.5, 0, 0],
						"0.84": [0, 0, 0],
						"1.24": [7.5, 0, 0],
						"1.64": [0, 0, 0]
					},
					"position": {
						"0.0": [0, 0, 0],
						"0.44": [0, 0.5, -1],
						"0.84": [0, 0, 0],
						"1.24": [0, 0, 1],
						"1.64": [0, 0, 0]
					}
				}
			}
		},
		"animation.diablo.attack": {
			"loop": true,
			"animation_length": 1.36,
			"blend_weight": "0.3",
			"bones": {
				"neck": {
					"rotation": {
						"0.0": [0, 0, 0],
						"0.28": [20, 0, 0],
						"0.76": [-20.83, 0, 0],
						"1.24": [0, 0, 0]
					},
					"position": {
						"0.0": [0, 0, 0],
						"0.28": [0, 2, 1],
						"0.76": [0, -1, -2],
						"1.24": [0, 0, 0]
					}
				},
				"skull": {
					"rotation": {
						"0.0": [0, 0, 0],
						"0.28": [30, 0, 0],
						"0.76": [-26.9, 0, 0],
						"1.28": [0, 0, 0]
					},
					"position": {
						"0.0": [0, 0, 0],
						"0.28": [0, 3, 2],
						"0.76": [0, -1, -2.48],
						"1.28": [0, 0, 0]
					}
				},
				"jaw": {
					"rotation": {
						"0.0": [0, 0, 0],
						"0.28": [30, 0, 0],
						"0.76": [15.6, 0, 0],
						"1.28": [0, 0, 0]
					},
					"position": {
						"0.0": [0, 0, 0],
						"0.28": [0, 3, 2],
						"0.52": [0, 4.78, 1],
						"0.76": [0, 6.56, 2],
						"1.28": [0, 0, 0]
					}
				}
			}
		}
	}
}