{
	"format_version": "1.8.0",
	"animations": {
		"animation.diplo.setup": {
			"loop": true,
			"animation_length": 2.08,
			"blend_weight": "0.3",
			"bones": {
				"tail1": {
					"rotation": {
						"0.0": [0, 0, 0],
						"0.52": [0, 5, 0],
						"1.04": [0, 0, 0],
						"1.56": [0, -5, 0],
						"2.04": [0, 0, 0]
					}
				},
				"tail2": {
					"rotation": {
						"0.0": [0, 0, 0],
						"0.28": [0, -5.35, 0],
						"0.52": [0, 4, 0],
						"0.84": [0, 15.58, 0],
						"1.28": [0, 10, 0],
						"1.56": [0, -6.18, 0],
						"1.72": [0, -16.62, 0],
						"2.04": [0, 0, 0]
					},
					"position": {
						"0.0": [0, 0, 0],
						"0.28": [2, 0, 0],
						"0.52": [0, 0, 0],
						"0.84": [-3, 0, 0],
						"1.28": [-3, 0, 0],
						"1.56": [0, 0, 0],
						"1.72": [3, 0, 0],
						"2.04": [0, 0, 0]
					}
				},
				"tail3": {
					"rotation": {
						"0.0": [0, 0, 0],
						"0.32": [0, -15, 0],
						"0.56": [0, 10, 0],
						"0.84": [0, 12.5, 0],
						"1.28": [0, 20, 0],
						"1.52": [0, -10, 0],
						"1.72": [0, -27.5, 0],
						"2.04": [0, 0, 0]
					},
					"position": {
						"0.0": [0, 0, 0],
						"0.32": [6, 0, 0],
						"0.56": [-2, 0, 0],
						"0.84": [-2, 0, 0],
						"1.28": [-7, 0, 0],
						"1.52": [2, 0, 0],
						"1.72": [7, 0, 0],
						"2.04": [0, 0, 0]
					}
				},
				"neck1": {
					"rotation": {
						"0.0": [0, 0, 0],
						"1.04": [12.5, 0, 0],
						"2.04": [0, 0, 0]
					},
					"position": {
						"0.0": [0, 0, 0],
						"1.04": [0, 1, 1],
						"2.04": [0, 0, 0]
					}
				},
				"neck2": {
					"rotation": {
						"0.0": [0, 0, 0],
						"1.04": [15, 0, 0],
						"2.04": [0, 0, 0]
					},
					"position": {
						"0.0": [0, 0, 0],
						"1.04": [0, 1.6, 1],
						"2.04": [0, 0, 0]
					}
				},
				"skull": {
					"rotation": {
						"0.0": [0, 0, 0],
						"1.04": [12.5, 0, 0],
						"2.04": [0, 0, 0]
					},
					"position": {
						"0.0": [0, 0, 0],
						"1.04": [0, 0.5, 0.3],
						"2.04": [0, 0, 0]
					}
				},
				"jaw": {
					"rotation": {
						"0.0": [0, 0, 0],
						"1.04": [12.5, 0, 0],
						"2.04": [0, 0, 0]
					},
					"position": {
						"0.0": [0, 0, 0],
						"1.04": [0, 0.7, 0.6],
						"2.04": [0, 0, 0]
					}
				}
			}
		},
		"animation.diplo.move": {
			"loop": true,
			"animation_length": 2.08,
			"blend_weight": "0.3",
			"bones": {
				"tail1": {
					"rotation": {
						"0.0": [0, 0, 0],
						"0.52": [0, 2.5, 0],
						"1.04": [0, 0, 0],
						"1.56": [0, -2.5, 0],
						"2.04": [0, 0, 0]
					}
				},
				"tail2": {
					"rotation": {
						"0.0": [0, 0, 0],
						"0.52": [0, 2.5, 0],
						"1.04": [0, 0, 0],
						"1.56": [0, -2.5, 0],
						"2.04": [0, 0, 0]
					}
				},
				"tail3": {
					"rotation": {
						"0.0": [0, 0, 0],
						"0.52": [0, 2.5, 0],
						"1.04": [0, 0, 0],
						"1.56": [0, -2.5, 0],
						"2.04": [0, 0, 0]
					}
				},
				"leftfrontleg": {
					"rotation": {
						"0.0": [0, 0, 0],
						"0.52": [15, 0, 0],
						"1.04": [0, 0, 0],
						"1.56": [-10, 0, 0],
						"2.04": [0, 0, 0]
					},
					"position": {
						"0.0": [0, 0, 0],
						"0.52": [0, 1, 2],
						"1.04": [0, 0, 0],
						"1.56": [0, -0.8, -1],
						"2.04": [0, 0, 0]
					}
				},
				"rightfrontleg": {
					"rotation": {
						"0.0": [0, 0, 0],
						"0.52": [-10, 0, 0],
						"1.04": [0, 0, 0],
						"1.56": [15, 0, 0],
						"2.04": [0, 0, 0]
					},
					"position": {
						"0.0": [0, 0, 0],
						"0.52": [0, -0.8, -1],
						"1.04": [0, 0, 0],
						"1.56": [0, 1, 2],
						"2.04": [0, 0, 0]
					}
				},
				"backleftleg": {
					"rotation": {
						"0.0": [0, 0, 0],
						"0.52": [12.5, 0, 0],
						"1.04": [0, 0, 0],
						"1.56": [-12.5, 0, 0],
						"2.04": [0, 0, 0]
					},
					"position": {
						"0.0": [0, 0, 0],
						"0.52": [0, -1, 2],
						"1.04": [0, 0, 0],
						"1.56": [0, 1, -2],
						"2.04": [0, 0, 0]
					}
				},
				"backrightleg": {
					"rotation": {
						"0.0": [0, 0, 0],
						"0.52": [-12.5, 0, 0],
						"1.04": [0, 0, 0],
						"1.56": [12.5, 0, 0],
						"2.04": [0, 0, 0]
					},
					"position": {
						"0.0": [0, 0, 0],
						"0.52": [0, 1, -2],
						"1.04": [0, 0, 0],
						"1.56": [0, -1, 2],
						"2.04": [0, 0, 0]
					}
				}
			}
		},
		"animation.diplo.attack": {
			"loop": true,
			"animation_length": 1.52,
			"blend_weight": "0.3",
			"bones": {
				"body": {
					"rotation": {
						"0.0": [0, 0, 0],
						"0.76": [-22.5, 0, 0],
						"1.52": [0, 0, 0]
					},
					"position": {
						"0.0": [0, 0, 0],
						"0.76": [0, 3, -2],
						"1.52": [0, 0, 0]
					}
				},
				"neck1": {
					"rotation": {
						"0.0": [0, 0, 0],
						"0.76": [-5, 0, 0],
						"1.48": [0, 0, 0]
					},
					"position": {
						"0.0": [0, 0, 0],
						"0.76": [0, 4, 0],
						"1.48": [0, 0, 0]
					}
				},
				"neck2": {
					"rotation": {
						"0.0": [0, 0, 0],
						"0.76": [20, 0, 0],
						"1.48": [0, 0, 0]
					},
					"position": {
						"0.0": [0, 0, 0],
						"0.76": [0, 9, 2],
						"1.48": [0, 0, 0]
					}
				},
				"skull": {
					"rotation": {
						"0.0": [0, 0, 0],
						"0.76": [17.5, 0, 0],
						"1.48": [0, 0, 0]
					},
					"position": {
						"0.0": [0, 0, 0],
						"0.76": [0, 7.8, 1],
						"1.48": [0, 0, 0]
					}
				},
				"jaw": {
					"rotation": {
						"0.0": [0, 0, 0],
						"0.76": [30, 0, 0],
						"1.48": [0, 0, 0]
					},
					"position": {
						"0.0": [0, 0, 0],
						"0.24": [0, 4.2, 0.9],
						"0.4": [0, 7, 1.5],
						"0.76": [0, 13.5, 1.9],
						"1.12": [0, 6.5, 1.5],
						"1.28": [0, 3.61, 0.9],
						"1.48": [0, 0, 0]
					}
				},
				"leftfrontleg": {
					"rotation": {
						"0.0": [0, 0, 0],
						"0.76": [-12.5, 0, 0],
						"1.52": [0, 0, 0]
					},
					"position": {
						"0.0": [0, 0, 0],
						"0.76": [0, 3, -1],
						"1.52": [0, 0, 0]
					}
				},
				"rightfrontleg": {
					"rotation": {
						"0.0": [0, 0, 0],
						"0.76": [-12.5, 0, 0],
						"1.52": [0, 0, 0]
					},
					"position": {
						"0.0": [0, 0, 0],
						"0.76": [0, 3, -1],
						"1.52": [0, 0, 0]
					}
				}
			}
		}
	}
}