{
	"format_version": "1.8.0",
	"animations": {
		"animation.galli.setup": {
			"loop": true,
			"animation_length": 1.28,
			"blend_weight": "0.3",
			"bones": {
				"tail1": {
					"rotation": {
						"0.0": [0, 0, 0],
						"0.36": [0, 2.5, 0],
						"0.64": [0, 0, 0],
						"0.88": [0, -2.5, 0],
						"1.2": [0, 0, 0]
					}
				},
				"tail2": {
					"rotation": {
						"0.0": [0, 0, 0],
						"0.36": [0, 2.5, 0],
						"0.64": [0, 0, 0],
						"0.88": [0, -2.5, 0],
						"1.2": [0, 0, 0]
					}
				},
				"neck1": {
					"rotation": {
						"0.0": [0, 0, 0],
						"0.6": [5, 0, 0],
						"1.2": [0, 0, 0]
					}
				},
				"neck2": {
					"rotation": {
						"0.0": [0, 0, 0],
						"0.6": [5, 0, 0],
						"1.2": [0, 0, 0]
					}
				},
				"skull": {
					"rotation": {
						"0.0": [0, 0, 0],
						"0.6": [5, 0, 0],
						"1.16": [0, 0, 0]
					}
				},
				"jaw": {
					"rotation": {
						"0.0": [0, 0, 0],
						"0.6": [12.5, 0, 0],
						"1.16": [0, 0, 0]
					},
					"position": {
						"0.0": [0, 0, 0],
						"0.6": [0, 2, 2],
						"1.16": [0, 0, 0]
					}
				}
			}
		},
		"animation.galli.move": {
			"loop": true,
			"animation_length": 2.08,
			"blend_weight": "0.3",
			"bones": {
				"leftlegtop": {
					"rotation": {
						"0.0": [0, 0, 0],
						"0.52": [-15, 0, 0],
						"1.04": [0, 0, 0],
						"1.56": [12.5, 0, 0],
						"2.0": [0, 0, 0]
					},
					"position": {
						"0.0": [0, 0, 0],
						"0.52": [0, 1, -2],
						"1.04": [0, 0, 0],
						"1.56": [0, 0, 2],
						"2.0": [0, 0, 0]
					}
				},
				"righttopleg": {
					"rotation": {
						"0.0": [0, 0, 0],
						"0.52": [12.5, 0, 0],
						"1.04": [0, 0, 0],
						"1.56": [-15, 0, 0],
						"2.0": [0, 0, 0]
					},
					"position": {
						"0.0": [0, 0, 0],
						"0.52": [0, 0, 2],
						"1.04": [0, 0, 0],
						"1.56": [0, 1, -2],
						"2.0": [0, 0, 0]
					}
				},
				"leftlegbottom": {
					"rotation": {
						"0.0": [0, 0, 0],
						"0.52": [-10, 0, 0],
						"1.04": [0, 0, 0],
						"1.56": [20, 0, 0],
						"2.0": [0, 0, 0]
					},
					"position": {
						"0.0": [0, 0, 0],
						"0.52": [0, 1, -2],
						"1.04": [0, 0, 0],
						"1.56": [0, 0, 2],
						"2.0": [0, 0, 0]
					}
				},
				"rightlegbottom": {
					"rotation": {
						"0.0": [0, 0, 0],
						"0.52": [20, 0, 0],
						"1.04": [0, 0, 0],
						"1.56": [-10, 0, 0],
						"2.0": [0, 0, 0]
					},
					"position": {
						"0.0": [0, 0, 0],
						"0.52": [0, 0, 2],
						"1.04": [0, 0, 0],
						"1.56": [0, 1, -2],
						"2.0": [0, 0, 0]
					}
				}
			}
		}
	}
}