{
	"format_version": "1.8.0",
	"animations": {
		"animation.giga.setup": {
			"loop": true,
			"animation_length": 1.56,
			"blend_weight": "0.3",
			"bones": {
				"tail1": {
					"rotation": {
						"0.0": [0, 0, 0],
						"0.36": [0, 5, 0],
						"0.72": [0, 0, 0],
						"1.12": [0, -5, 0],
						"1.52": [0, 0, 0]
					}
				},
				"tail2": {
					"rotation": {
						"0.0": [0, 0, 0],
						"0.36": [0, 5, 0],
						"0.72": [0, 0, 0],
						"1.12": [0, -5, 0],
						"1.52": [0, 0, 0]
					}
				},
				"neck": {
					"rotation": {
						"0.0": [0, 0, 0],
						"0.72": [7.5, 0, 0],
						"1.52": [0, 0, 0]
					},
					"position": {
						"0.0": [0, 0, 0],
						"0.72": [0, 1, 1],
						"1.52": [0, 0, 0]
					}
				},
				"skull": {
					"rotation": {
						"0.0": [0, 0, 0],
						"0.72": [5, 0, 0],
						"1.52": [0, 0, 0]
					},
					"position": {
						"0.0": [0, 0, 0],
						"0.72": [0, 0.5, 1],
						"1.52": [0, 0, 0]
					}
				},
				"jaw": {
					"rotation": {
						"0.0": [0, 0, 0],
						"0.72": [5, 0, 0],
						"1.52": [0, 0, 0]
					},
					"position": {
						"0.0": [0, 0, 0],
						"0.72": [0, 0.5, 1],
						"1.52": [0, 0, 0]
					}
				}
			}
		},
		"animation.giga.move": {
			"loop": true,
			"animation_length": 1.56,
			"blend_weight": "0.3",
			"bones": {
				"tail1": {
					"rotation": {
						"0.0": [0, 0, 0],
						"0.4": [0, -5, 0],
						"0.76": [0, 0, 0],
						"1.16": [0, 5, 0],
						"1.52": [0, 0, 0]
					},
					"position": {
						"0.0": [0, 0, 0],
						"0.76": [0, 0, 0],
						"1.52": [0, 0, 0]
					}
				},
				"tail2": {
					"rotation": {
						"0.0": [0, 0, 0],
						"0.4": [0, -5, 0],
						"0.76": [0, 0, 0],
						"1.16": [0, 5, 0],
						"1.52": [0, 0, 0]
					}
				},
				"leftlegtop": {
					"rotation": {
						"0.0": [0, 0, 0],
						"0.4": [7.5, 0, 0],
						"0.76": [0, 0, 0],
						"1.16": [-10, 0, 0],
						"1.52": [0, 0, 0]
					},
					"position": {
						"0.0": [0, 0, 0],
						"0.4": [0, -1, 2],
						"0.76": [0, 0, 0],
						"1.16": [0, 1, -2],
						"1.52": [0, 0, 0]
					}
				},
				"righttopleg": {
					"rotation": {
						"0.0": [0, 0, 0],
						"0.4": [-10, 0, 0],
						"0.76": [0, 0, 0],
						"1.16": [7.5, 0, 0],
						"1.52": [0, 0, 0]
					},
					"position": {
						"0.0": [0, 0, 0],
						"0.4": [0, 1, -2],
						"0.76": [0, 0, 0],
						"1.16": [0, -1, 2],
						"1.52": [0, 0, 0]
					}
				},
				"leftbottomleg": {
					"rotation": {
						"0.0": [0, 0, 0],
						"0.4": [7.5, 0, 0],
						"0.76": [0, 0, 0],
						"1.16": [-5, 0, 0],
						"1.52": [0, 0, 0]
					},
					"position": {
						"0.0": [0, 0, 0],
						"0.4": [0, -0.5, 2],
						"0.76": [0, 0, 0],
						"1.16": [0, 0.5, -3],
						"1.52": [0, 0, 0]
					}
				},
				"rightbottomleg": {
					"rotation": {
						"0.0": [0, 0, 0],
						"0.4": [-5, 0, 0],
						"0.76": [0, 0, 0],
						"1.16": [7.5, 0, 0],
						"1.52": [0, 0, 0]
					},
					"position": {
						"0.0": [0, 0, 0],
						"0.4": [0, 0.5, -3],
						"0.76": [0, 0, 0],
						"1.16": [0, -0.5, 2],
						"1.52": [0, 0, 0]
					}
				}
			}
		},
		"animation.giga.attack": {
			"loop": true,
			"animation_length": 1.56,
			"blend_weight": "0.3",
			"bones": {
				"neck": {
					"rotation": {
						"0.0": [0, 0, 0],
						"0.76": [22.5, 0, 0],
						"1.52": [0, 0, 0]
					},
					"position": {
						"0.0": [0, 0, 0],
						"0.76": [0, 2, 2],
						"1.52": [0, 0, 0]
					}
				},
				"skull": {
					"rotation": {
						"0.0": [0, 0, 0],
						"0.76": [22.5, 0, 0],
						"1.52": [0, 0, 0]
					},
					"position": {
						"0.0": [0, 0, 0],
						"0.76": [0, 2, 2],
						"1.52": [0, 0, 0]
					}
				},
				"jaw": {
					"rotation": {
						"0.0": [0, 0, 0],
						"0.76": [55, 0, 0],
						"1.52": [0, 0, 0]
					},
					"position": {
						"0.0": [0, 0, 0],
						"0.2": [0, 2.11, 1.53],
						"0.44": [0, 4.63, 2.1],
						"0.6": [0, 6.32, 2.5],
						"0.76": [0, 8, 2],
						"0.92": [0, 6.32, 2.1],
						"1.16": [0, 3.79, 2.26],
						"1.52": [0, 0, 0]
					}
				}
			}
		}
	}
}