{
	"format_version": "1.8.0",
	"animations": {
		"animation.leaelly.setup": {
			"loop": true,
			"animation_length": 1.56,
			"blend_weight": "0.3",
			"bones": {
				"tail": {
					"rotation": {
						"0.0": [0, 0, 0],
						"0.36": [0, 5, 0],
						"0.76": [0, 0, 0],
						"1.16": [0, -5, 0],
						"1.52": [0, 0, 0]
					}
				},
				"neck": {
					"rotation": {
						"0.0": [0, 0, 0],
						"0.76": [12.5, 0, 0],
						"1.52": [0, 0, 0]
					},
					"position": {
						"0.0": [0, 0, 0],
						"0.76": [0, 1, 2],
						"1.52": [0, 0, 0]
					}
				},
				"skull": {
					"rotation": {
						"0.0": [0, 0, 0],
						"0.76": [2.5, 0, 0],
						"1.52": [0, 0, 0]
					},
					"position": {
						"0.0": [0, 0, 0],
						"0.76": [0, -0.5, 0],
						"1.52": [0, 0, 0]
					}
				},
				"jaw": {
					"rotation": {
						"0.0": [0, 0, 0],
						"0.76": [2.5, 0, 0],
						"1.52": [0, 0, 0]
					},
					"position": {
						"0.0": [0, 0, 0],
						"0.76": [0, -0.5, 0],
						"1.52": [0, 0, 0]
					}
				}
			}
		},
		"animation.leaelly.move": {
			"loop": true,
			"animation_length": 1.04,
			"blend_weight": "0.3",
			"bones": {
				"tail": {
					"rotation": {
						"0.0": [0, 0, 0],
						"0.28": [0, 7.5, 0],
						"0.52": [0, 0, 0],
						"0.76": [0, -7.5, 0],
						"1.0": [0, 0, 0]
					}
				},
				"leftleg": {
					"rotation": {
						"0.0": [0, 0, 0],
						"0.28": [-17.5, 0, 0],
						"0.52": [0, 0, 0],
						"0.76": [15, 0, 0],
						"1.0": [0, 0, 0]
					},
					"position": {
						"0.0": [0, 0, 0],
						"0.28": [0, 1, -1],
						"0.52": [0, 0, 0],
						"0.76": [0, 0, 2],
						"1.0": [0, 0, 0]
					}
				},
				"rightleg": {
					"rotation": {
						"0.0": [0, 0, 0],
						"0.28": [15, 0, 0],
						"0.52": [0, 0, 0],
						"0.76": [-17.5, 0, 0],
						"1.0": [0, 0, 0]
					},
					"position": {
						"0.0": [0, 0, 0],
						"0.28": [0, 0, 2],
						"0.52": [0, 0, 0],
						"0.76": [0, 1, -1],
						"1.0": [0, 0, 0]
					}
				}
			}
		}
	}
}