{
	"format_version": "1.8.0",
	"animations": {
		"animation.mosa.swim": {
			"loop": true,
			"animation_length": 2.08,
			"blend_weight": "0.3",
			"bones": {
				"tail1": {
					"rotation": {
						"0.0": [0, 0, 0],
						"0.52": [0, 5, 0],
						"1.04": [0, 0, 0],
						"1.56": [0, -5, 0],
						"2.04": [0, 0, 0]
					}
				},
				"tail2": {
					"rotation": {
						"0.0": [0, 0, 0],
						"0.24": [0, -10, 0],
						"0.52": [0, -5, 0],
						"0.76": [0, 10, 0],
						"1.04": [0, 5, 0],
						"1.28": [0, 10, 0],
						"1.56": [0, 2.5, 0],
						"1.76": [0, -12.5, 0],
						"2.04": [0, -10, 0]
					},
					"position": {
						"0.0": [0, 0, 0],
						"0.24": [3, 0, 0],
						"0.52": [2.3, 0, 0],
						"0.76": [-1.7, 0, 0],
						"1.04": [-0.9, 0, 0],
						"1.28": [-2.9, 0, 0],
						"1.56": [-1.9, 0, 0],
						"1.76": [2.1, 0, 0],
						"2.04": [2.1, 0, 0]
					}
				}
			}
		},
		"animation.mosa.attack": {
			"loop": true,
			"animation_length": 1.08,
			"blend_weight": "0.3",
			"bones": {
				"skull": {
					"rotation": [5, 0, 0],
					"position": [0, 0.5, 0]
				},
				"jaw": {
					"rotation": {
						"0.0": [5, 0, 0],
						"0.52": [25, 0, 0],
						"1.04": [5, 0, 0]
					},
					"position": {
						"0.0": [0, 0.5, 0],
						"0.52": [0, 3.5, 2],
						"1.04": [0, 0.5, 0]
					}
				},
				"neck": {
					"rotation": [5, 0, 0],
					"position": [0, 0.5, 0]
				}
			}
		}
	}
}