{
	"format_version": "1.8.0",
	"animations": {
		"animation.mutta.setup": {
			"loop": true,
			"animation_length": 1.56,
			"blend_weight": "0.3",
			"bones": {
				"tail": {
					"rotation": {
						"0.0": [0, 0, 0],
						"0.36": [0, 5, 0],
						"0.72": [0, 0, 0],
						"1.08": [0, -5, 0],
						"1.48": [0, 0, 0]
					}
				},
				"neck": {
					"rotation": {
						"0.0": [0, 0, 0],
						"0.72": [7.5, 0, 0],
						"1.48": [0, 0, 0]
					},
					"position": {
						"0.0": [0, 0, 0],
						"0.72": [0, 1, 1],
						"1.48": [0, 0, 0]
					}
				},
				"skull": {
					"rotation": {
						"0.0": [0, 0, 0],
						"0.72": [5, 0, 0],
						"1.48": [0, 0, 0]
					},
					"position": {
						"0.0": [0, 0, 0],
						"0.72": [0, 0.3, 0.8],
						"1.48": [0, 0, 0]
					}
				},
				"jaw": {
					"rotation": {
						"0.0": [0, 0, 0],
						"0.72": [5, 0, 0],
						"1.48": [0, 0, 0]
					},
					"position": {
						"0.0": [0, 0, 0],
						"0.72": [0, 0.4, 0.6],
						"1.48": [0, 0, 0]
					}
				}
			}
		},
		"animation.mutta.move": {
			"loop": true,
			"animation_length": 2.08,
			"blend_weight": "0.3",
			"bones": {
				"body": {
					"rotation": [-10, 0, 0],
					"position": [0, 2, -1.6]
				},
				"leftleg1": {
					"rotation": {
						"0.0": [0, 0, 0],
						"0.48": [-7.5, 0, 0],
						"1.04": [0, 0, 0],
						"1.56": [15, 0, 0],
						"2.04": [0, 0, 0]
					},
					"position": {
						"0.0": [0, 0, 0],
						"0.48": [0, 1, -1.1],
						"1.04": [0, 0, 0],
						"1.56": [0, 0, 1],
						"2.04": [0, 0, 0]
					}
				},
				"rightleg1": {
					"rotation": {
						"0.0": [0, 0, 0],
						"0.48": [15, 0, 0],
						"1.04": [0, 0, 0],
						"1.56": [-7.5, 0, 0],
						"2.04": [0, 0, 0]
					},
					"position": {
						"0.0": [0, 0, 0],
						"0.48": [0, 0, 1],
						"1.04": [0, 0, 0],
						"1.56": [0, 1, -1.1],
						"2.04": [0, 0, 0]
					}
				},
				"rightleg2": {
					"rotation": {
						"0.0": [0, 0, 0],
						"0.48": [-15, 0, 0],
						"1.04": [0, 0, 0],
						"1.56": [12.5, 0, 0],
						"2.04": [0, 0, 0]
					},
					"position": {
						"0.0": [0, 0, 0],
						"0.48": [0, 1, -1],
						"1.04": [0, 0, 0],
						"1.56": [0, 0, 1],
						"2.04": [0, 0, 0]
					}
				},
				"leftleg2": {
					"rotation": {
						"0.0": [0, 0, 0],
						"0.48": [12.5, 0, 0],
						"1.04": [0, 0, 0],
						"1.56": [-15, 0, 0],
						"2.04": [0, 0, 0]
					},
					"position": {
						"0.0": [0, 0, 0],
						"0.48": [0, 0, 1],
						"1.04": [0, 0, 0],
						"1.56": [0, 1, -1],
						"2.04": [0, 0, 0]
					}
				},
				"leftarm1": {
					"position": [0, 3, 0]
				},
				"rightarm1": {
					"position": [0, 3, 0]
				},
				"leftarm2": {
					"position": [0, 3, 0]
				},
				"rightarm2": {
					"position": [0, 3, 0]
				},
				"neck": {
					"rotation": [-15, 0, 0],
					"position": [0, 1, -1]
				},
				"skull": {
					"rotation": [5, 0, 0],
					"position": [0, 4.4, 2.3]
				},
				"jaw": {
					"rotation": [5, 0, 0],
					"position": [0, 4.4, 2]
				},
				"tail": {
					"position": [0, 1, 0]
				}
			}
		}
	}
}