{
	"format_version": "1.8.0",
	"animations": {
		"animation.orni.setup": {
			"loop": true,
			"animation_length": 1.4,
			"blend_weight": "0.3",
			"bones": {
				"tail": {
					"rotation": {
						"0.0": [0, 0, 0],
						"0.36": [0, 7.5, 0],
						"0.68": [0, 0, 0],
						"1.0": [0, -7.5, 0],
						"1.36": [0, 0, 0]
					}
				},
				"neck": {
					"rotation": {
						"0.0": [0, 0, 0],
						"0.68": [5, 0, 0],
						"1.36": [0, 0, 0]
					}
				},
				"skull": {
					"rotation": {
						"0.0": [0, 0, 0],
						"0.68": [5, 0, 0],
						"1.36": [0, 0, 0]
					}
				},
				"jaw": {
					"rotation": {
						"0.0": [0, 0, 0],
						"0.68": [5, 0, 0],
						"1.36": [0, 0, 0]
					}
				}
			}
		},
		"animation.orni.move": {
			"loop": true,
			"animation_length": 1.6,
			"blend_weight": "0.3",
			"bones": {
				"tail": {
					"rotation": {
						"0.0": [0, 0, 0],
						"0.4": [0, 5, 0],
						"0.76": [0, 0, 0],
						"1.16": [0, -5, 0],
						"1.56": [0, 0, 0]
					},
					"position": {
						"0.0": [0, 0, 0],
						"0.76": [0, 0, 0],
						"1.56": [0, 0, 0]
					}
				},
				"leftleg": {
					"rotation": {
						"0.0": [0, 0, 0],
						"0.4": [-12.5, 0, 0],
						"0.76": [0, 0, 0],
						"1.16": [20, 0, 0],
						"1.56": [0, 0, 0]
					},
					"position": {
						"0.0": [0, 0, 0],
						"0.4": [0, 1, -1],
						"0.76": [0, 0, 0],
						"1.16": [0, 0, 1],
						"1.56": [0, 0, 0]
					}
				},
				"rightleg": {
					"rotation": {
						"0.0": [0, 0, 0],
						"0.4": [20, 0, 0],
						"0.76": [0, 0, 0],
						"1.16": [-12.5, 0, 0],
						"1.56": [0, 0, 0]
					},
					"position": {
						"0.0": [0, 0, 0],
						"0.4": [0, 0, 1],
						"0.76": [0, 0, 0],
						"1.16": [0, 1, -1],
						"1.56": [0, 0, 0]
					}
				}
			}
		},
		"animation.orni.attack": {
			"loop": true,
			"animation_length": 1.6,
			"blend_weight": "0.3",
			"bones": {
				"neck": {
					"rotation": {
						"0.0": [0, 0, 0],
						"0.72": [7.5, 0, 0],
						"1.48": [0, 0, 0]
					},
					"position": [0, 0, 0]
				},
				"skull": {
					"rotation": {
						"0.0": [0, 0, 0],
						"0.72": [7.5, 0, 0],
						"1.48": [0, 0, 0]
					}
				},
				"jaw": {
					"rotation": {
						"0.0": [0, 0, 0],
						"0.72": [27.5, 0, 0],
						"1.48": [0, 0, 0]
					},
					"position": {
						"0.0": [0, 0, 0],
						"0.36": [0, 1.25, 0.6],
						"0.72": [0, 2.5, 1],
						"1.08": [0, 1.32, 0.7],
						"1.48": [0, 0, 0]
					}
				}
			}
		}
	}
}