{
	"format_version": "1.8.0",
	"animations": {
		"animation.segno.setup": {
			"loop": true,
			"animation_length": 1.08,
			"override_previous_animation": true,
			"blend_weight": "0.3",
			"bones": {
				"tail": {
					"rotation": {
						"0.0": [0, 0, 0],
						"0.28": [0, 2.5, 0],
						"0.52": [0, 0, 0],
						"0.8": [0, -2.5, 0],
						"1.04": [0, 0, 0]
					}
				},
				"neck": {
					"rotation": {
						"0.0": [0, 0, 0],
						"0.52": [7.5, 0, 0],
						"1.04": [0, 0, 0]
					},
					"position": {
						"0.0": [0, 0, 0],
						"0.52": [0, 0.4, 1],
						"1.04": [0, 0, 0]
					}
				},
				"skull": {
					"rotation": {
						"0.0": [0, 0, 0],
						"0.52": [7.5, 0, 0],
						"1.04": [0, 0, 0]
					},
					"position": {
						"0.0": [0, 0, 0],
						"0.52": [0, 0.4, 1],
						"1.04": [0, 0, 0]
					}
				},
				"jaw": {
					"rotation": {
						"0.0": [0, 0, 0],
						"0.52": [10, 0, 0],
						"1.04": [0, 0, 0]
					},
					"position": {
						"0.0": [0, 0, 0],
						"0.52": [0, 1, 2],
						"1.04": [0, 0, 0]
					}
				}
			}
		},
		"animation.segno.move": {
			"loop": true,
			"animation_length": 1.56,
			"blend_weight": "0.3",
			"bones": {
				"tail": {
					"rotation": {
						"0.0": [0, 0, 0],
						"0.4": [0, -7.5, 0],
						"0.8": [0, 0, 0],
						"1.16": [0, 7.5, 0],
						"1.52": [0, 0, 0]
					},
					"position": {
						"0.0": [0, 0, 0],
						"0.8": [0, 0, 0],
						"1.52": [0, 0, 0]
					}
				},
				"rightleg": {
					"rotation": {
						"0.0": [0, 0, 0],
						"0.4": [-12.5, 0, 0],
						"0.8": [0, 0, 0],
						"1.16": [10, 0, 0],
						"1.52": [0, 0, 0]
					},
					"position": {
						"0.0": [0, 0, 0],
						"0.4": [0, 1, -2],
						"0.8": [0, 0, 0],
						"1.16": [0, 0, 2],
						"1.52": [0, 0, 0]
					}
				},
				"leftleg": {
					"rotation": {
						"0.0": [0, 0, 0],
						"0.4": [10, 0, 0],
						"0.8": [0, 0, 0],
						"1.16": [-12.5, 0, 0],
						"1.52": [0, 0, 0]
					},
					"position": {
						"0.0": [0, 0, 0],
						"0.4": [0, 0, 2],
						"0.8": [0, 0, 0],
						"1.16": [0, 1, -2],
						"1.52": [0, 0, 0]
					}
				}
			}
		},
		"animation.segno.attack": {
			"loop": true,
			"animation_length": 1.08,
			"blend_weight": "0.3",
			"bones": {
				"neck": {
					"rotation": {
						"0.0": [0, 0, 0],
						"0.52": [5, 0, 0],
						"1.04": [0, 0, 0]
					},
					"position": {
						"0.0": [0, 0, 0],
						"0.52": [0, 0, 1],
						"1.04": [0, 0, 0]
					}
				},
				"skull": {
					"rotation": {
						"0.0": [0, 0, 0],
						"0.52": [5, 0, 0],
						"1.04": [0, 0, 0]
					},
					"position": {
						"0.0": [0, 0, 0],
						"0.52": [0, 0, 1],
						"1.04": [0, 0, 0]
					}
				},
				"jaw": {
					"rotation": {
						"0.0": [0, 0, 0],
						"0.52": [22.5, 0, 0],
						"1.04": [0, 0, 0]
					},
					"position": {
						"0.0": [0, 0, 0],
						"0.52": [0, 5, 5.5],
						"1.04": [0, 0, 0]
					}
				},
				"leftarm": {
					"rotation": {
						"0.0": [0, 0, 0],
						"0.56": [-25, 0, 0],
						"1.08": [0, 0, 0]
					},
					"position": {
						"0.0": [0, 0, 0],
						"0.56": [0, 0, -4],
						"1.08": [0, 0, 0]
					}
				},
				"rightarm": {
					"rotation": {
						"0.0": [0, 0, 0],
						"0.56": [-25, 0, 0],
						"1.08": [0, 0, 0]
					},
					"position": {
						"0.0": [0, 0, 0],
						"0.56": [0, 0, -4],
						"1.08": [0, 0, 0]
					}
				}
			}
		}
	}
}