{
	"format_version": "1.8.0",
	"animations": {
		"animation.zuul.setup": {
			"loop": true,
			"animation_length": 1.36,
			"blend_weight": "0.3",
			"bones": {
				"tail": {
					"rotation": {
						"0.0": [0, 0, 0],
						"0.32": [0, 5, 0],
						"0.64": [0, 0, 0],
						"0.96": [0, -5, 0],
						"1.28": [0, 0, 0]
					}
				},
				"neck": {
					"rotation": {
						"0.0": [0, 0, 0],
						"0.64": [5, 0, 0],
						"1.32": [0, 0, 0]
					},
					"position": {
						"0.0": [0, 0, 0],
						"0.64": [0, 0.5, 0],
						"1.32": [0, 0, 0]
					}
				},
				"skull": {
					"rotation": {
						"0.0": [0, 0, 0],
						"0.64": [5, 0, 0],
						"1.32": [0, 0, 0]
					},
					"position": {
						"0.0": [0, 0, 0],
						"0.64": [0, 0.5, 0],
						"1.32": [0, 0, 0]
					}
				},
				"jaw": {
					"rotation": {
						"0.0": [0, 0, 0],
						"0.64": [5, 0, 0],
						"1.32": [0, 0, 0]
					},
					"position": {
						"0.0": [0, 0, 0],
						"0.64": [0, 0.5, 0],
						"1.32": [0, 0, 0]
					}
				}
			}
		},
		"animation.zuul.move": {
			"loop": true,
			"animation_length": 1.56,
			"blend_weight": "0.3",
			"bones": {
				"tail": {
					"rotation": {
						"0.0": [0, 0, 0],
						"0.36": [0, 10, 0],
						"0.76": [0, 0, 0],
						"1.12": [0, -10, 0],
						"1.52": [0, 0, 0]
					}
				},
				"frontlegleg": {
					"rotation": {
						"0.0": [0, 0, 0],
						"0.36": [7.5, 0, 0],
						"0.76": [0, 0, 0],
						"1.12": [-7.5, 0, 0],
						"1.52": [0, 0, 0]
					},
					"position": {
						"0.0": [0, 0, 0],
						"0.36": [0, 0.5, 1],
						"0.76": [0, 0, 0],
						"1.12": [0, -0.5, -1],
						"1.52": [0, 0, 0]
					}
				},
				"frontrightleg": {
					"rotation": {
						"0.0": [0, 0, 0],
						"0.36": [-7.5, 0, 0],
						"0.76": [0, 0, 0],
						"1.12": [7.5, 0, 0],
						"1.52": [0, 0, 0]
					},
					"position": {
						"0.0": [0, 0, 0],
						"0.36": [0, -0.5, -1],
						"0.76": [0, 0, 0],
						"1.12": [0, 0.5, 1],
						"1.52": [0, 0, 0]
					}
				},
				"backrightleg": {
					"rotation": {
						"0.0": [0, 0, 0],
						"0.36": [7.5, 0, 0],
						"0.76": [0, 0, 0],
						"1.12": [-12.5, 0, 0],
						"1.52": [0, 0, 0]
					},
					"position": {
						"0.0": [0, 0, 0],
						"0.36": [0, -0.4, 1],
						"0.76": [0, 0, 0],
						"1.12": [0, 1, -1],
						"1.52": [0, 0, 0]
					}
				},
				"backleftleg": {
					"rotation": {
						"0.0": [0, 0, 0],
						"0.36": [-12.5, 0, 0],
						"0.76": [0, 0, 0],
						"1.12": [7.5, 0, 0],
						"1.52": [0, 0, 0]
					},
					"position": {
						"0.0": [0, 0, 0],
						"0.36": [0, 1, -1],
						"0.76": [0, 0, 0],
						"1.12": [0, -0.4, 1],
						"1.52": [0, 0, 0]
					}
				}
			}
		},
		"animation.zuul.attack": {
			"loop": true,
			"animation_length": 2.08,
			"blend_weight": "0.3",
			"bones": {
				"body": {
					"rotation": {
						"0.0": [0, 0, 0],
						"0.52": [0, 77.28, 0],
						"1.0": [0, 157.37, 0],
						"1.56": [0, 285.13, 0],
						"2.04": [0, 360, 0]
					}
				},
				"tail": {
					"rotation": {
						"0.0": [0, 0, 0],
						"0.52": [0, 35, 0],
						"1.0": [0, 115, 0],
						"1.56": [0, 247.5, 0],
						"2.04": [0, 360, 0]
					},
					"position": {
						"0.0": [0, 0, 0],
						"0.52": [2, 0, -3],
						"1.0": [-3, 0, -3],
						"1.32": [-3.29, 0, 1.43],
						"1.56": [0, 0, 3],
						"2.04": [0, 0, 0]
					}
				},
				"neck": {
					"rotation": {
						"0.0": [0, 0, 0],
						"0.52": [0, 45, 0],
						"1.0": [0, 157.5, 0],
						"1.56": [0, 285, 0],
						"2.04": [0, 360, 0]
					},
					"position": {
						"0.0": [0, 0, 0],
						"0.52": [-2, 0, 2],
						"0.64": [-0.5, 0, 1.5],
						"1.0": [0, 0, 0]
					}
				},
				"skull": {
					"rotation": {
						"0.0": [0, 0, 0],
						"0.52": [0, 30, 0],
						"1.0": [0, 157.5, 0],
						"1.56": [0, 285, 0],
						"2.04": [0, 360, 0]
					},
					"position": {
						"0.0": [0, 0, 0],
						"0.52": [-4, 0, 3],
						"0.64": [-1.25, 0, 3],
						"0.68": [-1.67, 0, 3],
						"1.0": [0, 0, 0]
					}
				},
				"jaw": {
					"rotation": {
						"0.0": [0, 0, 0],
						"0.32": [0, 17.69, 0],
						"0.64": [0, 54.62, 0],
						"0.84": [0, 115.83, 0],
						"1.0": [0, 157.5, 0],
						"1.56": [0, 285, 0],
						"2.04": [0, 360, 0]
					},
					"position": {
						"0.0": [0, 0, 0],
						"0.32": [-3, 0, 2],
						"0.48": [-3, 0, 2],
						"0.64": [-2, 0, 4],
						"0.84": [-1, 0, 2],
						"1.0": [0, 0, 0]
					}
				},
				"frontlegleg": {
					"rotation": {
						"0.0": [0, 0, 0],
						"0.52": [0, 77.5, 0],
						"1.0": [0, 157.5, 0],
						"1.56": [0, 285, 0],
						"2.04": [0, 360, 0]
					}
				},
				"frontrightleg": {
					"rotation": {
						"0.0": [0, 0, 0],
						"0.52": [0, 80, 0],
						"1.0": [0, 160, 0],
						"1.56": [0, 290, 0],
						"2.04": [0, 360, 0]
					}
				},
				"backrightleg": {
					"rotation": {
						"0.0": [0, 0, 0],
						"0.52": [0, 77.5, 0],
						"1.0": [0, 152.5, 0],
						"1.56": [0, 285, 0],
						"2.04": [0, 360, 0]
					}
				},
				"backleftleg": {
					"rotation": {
						"0.0": [0, 0, 0],
						"0.52": [0, 80, 0],
						"1.0": [0, 155, 0],
						"1.56": [0, 290, 0],
						"2.04": [0, 360, 0]
					}
				}
			}
		}
	}
}