{
  "format_version": "1.10",
  "minecraft:entity": {
    "description": {
      "identifier": "minecraft:player",
      "is_spawnable": false,
      "is_summonable": false,
      "is_experimental": false,
      "scripts": {
        "animate": [
          "walk",
          "jurassic:bone_boots",
          "jurassic:bone_helmet",
          "jurassic:bone_chestplate",
          "jurassic:wing_suit",
          "jurassic:bone_leggings"
        ]
      },
      "animations": {
        "walk": "controller.animation.walk",
        "jurassic:bone_boots": "controller.animation.jurassic_bone_boots",
        "jurassic:bone_helmet": "controller.animation.jurassic_bone_helmet",
        "jurassic:bone_chestplate": "controller.animation.jurassic_bone_chestplate",
        "jurassic:wing_suit": "controller.animation.jurassic_wing_suit",
        "jurassic:bone_leggings": "controller.animation.jurassic_bone_leggings"
      }
    },
    "component_groups": {
      "pamobile:respawn": {
        "minecraft:mark_variant": {
          "value": 99999
        },
        "minecraft:health": {
          "value": 20,
          "max": 20
        },
        "minecraft:movement": {
          "value": 0.1
        },
        "minecraft:attack": {
          "damage": 1
        },
        "minecraft:spell_effects": {
          "remove_effects": [
            "jump_boost",
            "slow_falling"
          ]
        }
      },
      "ammo:1": {
        "minecraft:mark_variant": {
          "value": 1
        }
      },
      "jurassic:toothspear": {
        "minecraft:health": {
          "value": 20,
          "max": 20
        },
        "minecraft:movement": {
          "value": 0.1
        },
        "minecraft:spell_effects": {
          "add_effects": []
        }
      },
      "jurassic:fossil_toothspear": {
        "minecraft:health": {
          "value": 20,
          "max": 20
        },
        "minecraft:movement": {
          "value": 0.1
        },
        "minecraft:spell_effects": {
          "add_effects": []
        }
      },
      "jurassic:frozen_dodo": {
        "minecraft:health": {
          "value": 20,
          "max": 20
        },
        "minecraft:movement": {
          "value": 0.1
        },
        "minecraft:spell_effects": {
          "add_effects": []
        }
      },
      "jurassic:thagomizer_sword": {
        "minecraft:health": {
          "value": 20,
          "max": 20
        },
        "minecraft:movement": {
          "value": 0.1
        },
        "minecraft:spell_effects": {
          "add_effects": []
        }
      },
      "jurassic:sickle_sword": {
        "minecraft:health": {
          "value": 20,
          "max": 20
        },
        "minecraft:movement": {
          "value": 0.1
        },
        "minecraft:spell_effects": {
          "add_effects": []
        }
      },
      "jurassic:fossil_sickle_sword": {
        "minecraft:health": {
          "value": 20,
          "max": 20
        },
        "minecraft:movement": {
          "value": 0.1
        },
        "minecraft:spell_effects": {
          "add_effects": []
        }
      },
      "jurassic:fossilthagomizer_sword": {
        "minecraft:health": {
          "value": 20,
          "max": 20
        },
        "minecraft:movement": {
          "value": 0.1
        },
        "minecraft:spell_effects": {
          "add_effects": []
        }
      },
      "jurassic:fossil_horn_sword": {
        "minecraft:health": {
          "value": 20,
          "max": 20
        },
        "minecraft:movement": {
          "value": 0.1
        },
        "minecraft:spell_effects": {
          "add_effects": []
        }
      },
      "jurassic:horn_sword": {
        "minecraft:health": {
          "value": 20,
          "max": 20
        },
        "minecraft:movement": {
          "value": 0.1
        },
        "minecraft:spell_effects": {
          "add_effects": []
        }
      },
      "jurassic:sabre_knife": {
        "minecraft:health": {
          "value": 20,
          "max": 20
        },
        "minecraft:movement": {
          "value": 0.1
        },
        "minecraft:spell_effects": {
          "add_effects": []
        }
      },
      "jurassic:fossil_sabre_knife": {
        "minecraft:health": {
          "value": 20,
          "max": 20
        },
        "minecraft:movement": {
          "value": 0.1
        },
        "minecraft:spell_effects": {
          "add_effects": []
        }
      },
      "jurassic:bone_boots_event_play": {
        "minecraft:health": {
          "value": 20,
          "max": 20
        },
        "minecraft:movement": {
          "value": 0.1
        },
        "minecraft:spell_effects": {
          "add_effects": []
        }
      },
      "jurassic:bone_helmet_event_play": {
        "minecraft:health": {
          "value": 20,
          "max": 20
        },
        "minecraft:movement": {
          "value": 0.1
        },
        "minecraft:spell_effects": {
          "add_effects": []
        }
      },
      "jurassic:bone_chestplate_event_play": {
        "minecraft:health": {
          "value": 20,
          "max": 20
        },
        "minecraft:movement": {
          "value": 0.1
        },
        "minecraft:spell_effects": {
          "add_effects": []
        }
      },
      "jurassic:wing_suit_event_play": {
        "minecraft:health": {
          "value": 20,
          "max": 20
        },
        "minecraft:movement": {
          "value": 0.9
        },
        "minecraft:spell_effects": {
          "add_effects": [
            {
                
              "effect": "slow_falling",
              "duration": 60000,
              "amplifier": 6,
              "display_on_screen_animation": false
            }
          ]
        }
      },
      "jurassic:wing_suit_event_hold": {
          "minecraft:health": {
              "value": 20,
              "max": 20
          },
          "minecraft:movement": {
              "value": 0.1
          },
          "minecraft:spell_effects": {
              "remove_effects": [
                "slow_falling"
            ]
          }
      },
      "jurassic:bone_leggings_event_play": {
        "minecraft:health": {
          "value": 20,
          "max": 20
        },
        "minecraft:movement": {
          "value": 0.1
        },
        "minecraft:spell_effects": {
          "add_effects": []
        }
      }
    },
    "components": {
      "minecraft:type_family": {
        "family": [
          "player"
        ]
      },
      "minecraft:loot": {
        "table": "loot_tables/empty.json"
      },
      "minecraft:collision_box": {
        "width": 0.6,
        "height": 1.8
      },
      "minecraft:can_climb": {},
      "minecraft:movement": {
        "value": 0.1
      },
      "minecraft:environment_sensor": [
        {
          "on_environment": {
            "filters": {
              "any_of": [
                {
                  "test": "is_family",
                  "subject": "self",
                  "value": "player"
                }
              ]
            },
            "event": "pamobile:refresh_player"
          }
        },
        {
          "on_environment": {
            "filters": {
              "all_of": [
                {
                  "test": "has_equipment",
                  "subject": "self",
                  "domain": "hand",
                  "value": "jurassic:toothspear"
                }
              ]
            },
            "event": "jurassic:toothspear_event"
          }
        },
        {
          "on_environment": {
            "filters": {
              "all_of": [
                {
                  "test": "has_equipment",
                  "subject": "self",
                  "domain": "hand",
                  "value": "jurassic:fossil_toothspear"
                }
              ]
            },
            "event": "jurassic:fossil_toothspear_event"
          }
        },
        {
          "on_environment": {
            "filters": {
              "all_of": [
                {
                  "test": "has_equipment",
                  "subject": "self",
                  "domain": "hand",
                  "value": "jurassic:frozen_dodo"
                }
              ]
            },
            "event": "jurassic:frozen_dodo_event"
          }
        },
        {
          "on_environment": {
            "filters": {
              "all_of": [
                {
                  "test": "has_equipment",
                  "subject": "self",
                  "domain": "hand",
                  "value": "jurassic:thagomizer_sword"
                }
              ]
            },
            "event": "jurassic:thagomizer_sword_event"
          }
        },
        {
          "on_environment": {
            "filters": {
              "all_of": [
                {
                  "test": "has_equipment",
                  "subject": "self",
                  "domain": "hand",
                  "value": "jurassic:sickle_sword"
                }
              ]
            },
            "event": "jurassic:sickle_sword_event"
          }
        },
        {
          "on_environment": {
            "filters": {
              "all_of": [
                {
                  "test": "has_equipment",
                  "subject": "self",
                  "domain": "hand",
                  "value": "jurassic:fossil_sickle_sword"
                }
              ]
            },
            "event": "jurassic:fossil_sickle_sword_event"
          }
        },
        {
          "on_environment": {
            "filters": {
              "all_of": [
                {
                  "test": "has_equipment",
                  "subject": "self",
                  "domain": "hand",
                  "value": "jurassic:fossil_thagomiser_sword"
                }
              ]
            },
            "event": "jurassic:fossil_thagomiser_sword_event"
          }
        },
        {
          "on_environment": {
            "filters": {
              "all_of": [
                {
                  "test": "has_equipment",
                  "subject": "self",
                  "domain": "hand",
                  "value": "jurassic:fossil_horn_sword"
                }
              ]
            },
            "event": "jurassic:fossil_horn_sword_event"
          }
        },
        {
          "on_environment": {
            "filters": {
              "all_of": [
                {
                  "test": "has_equipment",
                  "subject": "self",
                  "domain": "hand",
                  "value": "jurassic:horn_sword"
                }
              ]
            },
            "event": "jurassic:horn_sword_event"
          }
        },
        {
          "on_environment": {
            "filters": {
              "all_of": [
                {
                  "test": "has_equipment",
                  "subject": "self",
                  "domain": "hand",
                  "value": "jurassic:sabre_knife"
                }
              ]
            },
            "event": "jurassic:sabre_knife_event"
          }
        },
        {
          "on_environment": {
            "filters": {
              "all_of": [
                {
                  "test": "has_equipment",
                  "subject": "self",
                  "domain": "hand",
                  "value": "jurassic:fossil_sabre_knife"
                }
              ]
            },
            "event": "jurassic:fossil_sabre_knife_event"
          }
        },
        {
          "on_environment": {
            "filters": {
              "all_of": [
                {
                  "test": "has_equipment",
                  "subject": "self",
                  "domain": "hand",
                  "value": "jurassic:bone_boots"
                }
              ]
            },
            "event": "jurassic:bone_boots_event_hold"
          }
        },
        {
          "on_environment": {
            "filters": {
              "all_of": [
                {
                  "test": "has_equipment",
                  "subject": "self",
                  "domain": "head",
                  "value": "jurassic:bone_boots"
                }
              ]
            },
            "event": "jurassic:bone_boots_event_play"
          }
        },
        {
          "on_environment": {
            "filters": {
              "all_of": [
                {
                  "test": "has_equipment",
                  "subject": "self",
                  "domain": "hand",
                  "value": "jurassic:bone_helmet"
                }
              ]
            },
            "event": "jurassic:bone_helmet_event_hold"
          }
        },
        {
          "on_environment": {
            "filters": {
              "all_of": [
                {
                  "test": "has_equipment",
                  "subject": "self",
                  "domain": "head",
                  "value": "jurassic:bone_helmet"
                }
              ]
            },
            "event": "jurassic:bone_helmet_event_play"
          }
        },
        {
          "on_environment": {
            "filters": {
              "all_of": [
                {
                  "test": "has_equipment",
                  "subject": "self",
                  "domain": "hand",
                  "value": "jurassic:bone_chestplate"
                }
              ]
            },
            "event": "jurassic:bone_chestplate_event_hold"
          }
        },
        {
          "on_environment": {
            "filters": {
              "all_of": [
                {
                  "test": "has_equipment",
                  "subject": "self",
                  "domain": "head",
                  "value": "jurassic:bone_chestplate"
                }
              ]
            },
            "event": "jurassic:bone_chestplate_event_play"
          }
        },
        {
          "on_environment": {
            "filters": {
              "all_of": [
                {
                  "test": "has_equipment",
                  "subject": "self",
                  "domain": "torso",
                  "operator": "!=",
                  "value": "jurassic:wing_suit"
                }
              ]
            },
            "event": "jurassic:wing_suit_event_hold"
          }
        },
        {
          "on_environment": {
            "filters": {
              "all_of": [
                {
                  "test": "has_equipment",
                  "subject": "self",
                  "domain": "torso",
                  "operator": "==",
                  "value": "jurassic:wing_suit"
                }
              ]
            },
            "event": "jurassic:wing_suit_event_play"
          }
        },
        {
          "on_environment": {
            "filters": {
              "all_of": [
                {
                  "test": "has_equipment",
                  "subject": "self",
                  "domain": "hand",
                  "value": "jurassic:bone_leggings"
                }
              ]
            },
            "event": "jurassic:bone_leggings_event_hold"
          }
        },
        {
          "on_environment": {
            "filters": {
              "all_of": [
                {
                  "test": "has_equipment",
                  "subject": "self",
                  "domain": "head",
                  "value": "jurassic:bone_leggings"
                }
              ]
            },
            "event": "jurassic:bone_leggings_event_play"
          }
        }
      ],
      "minecraft:player.saturation": {
        "value": 20
      },
      "minecraft:player.exhaustion": {
        "value": 0,
        "max": 4
      },
      "minecraft:player.level": {
        "value": 0,
        "max": 24791
      },
      "minecraft:player.experience": {
        "value": 0,
        "max": 1
      },
      "minecraft:breathable": {
        "totalSupply": 15,
        "suffocateTime": -1,
        "inhaleTime": 3.75,
        "generatesBubbles": false
      },
      "minecraft:nameable": {
        "alwaysShow": true,
        "allowNameTagRenaming": false
      },
      "minecraft:physics": {},
      "minecraft:insomnia": {
        "days_until_insomnia": 3
      },
      "minecraft:rideable": {
        "seat_count": 2,
        "family_types": [
          "parrot_tame",
          "pteran_baby"
        ],
        "pull_in_entities": true,
        "seats": [
          {
            "position": [
              0.4,
              -0.15,
              0.04
            ],
            "min_rider_count": 0,
            "max_rider_count": 0,
            "lock_rider_rotation": 0
          },
          {
            "position": [
              -0.4,
              -0.15,
              0.04
            ],
            "min_rider_count": 1,
            "max_rider_count": 2,
            "lock_rider_rotation": 0
          }
        ]
      },
      "minecraft:scaffolding_climber": {}
    },
    "events": {
      "pamobile:refresh_player": {
        "add": {
          "component_groups": [
            "pamobile:respawn"
          ]
        },
        "remove": {
          "component_groups": [
            "jurassic:toothspear",
            "jurassic:fossil_toothspear",
            "jurassic:frozen_dodo",
            "jurassic:thagomizer_sword",
            "jurassic:sickle_sword",
            "jurassic:fossil_sickle_sword",
            "jurassic:fossil_thagomiser_sword",
            "jurassic:fossil_horn_sword",
            "jurassic:horn_sword",
            "jurassic:sabre_knife",
            "jurassic:fossil_sabre_knife",
            "jurassic:bone_boots_event_hold",
            "jurassic:bone_boots_event_play",
            "jurassic:bone_helmet_event_hold",
            "jurassic:bone_helmet_event_play",
            "jurassic:bone_chestplate_event_hold",
            "jurassic:bone_chestplate_event_play",
            "jurassic:wing_suit_event_hold",
            "jurassic:wing_suit_event_play",
            "jurassic:bone_leggings_event_hold",
            "jurassic:bone_leggings_event_play"
          ]
        }
      },
      "minecraft:entity_spawned": {
        "add": {
          "component_groups": [
            "pamobile:respawn"
          ]
        },
        "remove": {}
      },
      "ammo:1": {
        "remove": {
          "component_groups": [
            "ammo:1"
          ]
        },
        "add": {
          "component_groups": [
            "ammo:1"
          ]
        }
      },
      "ammo:2": {
        "remove": {
          "component_groups": [
            "ammo:2"
          ]
        },
        "add": {
          "component_groups": [
            "ammo:2"
          ]
        }
      },
      "jurassic:toothspear_event": {
        "add": {
          "component_groups": [
            "jurassic:toothspear"
          ]
        }
      },
      "jurassic:fossil_toothspear_event": {
        "add": {
          "component_groups": [
            "jurassic:fossil_toothspear"
          ]
        }
      },
      "jurassic:frozen_dodo_event": {
        "add": {
          "component_groups": [
            "jurassic:frozen_dodo"
          ]
        }
      },
      "jurassic:thagomizer_sword_event": {
        "add": {
          "component_groups": [
            "jurassic:thagomizer_sword"
          ]
        }
      },
      "jurassic:sickle_sword_event": {
        "add": {
          "component_groups": [
            "jurassic:sickle_sword"
          ]
        }
      },
      "jurassic:fossil_sickle_sword_event": {
        "add": {
          "component_groups": [
            "jurassic:fossil_sickle_sword"
          ]
        }
      },
      "jurassic:fossil_thagomiser_sword_event": {
        "add": {
          "component_groups": [
            "jurassic:fossil_thagomiser_sword"
          ]
        }
      },
      "jurassic:fossil_horn_sword_event": {
        "add": {
          "component_groups": [
            "jurassic:fossil_horn_sword"
          ]
        }
      },
      "jurassic:horn_sword_event": {
        "add": {
          "component_groups": [
            "jurassic:horn_sword"
          ]
        }
      },
      "jurassic:sabre_knife_event": {
        "add": {
          "component_groups": [
            "jurassic:sabre_knife"
          ]
        }
      },
      "jurassic:fossil_sabre_knife_event": {
        "add": {
          "component_groups": [
            "jurassic:fossil_sabre_knife"
          ]
        }
      },
      "jurassic:bone_boots_event_hold": {
        "add": {
          "component_groups": [
            "jurassic:bone_boots_event_hold"
          ]
        }
      },
      "jurassic:bone_boots_event_play": {
        "add": {
          "component_groups": [
            "jurassic:bone_boots_event_play"
          ]
        }
      },
      "jurassic:bone_helmet_event_hold": {
        "add": {
          "component_groups": [
            "jurassic:bone_helmet_event_hold"
          ]
        }
      },
      "jurassic:bone_helmet_event_play": {
        "add": {
          "component_groups": [
            "jurassic:bone_helmet_event_play"
          ]
        }
      },
      "jurassic:bone_chestplate_event_hold": {
        "add": {
          "component_groups": [
            "jurassic:bone_chestplate_event_hold"
          ]
        }
      },
      "jurassic:bone_chestplate_event_play": {
        "add": {
          "component_groups": [
            "jurassic:bone_chestplate_event_play"
          ]
        }
      },
      "jurassic:wing_suit_event_hold": {
        "add": {
          "component_groups": [
            "jurassic:wing_suit_event_hold"
          ]
        },
        "remove": {
            "component_groups": [ "jurassic:wing_suit_event_play"
            ]
        }
      },
      "jurassic:wing_suit_event_play": {
        "add": {
          "component_groups": [
            "jurassic:wing_suit_event_play"
          ]
        },
        "remove": {
            "component_groups": [
                "jurassic:wing_suit_event_hold"]
        }
      },
      "jurassic:bone_leggings_event_hold": {
        "add": {
          "component_groups": [
            "jurassic:bone_leggings_event_hold"
          ]
        }
      },
      "jurassic:bone_leggings_event_play": {
        "add": {
          "component_groups": [
            "jurassic:bone_leggings_event_play"
          ]
        }
      }
    }
  }
}