{
  "format_version": "1.8.0",
  "minecraft:entity": {
    "description": {
      "identifier": "di:apato",
      "is_spawnable": true,
      "is_summonable": true,
      "is_experimental": true
    },

    "component_groups": {
     "minecraft:adult": {
        "minecraft:variant": {
          "value": 0
        }
      },
      "minecraft:baby": {
        "minecraft:variant": {
          "value": 0
        }
      },
      "minecraft:di:apato": {
        "minecraft:loot": {
          "table": ""
        },
        "minecraft:knockback_resistance": {
          "value": 0.75
        }
      },
      "minecraft:apato": {
        "minecraft:scale": {
          "value": 7.1
        },
        "minecraft:type_family": {
          "family": [ "herbivore" ]
        },
        "minecraft:navigation.generic": {
          "can_path_over_water": false,
          "avoid_damage_blocks": true
        },
        "minecraft:attack": {
          "damage": {
            "range_min": 50,
            "range_max": 50
          }
        },
	    "minecraft:health": {
          "value": 320,
          "max": 320
        },
	    "minecraft:behavior.nearest_attackable_target": {
          "priority": 1,
          "within_radius": 26,
          "entity_types": [
            {
              "filters": { "other_with_families": [ "zombie", "carnivore", "monster"] },
              "max_dist": 26
            }
          ],
          "must_see": true
        },
        "minecraft:on_hurt_by_player": {},
		"minecraft:behavior.random_stroll": {
          "priority": 5,
          "speed_multiplier": 0.7
        },
        "minecraft:behavior.hurt_by_target": {
          "priority": 2
        }
      }
	},
    "components": {
      "minecraft:nameable": {},
      "minecraft:type_family": {
        "family": [ "herbivore" ]
      },
	  "minecraft:movement": {
        "value": 0.4
      },
      "minecraft:movement.generic": {},
      "minecraft:jump.static": {},
      "minecraft:navigation.generic": {},
        "can_path_over_water": false,
        "can_walk": true,
        "avoid_damage_blocks": true,
      "minecraft:behavior.delayed_attack": {
        "priority": 0.4,
        "speed_multiplier": 0.6,
        "reach_multiplier": 1.5,
        "attack_duration": 1,
        "hit_delay_pct": 0.6,
        "track_target": true,
        "sound_event": "attack.strong"
      },
      "minecraft:physics": {
        "has_gravity": true
      },
      "minecraft:breathable": {
        "totalSupply": 15,
        "suffocateTime": 0
      },
      "minecraft:collision_box": {
        "width": 0.8,
        "height": 0.8
      },
      "minecraft:behavior.float": {
        "priority": 0
      },
      "minecraft:behavior.random_stroll": {
        "priority": 8,
        "speed_multiplier": 0.4
      }
    },


    "events": {
	  "minecraft:entity_spawned": {
        "randomize": [
          {
            "weight": 8,
            "add": {
              "component_groups": [
                "minecraft:apato",
                "minecraft:apato",
                "minecraft:apato",
                "minecraft:apato"
              ]
            }
          },
		  {
            "weight": 2,
            "add": {
              "component_groups": [
                "minecraft:apato",
                "minecraft:apato"
              ]
            }
          }
        ]
      }
    }
  }
}