{
	"format_version": "1.10.0",
	"minecraft:entity": {
		"description": {
			"identifier": "di:galli",
			"is_spawnable": true,
			"is_summonable": true,
			"is_experimental": false
		},
		"component_groups": {
			"minecraft:galli": {
				"minecraft:health": {
					"value": 30
				},
				"minecraft:scale": {
					"value": 2.3
				}
			}
		},
		"components": {
			"minecraft:type_family": {
				"family": [
					"herbivore"
				]
			},
			      "minecraft:behavior.avoid_mob_type": {
        "priority": 4,
        "entity_types":[
          {
            "filters": { "test" :  "is_family", "subject" : "other", "value" :  "carnivore"},
            "max_dist": 9,
            "walk_speed_multiplier": 0.7,
            "sprint_speed_multiplier": 0.7
          }
        ]
      },
			"minecraft:collision_box": {
				"width": 0.7,
				"height": 0.7
			},
			"minecraft:nameable": {},
			"minecraft:movement": {
				"value": 0.6
			},
			"minecraft:damage_sensor": {
				"triggers": {
					"cause": "fall",
					"deals_damage": true
				}
			},
			"minecraft:leashable": {
				"soft_distance": 4,
				"hard_distance": 6,
				"max_distance": 10
			},
			"minecraft:navigation.walk": {
				"can_path_over_water": false,
				"avoid_damage_blocks": true
			},
			"minecraft:movement.basic": {},
			"minecraft:jump.static": {},
			"minecraft:behavior.float": {
				"priority": 0
			},
			"minecraft:behavior.mount_pathing": {
				"priority": 2,
				"speed_multiplier": 1.0,
				"target_dist": 0,
				"track_target": true
			},
			"minecraft:behavior.random_stroll": {
				"priority": 6,
				"speed_multiplier": 0.7
			},
			"minecraft:behavior.random_look_around": {
				"priority": 1
			},
			"minecraft:physics": {},
			"minecraft:pushable": {
				"is_pushable": true,
				"is_pushable_by_piston": true
			}
		},
		"events": {
			"minecraft:entity_spawned": {
				"randomize": [
					{
						"weight": 95,
						"remove": {},
						"add": {
							"component_groups": [
								"minecraft:galli"
							]
						}
					},
					{
						"weight": 5,
						"remove": {},
						"add": {
							"component_groups": [
								"minecraft:galli"
							]
						}
					}
				]
			},
			"minecraft:entity_born": {
				"remove": {},
				"add": {
					"component_groups": [
						"minecraft:galli"
					]
				}
			},
			"minecraft:ageable_grow_up": {
				"remove": {
					"component_groups": [
						"minecraft:galli"
					]
				},
				"add": {
					"component_groups": [
						"minecraft:galli"
					]
				}
			}
		}
	}
}