{
  "resource_pack_name": "Addon Maker Resource",
  "texture_name": "atlas.items",
  "texture_data": {
    "egg_camel": {
      "textures": "textures/items/egg_camel"
    },
    "egg_lion": {
      "textures": "textures/items/egg_lion"
    },
    "egg_penguin": {
      "textures": "textures/items/egg_penguin"
    },
    "egg_tiger": {
      "textures": "textures/items/egg_tiger"
    },
    "egg_elephant": {
      "textures": "textures/items/egg_elephant"
    },
    "egg_deer": {
      "textures": "textures/items/egg_deer"
    },
    "egg_panther": {
      "textures": "textures/items/egg_panther"
    },
    "egg_frog": {
      "textures": "textures/items/egg_frog"
    },
    "egg_crocodile": {
      "textures": "textures/items/egg_crocodile"
    },
    "egg_mouse": {
      "textures": "textures/items/egg_mouse"
    },
    "gallardo": {
      "textures": "textures/items/gallardo"
    },
    "bench": {
      "textures": "textures/items/bench"
    },
    "christmas_tree": {
      "textures": "textures/items/christmas_tree"
    },
    "tivi": {
      "textures": "textures/items/tivi"
    },
    "closet": {
      "textures": "textures/items/closet"
    },
    "laptop": {
      "textures": "textures/items/laptop"
    },
    "piano": {
      "textures": "textures/items/piano"
    },
    "armchairs": {
      "textures": "textures/items/armchairs"
    },
    "chair": {
      "textures": "textures/items/chair"
    },
    "big_table": {
      "textures": "textures/items/big_table"
    },
    "small_table": {
      "textures": "textures/items/small_table"
    },
    "drone": {
      "textures": "textures/items/drone"
    },
    "colorful_gifts": {
      "textures": "textures/items/colorful_gifts"
    },
    "di:velo": {
      "textures": "textures/items/pamobile/di_velo"
    },
    "di:europa": {
      "textures": "textures/items/pamobile/di_europa"
    },
    "di:rex": {
      "textures": "textures/items/pamobile/di_rex"
    },
    "di:stego": {
      "textures": "textures/items/pamobile/di_stego"
    },
    "di:amphico": {
      "textures": "textures/items/pamobile/di_amphico"
    },
    "di:brachio": {
      "textures": "textures/items/pamobile/di_brachio"
    },
    "di:irri": {
      "textures": "textures/items/pamobile/di_irri"
    },
    "di:carno": {
      "textures": "textures/items/pamobile/di_carno"
    },
    "di:boreal": {
      "textures": "textures/items/pamobile/di_boreal"
    },
    "di:tricera": {
      "textures": "textures/items/pamobile/di_tricera"
    },
    "di:beckle": {
      "textures": "textures/items/pamobile/di_beckle"
    },
    "di:para": {
      "textures": "textures/items/pamobile/di_para"
    },
    "di:cory": {
      "textures": "textures/items/pamobile/di_cory"
    },
    "di:cerato": {
      "textures": "textures/items/pamobile/di_cerato"
    },
    "di:dacen": {
      "textures": "textures/items/pamobile/di_dacen"
    },
    "di:galli": {
      "textures": "textures/items/pamobile/di_galli"
    },
    "di:lesotho": {
      "textures": "textures/items/pamobile/di_lesotho"
    },
    "di:spino": {
      "textures": "textures/items/pamobile/di_spino"
    },
    "di:giga": {
      "textures": "textures/items/pamobile/di_giga"
    },
    "di:apato": {
      "textures": "textures/items/pamobile/di_apato"
    },
    "di:allo": {
      "textures": "textures/items/pamobile/di_allo"
    },
    "di:igu": {
      "textures": "textures/items/pamobile/di_igu"
    },
    "di:orni": {
      "textures": "textures/items/pamobile/di_orni"
    },
    "di:lambeo": {
      "textures": "textures/items/pamobile/di_lambeo"
    },
    "di:argentino": {
      "textures": "textures/items/pamobile/di_argentino"
    },
    "di:shantung": {
      "textures": "textures/items/pamobile/di_shantung"
    },
    "di:camara": {
      "textures": "textures/items/pamobile/di_camara"
    },
    "di:pachy": {
      "textures": "textures/items/pamobile/di_pachy"
    },
    "di:leaelly": {
      "textures": "textures/items/pamobile/di_leaelly"
    },
    "di:ankylo": {
      "textures": "textures/items/pamobile/di_ankylo"
    },
    "di:delta": {
      "textures": "textures/items/pamobile/di_delta"
    },
    "di:velo_fossil": {
      "textures": "textures/items/pamobile/di_velo_fossil"
    },
    "di:europa_fossil": {
      "textures": "textures/items/pamobile/di_europa_fossil"
    },
    "di:bary": {
      "textures": "textures/items/pamobile/di_bary"
    },
    "di:diablo": {
      "textures": "textures/items/pamobile/di_diablo"
    },
    "di:mamen": {
      "textures": "textures/items/pamobile/di_mamen"
    },
    "di:kentro": {
      "textures": "textures/items/pamobile/di_kentro"
    },
    "di:allo_fossil": {
      "textures": "textures/items/pamobile/di_allo_fossil"
    },
    "di:amphico_fossil": {
      "textures": "textures/items/pamobile/di_amphico_fossil"
    },
    "di:ankylo_fossil": {
      "textures": "textures/items/pamobile/di_ankylo_fossil"
    },
    "di:apato_fossil": {
      "textures": "textures/items/pamobile/di_apato_fossil"
    },
    "di:argentino_fossil": {
      "textures": "textures/items/pamobile/di_argentino_fossil"
    },
    "di:bary_fossil": {
      "textures": "textures/items/pamobile/di_bary_fossil"
    },
    "di:beckle_fossil": {
      "textures": "textures/items/pamobile/di_beckle_fossil"
    },
    "di:boreal_fossil": {
      "textures": "textures/items/pamobile/di_boreal_fossil"
    },
    "di:brachio_fossil": {
      "textures": "textures/items/pamobile/di_brachio_fossil"
    },
    "di:camara_fossil": {
      "textures": "textures/items/pamobile/di_camara_fossil"
    },
    "di:carno_fossil": {
      "textures": "textures/items/pamobile/di_carno_fossil"
    },
    "di:cerato_fossil": {
      "textures": "textures/items/pamobile/di_cerato_fossil"
    },
    "di:cory_fossil": {
      "textures": "textures/items/pamobile/di_cory_fossil"
    },
    "di:delta_fossil": {
      "textures": "textures/items/pamobile/di_delta_fossil"
    },
    "di:dacen_fossil": {
      "textures": "textures/items/pamobile/di_dacen_fossil"
    },
    "di:diablo_fossil": {
      "textures": "textures/items/pamobile/di_diablo_fossil"
    },
    "di:galli_fossil": {
      "textures": "textures/items/pamobile/di_galli_fossil"
    },
    "di:giga_fossil": {
      "textures": "textures/items/pamobile/di_giga_fossil"
    },
    "di:igu_fossil": {
      "textures": "textures/items/pamobile/di_igu_fossil"
    },
    "di:irri_fossil": {
      "textures": "textures/items/pamobile/di_irri_fossil"
    },
    "di:kentro_fossil": {
      "textures": "textures/items/pamobile/di_kentro_fossil"
    },
    "di:lambeo_fossil": {
      "textures": "textures/items/pamobile/di_lambeo_fossil"
    },
    "di:leaelly_fossil": {
      "textures": "textures/items/pamobile/di_leaelly_fossil"
    },
    "di:lesotho_fossil": {
      "textures": "textures/items/pamobile/di_lesotho_fossil"
    },
    "di:mamen_fossil": {
      "textures": "textures/items/pamobile/di_mamen_fossil"
    },
    "di:orni_fossil": {
      "textures": "textures/items/pamobile/di_orni_fossil"
    },
    "di:pachy_fossil": {
      "textures": "textures/items/pamobile/di_pachy_fossil"
    },
    "di:para_fossil": {
      "textures": "textures/items/pamobile/di_para_fossil"
    },
    "di:shantung_fossil": {
      "textures": "textures/items/pamobile/di_shantung_fossil"
    },
    "di:stego_fossil": {
      "textures": "textures/items/pamobile/di_stego_fossil"
    },
    "di:spino_fossil": {
      "textures": "textures/items/pamobile/di_spino_fossil"
    },
    "di:tricera_fossil": {
      "textures": "textures/items/pamobile/di_tricera_fossil"
    },
    "di:rex_fossil": {
      "textures": "textures/items/pamobile/di_rex_fossil"
    },
    "di:fabro": {
      "textures": "textures/items/pamobile/di_fabro"
    },
    "di:fabro_fossil": {
      "textures": "textures/items/pamobile/di_fabro_fossil"
    },
    "di:therizino": {
      "textures": "textures/items/pamobile/di_therizino"
    },
    "di:therizino_fossil": {
      "textures": "textures/items/pamobile/di_therizino_fossil"
    },
    "di:edmonto": {
      "textures": "textures/items/pamobile/di_edmonto"
    },
    "di:edmonto_fossil": {
      "textures": "textures/items/pamobile/di_edmonto_fossil"
    },
    "di:zuul": {
      "textures": "textures/items/pamobile/di_zuul"
    },
    "di:zuul_fossil": {
      "textures": "textures/items/pamobile/di_zuul_fossil"
    },
    "di:stygi": {
      "textures": "textures/items/pamobile/di_stygi"
    },
    "di:stygi_fossil": {
      "textures": "textures/items/pamobile/di_stygi_fossil"
    },
    "di:styraco": {
      "textures": "textures/items/pamobile/di_styraco"
    },
    "di:styraco_fossil": {
      "textures": "textures/items/pamobile/di_styraco_fossil"
    },
    "di:siats": {
      "textures": "textures/items/pamobile/di_siats"
    },
    "di:siats_fossil": {
      "textures": "textures/items/pamobile/di_siats_fossil"
    },
    "di:mosa": {
      "textures": "textures/items/pamobile/di_mosa"
    },
    "di:mosa_fossil": {
      "textures": "textures/items/pamobile/di_mosa_fossil"
    },
    "di:hypacro": {
      "textures": "textures/items/pamobile/di_hypacro"
    },
    "di:hypacro_fossil": {
      "textures": "textures/items/pamobile/di_hypacro_fossil"
    },
    "di:xenotarso": {
      "textures": "textures/items/pamobile/di_xenotarso"
    },
    "di:xenotarso_fossil": {
      "textures": "textures/items/pamobile/di_xenotarso_fossil"
    },
    "di:alamo": {
      "textures": "textures/items/pamobile/di_alamo"
    },
    "di:alamo_fossil": {
      "textures": "textures/items/pamobile/di_alamo_fossil"
    },
    "di:compy": {
      "textures": "textures/items/pamobile/di_compy"
    },
    "di:compy_fossil": {
      "textures": "textures/items/pamobile/di_compy_fossil"
    },
    "di:diplo": {
      "textures": "textures/items/pamobile/di_diplo"
    },
    "di:diplo_fossil": {
      "textures": "textures/items/pamobile/di_diplo_fossil"
    },
    "di:euoplo": {
      "textures": "textures/items/pamobile/di_euoplo"
    },
    "di:euoplo_fossil": {
      "textures": "textures/items/pamobile/di_euoplo_fossil"
    },
    "di:lioplero": {
      "textures": "textures/items/pamobile/di_lioplero"
    },
    "di:lioplero_fossil": {
      "textures": "textures/items/pamobile/di_lioplero_fossil"
    },
    "di:majunga": {
      "textures": "textures/items/pamobile/di_majunga"
    },
    "di:majunga_fossil": {
      "textures": "textures/items/pamobile/di_majunga_fossil"
    },
    "di:ourano": {
      "textures": "textures/items/pamobile/di_ourano"
    },
    "di:ourano_fossil": {
      "textures": "textures/items/pamobile/di_ourano_fossil"
    },
    "di:segno": {
      "textures": "textures/items/pamobile/di_segno"
    },
    "di:segno_fossil": {
      "textures": "textures/items/pamobile/di_segno_fossil"
    },
    "di:sucho": {
      "textures": "textures/items/pamobile/di_sucho"
    },
    "di:sucho_fossil": {
      "textures": "textures/items/pamobile/di_sucho_fossil"
    },
    "di:tylo": {
      "textures": "textures/items/pamobile/di_tylo"
    },
    "di:tylo_fossil": {
      "textures": "textures/items/pamobile/di_tylo_fossil"
    },
    "di:mutta": {
      "textures": "textures/items/pamobile/di_mutta"
    },
    "di:mutta_fossil": {
      "textures": "textures/items/pamobile/di_mutta_fossil"
    },
    "di:plateo": {
      "textures": "textures/items/pamobile/di_plateo"
    },
    "di:plateo_fossil": {
      "textures": "textures/items/pamobile/di_plateo_fossil"
    },
    "di:dilopho": {
      "textures": "textures/items/pamobile/di_dilopho"
    },
    "di:dilopho_fossil": {
      "textures": "textures/items/pamobile/di_dilopho_fossil"
    },
    "di:elasmo": {
      "textures": "textures/items/pamobile/di_elasmo"
    },
    "di:elasmo_fossil": {
      "textures": "textures/items/pamobile/di_elasmo_fossil"
    },
    "di:sinocera": {
      "textures": "textures/items/pamobile/di_sinocera"
    },
    "di:sinocera_fossil": {
      "textures": "textures/items/pamobile/di_sinocera_fossil"
    }
  }
}