{
  "format_version": "1.12",
  "minecraft:recipe_shaped": {
    "description": {
      "identifier": "jurassictime:machine3"
    },
    "tags": [
      "crafting_table"
    ],
    "pattern": [
      "AB ",
      "ABC",
      "ABD"
    ],
    "key": {
      "A": {
        "item": "minecraft:iron_ingot",
        "data": 0
      },
      "B": {
        "item": "minecraft:heavy_weighted_pressure_plate",
        "data": 0
      },
      "C": {
        "item": "time:monitor",
        "data": 0
      },
      "D": {
        "item": "minecraft:iron_block",
        "data": 0
      }
    },
    "result": {
      "item": "jurassictime:machine3",
      "count": 1
    }
  }
}