{
  "format_version": "1.12",
  "minecraft:recipe_shaped": {
    "description": {
      "identifier": "time:monitor"
    },
    "tags": [
      "crafting_table"
    ],
    "pattern": [
      "ABA",
      "ACA",
      "ABA"
    ],
    "key": {
      "A": {
        "item": "minecraft:iron_nugget",
        "data": 0
      },
      "B": {
        "item": "minecraft:redstone",
        "data": 0
      },
      "C": {
        "item": "minecraft:glowstone",
        "data": 0
      }
    },
    "result": {
      "item": "time:monitor",
      "count": 1
    }
  }
}