{
	"format_version": "1.16.100",
	"minecraft:item": {
		"description": {
			"identifier": "minecraft:iron_pickaxe"
		},
		"components": {
			"minecraft:max_stack_size": 1,
			"minecraft:hand_equipped": true,
			"minecraft:durability": {
				"max_damage": 250
			},
			"minecraft:mining_speed": 6,
			"minecraft:damage": 2,
			"minecraft:enchantable": {
				"value": 14,
				"slot": "pickaxe"
			},
			"minecraft:digger": {
				"use_efficiency": true,
				"destroy_speeds": [
					{
						"block": {
							"tags": "query.any_tag('jurassic:fossil', 'stone', 'metal', 'iron_pick_diggable')"
						},
						"speed": 6
					},
					{
						"block": "minecraft:ice",
						"speed": 6
					},
					{
						"block": "minecraft:sandstone",
						"speed": 6
					},
					{
					    "block": "jurassic:fossilore",
					    "speed": 6
					},
					{
					    "block": "jurassic:permafrost",
					    "speed": 6
					}
				]
			}
		},
		"events": {}
	}
}