{
  "format_version": "1.8.0",
  "minecraft:entity": {
    "description": {
      "identifier": "time:allo",
      "is_spawnable": true,
      "is_summonable": true,
      "is_experimental": false
    },

    "component_groups": {
	  "minecraft:allo_roar": {
        "minecraft:on_target_acquired": {},
        "minecraft:behavior.summon_entity": {
          "priority": 0,
          "probability": 100.0,
          "summon_choices": [
            {
              "weight": 1,
              "cooldown_time": 20.0,
              "cast_duration": 3.0,
              "start_sound_event": "plop",
              "sequence": [
                {
                  "shape": "circle",
                  "target": "self",
                  "base_delay": 0.0,
                  "delay_per_summon": 0.0,
                  "num_entities_spawned": 0,
                  "entity_type": "",
                  "entity_lifespan": 10.0,
                  "size": 10.0,
                  "sound_event": ""
                }
              ]
            }
          ]
        }
      },
	  "minecraft:sitting": {

	  },
      "minecraft:allo_adult": {
        "minecraft:scale": {
          "value": 1.3
        },
        "minecraft:loot": {
          "table": "loot_tables/entities/big.json"
        },
        "minecraft:knockback_resistance": {
          "value": 2.0
        }
      },
      "minecraft:allo_adult_wild": {
        "minecraft:type_family": {
          "family": [ "allo", "mob" ]
        },
        "minecraft:attack": {
          "damage": {
            "range_min": 20,
            "range_max": 20
          }
        },
        "minecraft:behavior.breed": {
          "priority": 1,
          "speed_multiplier": 0.7
        },
        "minecraft:breedable": {
          "requireTame": false,
          "breedsWith": {
            "mateType": "time:allo",
            "babyType": "time:allo_egg",
            "breed_event": {
              "event": "minecraft:entity_born",
              "target": "baby"
            }
          },
          "breedItems": [ "porkchop",
            "beef",
            "chicken",
            "muttonRaw",
            "rotten_flesh"
          ]
        },
	    "minecraft:health": {
          "value": 80,
          "max": 80
        },
	    "minecraft:behavior.nearest_attackable_target": {
          "priority": 3,
          "within_radius": 39,
          "entity_types": [
            {
              "filters": { "other_with_families": [
									"giga",
									"bary",
									"carno",
									"cerato",
									"dilo",
									"apato",
									"indom",
									"indor",
									"metria",
									"pterosaur",
									"sucho",
									"spino",
									"rex",
									"raptor",
									"player",
									"herbivoro",
									"chicken",
									"cow",
									"sheep",
									"goat",
									"pig",
									"horse",
									"villager"
								]
							},
							"max_dist": 30
            }
          ],
          "must_see": true
        },
        "minecraft:on_hurt_by_player": {},
		"minecraft:behavior.random_stroll": {
          "priority": 6,
          "speed_multiplier": 0.8
        },
        "minecraft:behavior.hurt_by_target": {
          "priority": 5
        }
      },
      
      "minecraft:allo_baby_wild": {
      "minecraft:behavior.tempt": {
          "priority": 3,
          "speed_multiplier": 0.6,
          "items": [ "porkchop",
            "beef",
            "chicken",
            "muttonRaw",
            "rotten_flesh"
          ]
        },
        "minecraft:is_baby": {},
        "minecraft:health": {
          "value": 20,
          "max": 20
        },
        "minecraft:behavior.follow_parent": {
          "priority": 3,
          "speed_multiplier": 1.1
        },
        "minecraft:scale_by_age": {
          "start_scale": 0.2,
          "end_scale": 1.3
        },
        "minecraft:ageable": {
          "duration": 1600,
         "feedItems": [
            {
              "item": "chicken",
              "growth": 0.100
            },
            {
              "item": "muttonRaw",
              "growth": 0.100
            },
            {
              "item": "rotten_flesh",
              "growth": 0.100
            },
            {
              "item": "beef",
              "growth": 0.100
            },
            {
              "item": "porkchop",
              "growth": 0.100
            }
          ],
          "grow_up": {
            "event": "minecraft:ageable_grow_up_wild",
            "target": "self"
          }
        },
        "minecraft:behavior.panic": {
          "priority": 1,
          "speed_multiplier": 0.7
        }
      }
	},

    "components": {
      "minecraft:nameable": {},
      "minecraft:type_family": {
        "family": [ "allo", "mob" ]
      },
      "minecraft:movement": {
        "value": 0.3
      },
      "minecraft:underwater_movement": {
        "value": 0.2
      },
      "minecraft:movement.amphibious": {
        "max_turn": 15.0
      },
      "minecraft:jump.static": {
      },
      "minecraft:navigation.generic": {
        "is_amphibious": false,
        "can_path_over_water": false,
        "can_swim": true,
        "can_walk": true,
        "can_breach": true,
        "can_sink": false
      },
      "minecraft:follow_range": {
        "value": 23
      },
      "minecraft:breathable": {
        "totalSupply": 40,
        "suffocateTime": 0,
        "breathesWater": false,
        "breathesAir": true,
        "generatesBubbles": false
      },
      "minecraft:collision_box": {
        "width": 1.7,
        "height": 2.0
      },
      "minecraft:behavior.random_look_around_and_sit": {
        "priority": 6,
        "min_look_count": 2,
        "max_look_count": 5,
        "min_look_time": 100,
        "max_look_time": 300,
        "probability": 0.002
    },
        "minecraft:behavior.knockback_roar": {   
          "priority": 1,
          "duration": 3.0, 
          "attack_time": 0.5,
          "knockback_damage": 0,
          "knockback_strength": 0,
          "knockback_range": 0,
          "cooldown_time": 30, 
    "knockback_filters": {
            "test": "is_family",
            "subject": "other",
            "operator": "!=",
            "value": "allo"
          }, 
          "damage_filters": {
            "test": "is_family",
            "subject": "other",
            "operator": "!=",
            "value": "allo"
          }  
        },  
      "minecraft:behavior.delayed_attack": {
        "priority": 4,
        "speed_multiplier": 1.4,
        "reach_multiplier": 1.40,
        "attack_duration": 1.6,
        "hit_delay_pct": 0.55,
        "track_target": true,
        "sound_event": "attack.strong"
      },
      "minecraft:behavior.random_stroll": {
        "priority": 6,
        "speed_multiplier": 1.15
      },
      "minecraft:behavior.look_at_player": {
        "priority": 16,
        "look_distance": 12.0,
        "probability": 0.02
      },
      "minecraft:behavior.random_look_around": {
        "priority": 8
      },
      "minecraft:behavior.hurt_by_target": {
        "priority": 5
      },
      "minecraft:physics": {
        "has_gravity": true
      }
    },

    "events": {
      "from_egg": {
        "add": { "component_groups": [ "minecraft:allo_baby_wild" ] }
     },

	  "minecraft:entity_spawned": {
        "randomize": [
          {
            "weight": 8,
            "add": {
              "component_groups": [
                "minecraft:vari2",
                "minecraft:allo_adult",
                "minecraft:allo_adult_wild",
                "minecraft:allo_roar"
              ]
            }
          },
		  {
            "weight": 8,
            "add": {
              "component_groups": [
                "minecraft:vari1",
                "minecraft:allo_adult",
                "minecraft:allo_adult_wild",
                "minecraft:allo_roar"
              ]
            }
          },
		  {
            "weight": 2,
            "add": {
              "component_groups": [
                "minecraft:vari1",               "minecraft:allo_baby_wild",
                "minecraft:baby"
              ]
            }
          },
		  {
            "weight": 2,
            "add": {
              "component_groups": [
                "minecraft:vari2",               "minecraft:allo_baby_wild",
                "minecraft:baby"
              ]
            }
          }
        ]
      },

      "minecraft:entity_born": {
        "add": {
        "component_groups": [
          "minecraft:allo_baby_wild"
          ]
        }
			},
			"minecraft:entity_transformed": {
				"add": {
					"component_groups": [
						"minecraft:allo_baby_wild"
					]
				}
			},
      "minecraft:ageable_grow_up_wild": {
        "remove": {
          "component_groups": [ 
            "minecraft:allo_baby_wild"
          ]
        },
        "add": {
          "component_groups": [
            "minecraft:allo_adult",
			  "minecraft:allo_attack",
            "minecraft:allo_adult_wild",
            "minecraft:allo_roar"
          ]
        }
      },
       
	  
	  "minecraft:is_sitting": {
        "remove": {
          "component_groups": [
            "minecraft:standing"
          ]
        },
        "add": {
          "component_groups": [
            "minecraft:sitting"
          ]
        }
      },
      "minecraft:is_standing": {
        "remove": {
          "component_groups": [
            "minecraft:sitting"
          ]
        },
        "add": {
          "component_groups": [
            "minecraft:standing"
          ]
        }
      },
	  "minecraft:vari1": {
        "add": {
          "component_groups": [
            "minecraft:vari1"
          ]
        }
      },
	  "minecraft:vari2": {
        "add": {
          "component_groups": [
            "minecraft:vari2"
          ]
        }
      },
	  "minecraft:on_leash": {
        "add": {
          "component_groups": [
            "minecraft:allo_leashed"
          ]
        }
      },
      "minecraft:on_unleash": {
        "remove": {
          "component_groups": [
            "minecraft:allo_leashed"
          ]
        }
      }
    }
  }
}
