{
	"format_version": "1.13.0",
	"minecraft:entity": {
		"description": {
			"identifier": "time:metria_egg",
			"is_spawnable": true,
			"is_summonable": true,
			"is_experimental": false
		},
		"component_groups": {
			"minecraft:become_baby": {
				"minecraft:transformation": {
					"into": "time:metria"
				}
			}
		},
    "components": {
      "minecraft:type_family": {
        "family": [ "egg", "dinosaur" ]
      },
      "minecraft:collision_box": {
        "width": 0.4,
        "height": 0.4
      },
      "minecraft:hurt_on_condition": {
        "damage_conditions": [
          {
            "filters": { "test": "in_lava", "subject": "self", "operator": "==", "value": true },
            "cause": "lava",
            "damage_per_tick": 1
          }
        ]
      },
      "minecraft:loot": {
        "table": "loot_tables/entities/metria_egg.json"
      },
			"minecraft:leashable": {
				"soft_distance": -100.0,
				"hard_distance": 1.0,
				"max_distance": 10.0
			},
			"minecraft:ageable": {
				"duration": 100,
				"grow_up": {
					"event": "minecraft:ageable_grow_up",
					"target": "self"
				}
			},
			"minecraft:pushable": {},
			"minecraft:physics": {}
		},
		"events": {
			"minecraft:ageable_grow_up": {
				"add": {
					"component_groups": [
						"minecraft:become_baby"
					]
				}
			}
		}
	}
}