{
	"format_version": "1.12.0",
	"minecraft:geometry": [
		{
			"description": {
				"identifier": "geometry.alamo",
				"texture_width": 64,
				"texture_height": 64,
				"visible_bounds_width": 5,
				"visible_bounds_height": 2.5,
				"visible_bounds_offset": [0, 0.75, 0]
			},
			"bones": [
				{
					"name": "body",
					"pivot": [0, 0, 0],
					"cubes": [
						{"origin": [-3, 6, -6], "size": [6, 6, 6], "pivot": [0, 9, -3], "rotation": [7, 0, 0], "uv": [0, 12]},
						{"origin": [-3, 6, -1], "size": [6, 6, 6], "pivot": [0, 9, 2.5], "rotation": [-7, 0, 0], "uv": [0, 0]},
						{"origin": [-2, 5, -3], "size": [4, 2, 7], "uv": [17, 17]}
					]
				},
				{
					"name": "tail1",
					"pivot": [0, 0, 0],
					"cubes": [
						{"origin": [-2.5, 6, 4], "size": [5, 5, 4], "pivot": [3, 6, 4], "rotation": [-3, 0, 0], "uv": [18, 26]},
						{"origin": [-2, 6.2, 7], "size": [4, 4, 5], "uv": [0, 24]}
					]
				},
				{
					"name": "tail2",
					"pivot": [0, 0, 0],
					"cubes": [
						{"origin": [-1.5, 7, 11], "size": [3, 3, 5], "uv": [21, 38]},
						{"origin": [-1, 7.7, 15], "size": [2, 2, 6], "uv": [10, 35]}
					]
				},
				{
					"name": "tail3",
					"pivot": [0, 0, 0],
					"cubes": [
						{"origin": [-0.5, 8.3, 20], "size": [1, 1, 7], "pivot": [0, 8, 20], "rotation": [6, 0, 0], "uv": [0, 33]}
					]
				},
				{
					"name": "neck1",
					"pivot": [0, 0, 0],
					"cubes": [
						{"origin": [-2.5, 7, -8], "size": [5, 5, 3], "pivot": [3, 7, -8], "rotation": [-10, 0, 0], "uv": [32, 15]},
						{"origin": [-2, 8.5, -10.5], "size": [4, 4, 4], "pivot": [0, 10.5, -9], "rotation": [-25, 0, 0], "uv": [31, 0]}
					]
				},
				{
					"name": "neck2",
					"pivot": [0, 0, 0],
					"cubes": [
						{"origin": [-1.5, 11.76337, -15.72324], "size": [3, 3, 7], "pivot": [0, 13.26337, -12.22324], "rotation": [-40, 0, 0], "uv": [18, 5]},
						{"origin": [-1, 15.5, -20], "size": [2, 2, 6], "pivot": [0, 16, -17], "rotation": [-25, 0, 0], "uv": [30, 30]}
					]
				},
				{
					"name": "skull",
					"pivot": [0, 0, 0],
					"cubes": [
						{"origin": [-1, 16.7, -21], "size": [2, 2, 2], "uv": [45, 6]},
						{"origin": [-1, 17.7, -23], "size": [2, 1, 2], "uv": [45, 14]}
					]
				},
				{
					"name": "jaw",
					"pivot": [0, -1, 0],
					"cubes": [
						{"origin": [-1, 16.7, -23], "size": [2, 1, 2], "uv": [43, 23]}
					]
				},
				{
					"name": "leftfrontleg",
					"pivot": [0, 0, 0],
					"cubes": [
						{"origin": [2, 5, -5], "size": [2, 3, 3], "pivot": [3, 6.5, -3.5], "rotation": [10, 0, 0], "uv": [40, 29]},
						{"origin": [2, 2, -4], "size": [2, 4, 2], "uv": [8, 43]},
						{"origin": [2, 0.5, -4.5], "size": [2, 2, 2], "pivot": [4, 0, -4], "rotation": [-10, 0, 0], "uv": [44, 36]},
						{"origin": [2, 0, -4.4], "size": [2, 1, 2], "uv": [20, 35]}
					]
				},
				{
					"name": "rightfrontleg",
					"pivot": [0, 0, 0],
					"cubes": [
						{"origin": [-4, 5, -5], "size": [2, 3, 3], "pivot": [-3, 6.5, -3.5], "rotation": [10, 0, 0], "uv": [38, 8]},
						{"origin": [-4, 2, -4], "size": [2, 4, 2], "uv": [0, 41]},
						{"origin": [-4, 0.5, -4.5], "size": [2, 2, 2], "pivot": [-2, 0, -4], "rotation": [-10, 0, 0], "uv": [43, 44]},
						{"origin": [-4, 0, -4.4], "size": [2, 1, 2], "uv": [32, 38]}
					]
				},
				{
					"name": "backleftleg",
					"pivot": [0, 0, 0],
					"cubes": [
						{"origin": [-4, 5, 2], "size": [2, 3, 3], "pivot": [-2, 5, 2], "rotation": [-10, 0, 0], "uv": [37, 38]},
						{"origin": [-4, 0, 2.7], "size": [2, 1, 2], "uv": [31, 8]},
						{"origin": [-4, 2, 3], "size": [2, 3, 2], "uv": [35, 44]},
						{"origin": [-4, 0.2, 2.8], "size": [2, 2, 2], "pivot": [-3, 1, 4], "rotation": [-10, 0, 0], "uv": [43, 0]}
					]
				},
				{
					"name": "backrightleg",
					"pivot": [0, 0, 0],
					"cubes": [
						{"origin": [2, 5, 2], "size": [2, 3, 3], "pivot": [4, 5, 2], "rotation": [-10, 0, 0], "uv": [36, 23]},
						{"origin": [2, 0.2, 2.8], "size": [2, 2, 2], "pivot": [3, 1, 4], "rotation": [-10, 0, 0], "uv": [26, 0]},
						{"origin": [2, 0, 2.7], "size": [2, 1, 2], "uv": [13, 26]},
						{"origin": [2, 2, 3], "size": [2, 3, 2], "uv": [18, 0]}
					]
				}
			]
		}
	]
}