{
	"format_version": "1.12.0",
	"minecraft:geometry": [
		{
			"description": {
				"identifier": "geometry.beckle",
				"texture_width": 64,
				"texture_height": 64,
				"visible_bounds_width": 4,
				"visible_bounds_height": 2.5,
				"visible_bounds_offset": [0, 0.75, 0]
			},
			"bones": [
				{
					"name": "body",
					"pivot": [0, 0, 0],
					"cubes": [
						{"origin": [-2.5, 5.8, -4], "size": [5, 5, 5], "pivot": [3, 6, -4], "rotation": [3, 0, 0], "uv": [0, 0]},
						{"origin": [-2.5, 6, 0], "size": [5, 5, 5], "pivot": [3, 6, 0], "rotation": [-4, 0, 0], "uv": [0, 10]},
						{"origin": [-1, 10, -2], "size": [2, 2, 6], "pivot": [1, 10, -2], "rotation": [-9, 0, 0], "uv": [10, 23]},
						{"origin": [-1, 10.6, -3], "size": [2, 2, 1], "pivot": [1, 11, -3], "rotation": [-45, 0, 0], "uv": [37, 16]}
					]
				},
				{
					"name": "tail1",
					"pivot": [0, 0, 0],
					"cubes": [
						{"origin": [-2, 6, 4], "size": [4, 4, 5], "uv": [15, 5]}
					]
				},
				{
					"name": "tail2",
					"pivot": [0, 0, 0],
					"cubes": [
						{"origin": [-1.5, 6.5, 8], "size": [3, 3, 6], "pivot": [2, 6, 8], "rotation": [-1, 0, 0], "uv": [14, 14]},
						{"origin": [-1, 7, 13], "size": [2, 2, 5], "pivot": [2, 7, 13], "rotation": [-1, 0, 0], "uv": [28, 0]},
						{"origin": [-0.5, 7.5, 17], "size": [1, 1, 5], "pivot": [0, 8, 17], "rotation": [-1, 0, 0], "uv": [27, 20]}
					]
				},
				{
					"name": "neck",
					"pivot": [0, 0, 0],
					"cubes": [
						{"origin": [-1.5, 7, -9], "size": [3, 4, 5], "pivot": [2, 7, -9], "rotation": [-9, 0, 0], "uv": [0, 20]}
					]
				},
				{
					"name": "skull",
					"pivot": [0, 0, 0],
					"cubes": [
						{"origin": [-1.5, 8, -13], "size": [3, 3, 5], "uv": [21, 26]}
					]
				},
				{
					"name": "jaw",
					"pivot": [0, 0, 0],
					"cubes": [
						{"origin": [-1.5, 7, -13], "size": [3, 1, 5], "uv": [26, 14]}
					]
				},
				{
					"name": "arm1",
					"pivot": [0, 0, 0],
					"cubes": [
						{"origin": [2, 3.80356, -3.75472], "size": [1, 3, 2], "pivot": [2.5, 5.30356, -2.75472], "rotation": [20, 0, 0], "uv": [27, 0]},
						{"origin": [2, 3, -4], "size": [1, 1, 2], "pivot": [3, 3, -4], "rotation": [10, 0, 0], "uv": [37, 13]}
					]
				},
				{
					"name": "arm2",
					"pivot": [0, 0, 0],
					"cubes": [
						{"origin": [-3, 3.80356, -3.75472], "size": [1, 3, 2], "pivot": [-2.5, 5.30356, -2.75472], "rotation": [20, 0, 0], "uv": [20, 23]},
						{"origin": [-3, 3, -4], "size": [1, 1, 2], "pivot": [-2, 3, -4], "rotation": [10, 0, 0], "uv": [37, 0]}
					]
				},
				{
					"name": "leg1",
					"pivot": [0, 0, 0],
					"cubes": [
						{"origin": [2, 4, 1], "size": [2, 3, 3], "uv": [33, 7]},
						{"origin": [2, 2, 1.5], "size": [2, 3, 2], "pivot": [3, 3.5, 2.5], "rotation": [20, 0, 0], "uv": [27, 34]}
					]
				},
				{
					"name": "leg2",
					"pivot": [0, 0, 0],
					"cubes": [
						{"origin": [-4, 4, 1], "size": [2, 3, 3], "uv": [9, 31]},
						{"origin": [-4, 2, 1.5], "size": [2, 3, 2], "pivot": [-3, 3.5, 2.5], "rotation": [20, 0, 0], "uv": [19, 34]}
					]
				},
				{
					"name": "bottomleg1",
					"pivot": [0, 0, 0],
					"cubes": [
						{"origin": [2, 0, 1.7], "size": [2, 3, 2], "pivot": [3, 1.5, 2.7], "rotation": [-10, 0, 0], "uv": [0, 33]},
						{"origin": [1.5, 0.01, 0], "size": [3, 1, 3], "uv": [0, 29]},
						{"origin": [2.5, 0, -1], "size": [1, 1, 2], "uv": [12, 37]},
						{"origin": [1.5, 0, -1], "size": [1, 1, 2], "pivot": [2, 0.5, 0], "rotation": [0, 30, 0], "uv": [6, 37]},
						{"origin": [3.5, 0, -1], "size": [1, 1, 2], "pivot": [4, 0.5, 0], "rotation": [0, -30, 0], "uv": [35, 32]}
					]
				},
				{
					"name": "bottomleg2",
					"pivot": [0, 0, 0],
					"cubes": [
						{"origin": [-4, 0, 1.7], "size": [2, 3, 2], "pivot": [-3, 1.5, 2.7], "rotation": [-10, 0, 0], "uv": [32, 26]},
						{"origin": [-4.5, 0.01, 0], "size": [3, 1, 3], "uv": [15, 0]},
						{"origin": [-2.5, 0, -1], "size": [1, 1, 2], "pivot": [-2, 0.5, 0], "rotation": [0, -30, 0], "uv": [35, 35]},
						{"origin": [-4.5, 0, -1], "size": [1, 1, 2], "pivot": [-4, 0.5, 0], "rotation": [0, 30, 0], "uv": [34, 20]},
						{"origin": [-3.5, 0, -1], "size": [1, 1, 2], "uv": [28, 7]}
					]
				}
			]
		}
	]
}