{
	"format_version": "1.12.0",
	"minecraft:geometry": [
		{
			"description": {
				"identifier": "geometry.boreal",
				"texture_width": 64,
				"texture_height": 64,
				"visible_bounds_width": 4,
				"visible_bounds_height": 2.5,
				"visible_bounds_offset": [0, 0.75, 0]
			},
			"bones": [
				{
					"name": "body",
					"pivot": [0, 0, 0],
					"cubes": [
						{"origin": [-3, 2, -5], "size": [6, 5, 5], "pivot": [0, 4.5, -2.5], "rotation": [5, 0, 0], "uv": [0, 11]},
						{"origin": [-3, 2, -1], "size": [6, 5, 6], "pivot": [0, 4.5, 2], "rotation": [-5, 0, 0], "uv": [0, 0]},
						{"origin": [2, 6, -5], "size": [1, 5, 1], "pivot": [3, 6, -5], "rotation": [-40, 0, 70], "uv": [16, 35]},
						{"origin": [-3, 6, -5], "size": [1, 5, 1], "pivot": [-3, 6, -5], "rotation": [-40, 0, -70], "uv": [0, 0]}
					]
				},
				{
					"name": "tail",
					"pivot": [0, 0, 0],
					"cubes": [
						{"origin": [-2.5, 2.3, 4], "size": [5, 4, 4], "pivot": [3, 2, 4], "rotation": [-3, 0, 0], "uv": [20, 7]},
						{"origin": [-1.5, 2.5, 7], "size": [3, 3, 5], "uv": [0, 21]},
						{"origin": [-1, 3, 11], "size": [2, 2, 7], "pivot": [1, 3, 11], "rotation": [10, 0, 0], "uv": [15, 15]}
					]
				},
				{
					"name": "neck",
					"pivot": [0, 0, 0],
					"cubes": [
						{"origin": [-1.5, 3, -10], "size": [3, 3, 3], "pivot": [1, 3, -11], "rotation": [-10, 0, 0], "uv": [18, 0]},
						{"origin": [-2, 2, -7], "size": [4, 4, 3], "uv": [16, 24]}
					]
				},
				{
					"name": "skull",
					"pivot": [0, 0, 0],
					"cubes": [
						{"origin": [-1.5, 3.7, -12], "size": [3, 2, 3], "uv": [26, 15]}
					]
				},
				{
					"name": "jaw",
					"pivot": [0, 0, 0],
					"cubes": [
						{"origin": [-1.5, 2.7, -12], "size": [3, 1, 3], "uv": [10, 31]}
					]
				},
				{
					"name": "frontlegleg",
					"pivot": [0, 0, 0],
					"cubes": [
						{"origin": [2, 2, -5], "size": [2, 3, 3], "uv": [30, 21]},
						{"origin": [2, 0.3, -4.5], "size": [2, 2, 2], "pivot": [4, 0, -4], "rotation": [-5, 0, 0], "uv": [34, 27]},
						{"origin": [2, 0, -4.5], "size": [2, 1, 2], "uv": [35, 15]}
					]
				},
				{
					"name": "frontrightleg",
					"pivot": [0, 0, 0],
					"cubes": [
						{"origin": [-4, 2, -5], "size": [2, 3, 3], "uv": [30, 0]},
						{"origin": [-4, 0.3, -4.5], "size": [2, 2, 2], "pivot": [-2, 0, -4], "rotation": [-5, 0, 0], "uv": [34, 6]},
						{"origin": [-4, 0, -4.5], "size": [2, 1, 2], "uv": [35, 32]}
					]
				},
				{
					"name": "backrightleg",
					"pivot": [0, 0, 0],
					"cubes": [
						{"origin": [-4, 2, 2], "size": [2, 3, 3], "uv": [0, 29]},
						{"origin": [-4, 0.3, 2.5], "size": [2, 2, 2], "pivot": [-2, 0, 2], "rotation": [-5, 0, 0], "uv": [20, 33]},
						{"origin": [-4, 0, 2.5], "size": [2, 1, 2], "uv": [0, 35]}
					]
				},
				{
					"name": "backleftleg",
					"pivot": [0, 0, 0],
					"cubes": [
						{"origin": [2, 2, 2], "size": [2, 3, 3], "uv": [27, 28]},
						{"origin": [2, 0.3, 2.5], "size": [2, 2, 2], "pivot": [4, 0, 2], "rotation": [-5, 0, 0], "uv": [28, 34]},
						{"origin": [2, 0, 2.5], "size": [2, 1, 2], "uv": [8, 35]}
					]
				}
			]
		}
	]
}