{
	"format_version": "1.12.0",
	"minecraft:geometry": [
		{
			"description": {
				"identifier": "geometry.camara",
				"texture_width": 64,
				"texture_height": 64,
				"visible_bounds_width": 4,
				"visible_bounds_height": 2.5,
				"visible_bounds_offset": [0, 0.75, 0]
			},
			"bones": [
				{
					"name": "body",
					"pivot": [0, 0, 0],
					"cubes": [
						{"origin": [-3, 7, -5], "size": [6, 5, 6], "pivot": [3, 6, -6], "rotation": [-9, 0, 0], "uv": [0, 11]},
						{"origin": [-3, 6, 0], "size": [6, 5, 6], "pivot": [3, 6, 0], "rotation": [-5, 0, 0], "uv": [0, 0]},
						{"origin": [-2, 5, -3], "size": [4, 2, 6], "uv": [0, 22]}
					]
				},
				{
					"name": "tail1",
					"pivot": [0, 0, 0],
					"cubes": [
						{"origin": [-2, 6, 7], "size": [4, 3, 5], "pivot": [2, 6, 7], "rotation": [-10, 0, 0], "uv": [0, 30]},
						{"origin": [-2.5, 6, 5], "size": [5, 4, 3], "pivot": [2, 6, 5], "rotation": [-15, 0, 0], "uv": [32, 0]}
					]
				},
				{
					"name": "tail2",
					"pivot": [0, 0, 0],
					"cubes": [
						{"origin": [-1.5, 6, 11], "size": [3, 2, 6], "pivot": [2, 6, 11], "rotation": [-9, 0, 0], "uv": [14, 27]},
						{"origin": [-1, 5, 16], "size": [2, 2, 6], "pivot": [2, 5, 16], "rotation": [-5, 0, 0], "uv": [26, 29]}
					]
				},
				{
					"name": "neck1",
					"pivot": [0, 0, 0],
					"cubes": [
						{"origin": [-2.5, 8.4, -8], "size": [5, 5, 3], "pivot": [2, 8, -8], "rotation": [-30, 0, 0], "uv": [30, 15]},
						{"origin": [-2, 14, -10.5], "size": [4, 4, 6], "pivot": [2, 14, -11], "rotation": [-60, 0, 0], "uv": [18, 5]}
					]
				},
				{
					"name": "neck2",
					"pivot": [0, 0, 0],
					"cubes": [
						{"origin": [-1.5, 19, -14.9], "size": [3, 3, 8], "pivot": [1, 19, -15], "rotation": [-50, 0, 0], "uv": [16, 16]},
						{"origin": [-1, 19, -16], "size": [2, 2, 3], "pivot": [1, 19, -16], "rotation": [-10, 0, 0], "uv": [18, 0]}
					]
				},
				{
					"name": "skull",
					"pivot": [0, 0, 0],
					"cubes": [
						{"origin": [-1, 20, -18.6], "size": [2, 1, 3], "uv": [45, 41]},
						{"origin": [-0.5, 20.4, -18], "size": [1, 1, 2], "uv": [0, 0]}
					]
				},
				{
					"name": "jaw",
					"pivot": [0, -2, 0],
					"cubes": [
						{"origin": [-1, 19, -18.5], "size": [2, 1, 3], "uv": [45, 37]}
					]
				},
				{
					"name": "frontleftlegtop",
					"pivot": [0, 0, 0],
					"cubes": [
						{"origin": [2, 6, -5], "size": [2, 4, 4], "pivot": [4, 6, -5], "rotation": [10, 0, 0], "uv": [0, 38]},
						{"origin": [2, 4, -5], "size": [2, 3, 3], "pivot": [4, 4, -5], "rotation": [-10, 0, 0], "uv": [26, 47]}
					]
				},
				{
					"name": "frontrighttopleg",
					"pivot": [0, 0, 0],
					"cubes": [
						{"origin": [-4, 6, -5], "size": [2, 4, 4], "pivot": [-2, 6, -5], "rotation": [10, 0, 0], "uv": [26, 37]},
						{"origin": [-4, 4, -5], "size": [2, 3, 3], "pivot": [-2, 4, -5], "rotation": [-10, 0, 0], "uv": [0, 46]}
					]
				},
				{
					"name": "frontleftbottomleg",
					"pivot": [0, 0, 0],
					"cubes": [
						{"origin": [2, 2, -5], "size": [2, 3, 3], "uv": [45, 10]},
						{"origin": [2, 0, -5], "size": [2, 3, 3], "uv": [45, 4]}
					]
				},
				{
					"name": "frontrightbottomleg",
					"pivot": [0, 0, 0],
					"cubes": [
						{"origin": [-4, 2, -5], "size": [2, 3, 3], "uv": [45, 45]},
						{"origin": [-4, 0, -5], "size": [2, 3, 3], "uv": [44, 20]}
					]
				},
				{
					"name": "backrighttopleg",
					"pivot": [0, 0, 0],
					"cubes": [
						{"origin": [-4, 6, 2], "size": [2, 4, 4], "pivot": [-2, 6, 2], "rotation": [-8, 0, 0], "uv": [36, 23]},
						{"origin": [-4, 4, 3], "size": [2, 3, 3], "pivot": [-2, 4, 3], "rotation": [9, 0, 0], "uv": [35, 44]}
					]
				},
				{
					"name": "backlefttopleg",
					"pivot": [0, 0, 0],
					"cubes": [
						{"origin": [2, 6, 2], "size": [2, 4, 4], "pivot": [4, 6, 2], "rotation": [-8, 0, 0], "uv": [14, 35]},
						{"origin": [2, 4, 3], "size": [2, 3, 3], "pivot": [4, 4, 3], "rotation": [9, 0, 0], "uv": [19, 43]}
					]
				},
				{
					"name": "backrightbottomleg",
					"pivot": [0, 0, 0],
					"cubes": [
						{"origin": [-4, 2, 3], "size": [2, 3, 3], "uv": [9, 43]},
						{"origin": [-4, 0, 3], "size": [2, 3, 3], "uv": [42, 31]}
					]
				},
				{
					"name": "backleftbottomleg",
					"pivot": [0, 0, 0],
					"cubes": [
						{"origin": [2, 2, 3], "size": [2, 3, 3], "uv": [38, 7]},
						{"origin": [2, 0, 3], "size": [2, 3, 3], "uv": [38, 38]}
					]
				}
			]
		}
	]
}