{
	"format_version": "1.12.0",
	"minecraft:geometry": [
		{
			"description": {
				"identifier": "geometry.dilopho",
				"texture_width": 64,
				"texture_height": 64,
				"visible_bounds_width": 5,
				"visible_bounds_height": 2.5,
				"visible_bounds_offset": [0, 0.75, 0]
			},
			"bones": [
				{
					"name": "body",
					"pivot": [0, 0, 0],
					"cubes": [
						{"origin": [-3, 8, -7], "size": [6, 5, 8], "pivot": [3, 8, -7], "rotation": [10, 0, 0], "uv": [0, 14]},
						{"origin": [-3, 9, -1], "size": [6, 5, 7], "pivot": [3, 9, -1], "rotation": [-10, 0, 0], "uv": [21, 21]},
						{"origin": [-2.5, 7.6, -6], "size": [5, 2, 12], "uv": [0, 0]}
					]
				},
				{
					"name": "tail1",
					"pivot": [0, 0, 0],
					"cubes": [
						{"origin": [-2.5, 8, 6], "size": [5, 4, 3], "pivot": [3, 8, 6], "rotation": [6, 0, 0], "uv": [40, 19]},
						{"origin": [-2, 9, 8], "size": [4, 3, 3], "pivot": [2, 9, 8], "rotation": [4, 0, 0], "uv": [44, 34]}
					]
				},
				{
					"name": "tail2",
					"pivot": [0, 0, 0],
					"cubes": [
						{"origin": [-1.5, 9.1, 10.3], "size": [3, 3, 6], "pivot": [1, 10, 10], "rotation": [1, 0, 0], "uv": [35, 0]},
						{"origin": [-1, 10, 15], "size": [2, 2, 9], "pivot": [1, 10, 15], "rotation": [-3, 0, 0], "uv": [22, 0]},
						{"origin": [-0.5, 10, 23], "size": [1, 1, 6], "pivot": [0, 10, 23], "rotation": [-4, 0, 0], "uv": [41, 27]}
					]
				},
				{
					"name": "topleftleg",
					"pivot": [0, 0, 0],
					"cubes": [
						{"origin": [3, 8, 0], "size": [2, 5, 5], "pivot": [5, 8, 0], "rotation": [-10, 0, 0], "uv": [25, 44]},
						{"origin": [3, 5, 1], "size": [2, 4, 4], "pivot": [5, 7, 1], "rotation": [10, 0, 0], "uv": [42, 9]}
					]
				},
				{
					"name": "toplegright",
					"pivot": [0, 0, 0],
					"cubes": [
						{"origin": [-5, 8, 0], "size": [2, 5, 5], "pivot": [-3, 8, 0], "rotation": [-10, 0, 0], "uv": [0, 43]},
						{"origin": [-5, 5, 1], "size": [2, 4, 4], "pivot": [-3, 7, 1], "rotation": [10, 0, 0], "uv": [10, 49]}
					]
				},
				{
					"name": "bottomlegleft",
					"pivot": [4, 0, 2],
					"cubes": [
						{"origin": [3, 1, 1], "size": [2, 7, 3], "pivot": [5, 0, 1], "rotation": [-10, 0, 0], "uv": [39, 44]},
						{"origin": [2.5, 0, -2], "size": [3, 1, 6], "uv": [12, 40]}
					]
				},
				{
					"name": "bottomrightleg",
					"pivot": [0, 0, 0],
					"cubes": [
						{"origin": [-5, 1, 1], "size": [2, 7, 3], "pivot": [-3, 0, 1], "rotation": [-10, 0, 0], "uv": [0, 0]},
						{"origin": [-5.5, 0, -2], "size": [3, 1, 6], "uv": [0, 36]}
					]
				},
				{
					"name": "neck",
					"pivot": [0, 0, 0],
					"cubes": [
						{"origin": [-2, 11, -12], "size": [4, 4, 5], "pivot": [3, 11, -11], "rotation": [-20, 0, 0], "uv": [31, 35]}
					]
				},
				{
					"name": "skull",
					"pivot": [0, 0, 0],
					"cubes": [
						{"origin": [-2, 13, -17], "size": [4, 2, 7], "pivot": [2, 13, -17], "rotation": [5, 0, 0], "uv": [0, 27]},
						{"origin": [-2, 13, -17], "size": [4, 1, 7], "uv": [27, 11]},
						{"origin": [0.5, 15, -15], "size": [1, 2, 3], "pivot": [1, 15.5, -13.5], "rotation": [6, 0, 0], "uv": [22, 0]},
						{"origin": [-1.5, 15, -15], "size": [1, 2, 3], "pivot": [-1, 15.5, -13.5], "rotation": [6, 0, 0], "uv": [0, 14]}
					]
				},
				{
					"name": "jaw",
					"pivot": [0, 0, 0],
					"cubes": [
						{"origin": [-2, 12, -17], "size": [4, 1, 6], "uv": [16, 33]}
					]
				},
				{
					"name": "arm1",
					"pivot": [0, 0, 0],
					"cubes": [
						{"origin": [3, 6, -6], "size": [2, 4, 3], "pivot": [5, 6, -6], "rotation": [-10, 0, 0], "uv": [49, 26]},
						{"origin": [3, 5, -6], "size": [2, 2, 2], "pivot": [5, 5, -6], "rotation": [-10, 0, 0], "uv": [22, 5]},
						{"origin": [3, 3, -6.5], "size": [2, 1, 3], "pivot": [5, 3, -7], "rotation": [30, 0, 0], "uv": [46, 41]}
					]
				},
				{
					"name": "arm2",
					"pivot": [0, 0, 0],
					"cubes": [
						{"origin": [-5, 6, -6], "size": [2, 4, 3], "pivot": [-3, 6, -6], "rotation": [-10, 0, 0], "uv": [49, 49]},
						{"origin": [-5, 5, -6], "size": [2, 2, 2], "pivot": [-3, 5, -6], "rotation": [-10, 0, 0], "uv": [20, 18]},
						{"origin": [-5, 3, -6.5], "size": [2, 1, 3], "pivot": [-3, 3, -7], "rotation": [30, 0, 0], "uv": [20, 14]}
					]
				}
			]
		}
	]
}