{
	"format_version": "1.12.0",
	"minecraft:geometry": [
		{
			"description": {
				"identifier": "geometry.elasmo",
				"texture_width": 64,
				"texture_height": 64,
				"visible_bounds_width": 4,
				"visible_bounds_height": 1.5,
				"visible_bounds_offset": [0, 0.25, 0]
			},
			"bones": [
				{
					"name": "body",
					"pivot": [0, 0, 0],
					"cubes": [
						{"origin": [-3, 0, -6], "size": [6, 6, 7], "uv": [0, 11]},
						{"origin": [-3, 0, 0], "size": [6, 6, 6], "uv": [0, 29]},
						{"origin": [-2.5, 3.5, -4], "size": [5, 2, 9], "uv": [0, 0]}
					]
				},
				{
					"name": "tail1",
					"pivot": [0, 0, 0],
					"cubes": [
						{"origin": [-2, 1, 6], "size": [4, 4, 4], "uv": [20, 39]}
					]
				},
				{
					"name": "tail2",
					"pivot": [0, 0, 0],
					"cubes": [
						{"origin": [-1.5, 1.5, 9], "size": [3, 3, 5], "uv": [38, 0]},
						{"origin": [-1, 2, 12], "size": [2, 2, 8], "uv": [24, 29]}
					]
				},
				{
					"name": "neck",
					"pivot": [0, 0, 0],
					"cubes": [
						{"origin": [-2.5, 2.5, -12], "size": [5, 5, 7], "pivot": [3, 3, -12], "rotation": [-20, 0, 0], "uv": [21, 4]},
						{"origin": [-2, 4, -16], "size": [4, 4, 5], "pivot": [2, 4, -16], "rotation": [-10, 0, 0], "uv": [32, 16]},
						{"origin": [-1.5, 5, -24], "size": [3, 3, 9], "pivot": [1, 5, -24], "rotation": [-3, 0, 0], "uv": [17, 17]}
					]
				},
				{
					"name": "skull",
					"pivot": [0, 0, 0],
					"cubes": [
						{"origin": [-1.5, 6, -29], "size": [3, 2, 6], "uv": [36, 25]}
					]
				},
				{
					"name": "jaw",
					"pivot": [0, 0, 0],
					"cubes": [
						{"origin": [-1.5, 5, -29], "size": [3, 1, 6], "uv": [38, 38]}
					]
				},
				{
					"name": "leftfrontfin",
					"pivot": [0, 0, 0],
					"cubes": [
						{"origin": [2, 1, -5], "size": [6, 1, 3], "pivot": [5, 1.5, -3.5], "rotation": [0, 0, 20], "uv": [0, 45]}
					]
				},
				{
					"name": "rightfrontfin",
					"pivot": [0, 0, 0],
					"cubes": [
						{"origin": [-8, 1, -5], "size": [6, 1, 3], "pivot": [-5, 1.5, -3.5], "rotation": [0, 0, -20], "uv": [0, 41]}
					]
				},
				{
					"name": "leftbackfin",
					"pivot": [0, 0, 0],
					"cubes": [
						{"origin": [2, 1, 2], "size": [6, 1, 3], "pivot": [5, 1.5, 3.5], "rotation": [0, 0, 20], "uv": [36, 33]}
					]
				},
				{
					"name": "rightbackfin",
					"pivot": [0, 0, 0],
					"cubes": [
						{"origin": [-8, 1, 2], "size": [6, 1, 3], "pivot": [-5, 1.5, 3.5], "rotation": [0, 0, -20], "uv": [19, 0]}
					]
				}
			]
		}
	]
}