{
	"format_version": "1.12.0",
	"minecraft:geometry": [
		{
			"description": {
				"identifier": "geometry.giga",
				"texture_width": 64,
				"texture_height": 64,
				"visible_bounds_width": 4,
				"visible_bounds_height": 2.5,
				"visible_bounds_offset": [0, 0.75, 0]
			},
			"bones": [
				{
					"name": "body",
					"pivot": [0, 0, 0],
					"cubes": [
						{"origin": [-2.5, 5, -5], "size": [5, 5, 7], "pivot": [0, 7.5, -1.5], "rotation": [2, 0, 0], "uv": [0, 0]},
						{"origin": [-2.5, 5, 1], "size": [5, 5, 6], "pivot": [0, 7.5, 4], "rotation": [-4, 0, 0], "uv": [0, 12]},
						{"origin": [-1.5, 4, -3], "size": [3, 2, 8], "uv": [14, 15]}
					]
				},
				{
					"name": "tail1",
					"pivot": [0, 0, 0],
					"cubes": [
						{"origin": [-2, 5, 6], "size": [4, 4, 5], "pivot": [0, 7, 8], "rotation": [-5, 0, 0], "uv": [0, 23]},
						{"origin": [-1.5, 5.5, 10], "size": [3, 3, 5], "uv": [18, 25]}
					]
				},
				{
					"name": "tail2",
					"pivot": [0, 0, 0],
					"cubes": [
						{"origin": [-1, 6, 14], "size": [2, 2, 5], "pivot": [1, 6, 14], "rotation": [4, 0, 0], "uv": [29, 29]},
						{"origin": [-0.5, 7, 18], "size": [1, 1, 4], "pivot": [0, 7, 18], "rotation": [3, 0, 0], "uv": [38, 26]}
					]
				},
				{
					"name": "leftlegtop",
					"pivot": [0, 0, 0],
					"cubes": [
						{"origin": [2, 5, 2], "size": [2, 4, 4], "uv": [32, 3]},
						{"origin": [2, 2, 3], "size": [2, 4, 3], "pivot": [3, 4, 4], "rotation": [20, 0, 0], "uv": [23, 36]}
					]
				},
				{
					"name": "righttopleg",
					"pivot": [0, 0, 0],
					"cubes": [
						{"origin": [-4, 5, 2], "size": [2, 4, 4], "uv": [0, 32]},
						{"origin": [-4, 2, 3], "size": [2, 4, 3], "pivot": [-3, 4, 4], "rotation": [20, 0, 0], "uv": [33, 36]}
					]
				},
				{
					"name": "leftbottomleg",
					"pivot": [0, 0, 0],
					"cubes": [
						{"origin": [2, 0, 4], "size": [2, 3, 2], "pivot": [3, 1.5, 5], "rotation": [-15, 0, 0], "uv": [0, 40]},
						{"origin": [1.5, 0.01, 1], "size": [3, 1, 4], "uv": [32, 21]},
						{"origin": [2.5, 0, 0], "size": [1, 1, 2], "uv": [0, 12]},
						{"origin": [3.5, 0, 0], "size": [1, 1, 2], "pivot": [4, 0.5, 1], "rotation": [0, -10, 0], "uv": [0, 3]},
						{"origin": [1.5, 0, 0], "size": [1, 1, 2], "pivot": [2, 0.5, 1], "rotation": [0, 10, 0], "uv": [0, 0]}
					]
				},
				{
					"name": "rightbottomleg",
					"pivot": [0, 0, 0],
					"cubes": [
						{"origin": [-4, 0, 4], "size": [2, 3, 2], "pivot": [-3, 1.5, 5], "rotation": [-15, 0, 0], "uv": [39, 11]},
						{"origin": [-4.5, 0.01, 1], "size": [3, 1, 4], "uv": [12, 33]},
						{"origin": [-3.5, 0, 0], "size": [1, 1, 2], "uv": [13, 25]},
						{"origin": [-2.5, 0, 0], "size": [1, 1, 2], "pivot": [-2, 0.5, 1], "rotation": [0, -10, 0], "uv": [16, 14]},
						{"origin": [-4.5, 0, 0], "size": [1, 1, 2], "pivot": [-4, 0.5, 1], "rotation": [0, 10, 0], "uv": [0, 15]}
					]
				},
				{
					"name": "armleft",
					"pivot": [0, 0, 0],
					"cubes": [
						{"origin": [2, 4, -4], "size": [1, 2, 1], "pivot": [2.5, 5, -3.5], "rotation": [15, 0, 0], "uv": [30, 0]},
						{"origin": [2, 3, -4], "size": [1, 2, 1], "pivot": [2.5, 4, -3.5], "rotation": [-15, 0, 0], "uv": [0, 23]}
					]
				},
				{
					"name": "armright",
					"pivot": [0, 0, 0],
					"cubes": [
						{"origin": [-3, 4, -4], "size": [1, 2, 1], "pivot": [-2.5, 5, -3.5], "rotation": [15, 0, 0], "uv": [19, 25]},
						{"origin": [-3, 3, -4], "size": [1, 2, 1], "pivot": [-2.5, 4, -3.5], "rotation": [-15, 0, 0], "uv": [17, 0]}
					]
				},
				{
					"name": "neck",
					"pivot": [0, 0, 0],
					"cubes": [
						{"origin": [-2, 5.6, -7], "size": [4, 4, 3], "pivot": [0, 7.6, -5.5], "rotation": [-10, 0, 0], "uv": [28, 14]}
					]
				},
				{
					"name": "skull",
					"pivot": [0, 0, 0],
					"cubes": [
						{"origin": [-2, 8, -12.5], "size": [4, 2, 5], "uv": [19, 7]},
						{"origin": [-2, 9.2, -11], "size": [4, 1, 2], "uv": [29, 26]},
						{"origin": [-2, 6, -8], "size": [4, 4, 1], "pivot": [0, 8, -7.5], "rotation": [-8, 0, 0], "uv": [12, 38]}
					]
				},
				{
					"name": "jaw",
					"pivot": [0, 0, 0],
					"cubes": [
						{"origin": [-2, 6, -12.5], "size": [4, 2, 5], "uv": [17, 0]}
					]
				}
			]
		}
	]
}