{
	"format_version": "1.12.0",
	"minecraft:geometry": [
		{
			"description": {
				"identifier": "geometry.igu",
				"texture_width": 64,
				"texture_height": 64,
				"visible_bounds_width": 3,
				"visible_bounds_height": 2.5,
				"visible_bounds_offset": [0, 0.75, 0]
			},
			"bones": [
				{
					"name": "body",
					"pivot": [0, 0, 0],
					"cubes": [
						{"origin": [-2, 4, -4.7], "size": [4, 4, 4], "pivot": [0, 6, -3], "rotation": [3, 0, 0], "uv": [12, 13]},
						{"origin": [-2, 4, -1], "size": [4, 4, 5], "pivot": [0, 6, 1.5], "rotation": [-2, 0, 0], "uv": [0, 0]}
					]
				},
				{
					"name": "backleftleg",
					"pivot": [0, 0, 0],
					"cubes": [
						{"origin": [1.5, 2, 1], "size": [2, 4, 2], "pivot": [2, 4, 2], "rotation": [-20, 0, 0], "uv": [24, 11]},
						{"origin": [1.5, 0.5, 1], "size": [2, 3, 2], "pivot": [2, 1.5, 1], "rotation": [10, 0, 0], "uv": [27, 5]},
						{"origin": [1.5, 0, 1], "size": [2, 2, 2], "uv": [0, 30]}
					]
				},
				{
					"name": "backrightleg",
					"pivot": [0, 0, 0],
					"cubes": [
						{"origin": [-3.5, 2, 1], "size": [2, 4, 2], "pivot": [-2, 4, 2], "rotation": [-20, 0, 0], "uv": [0, 23]},
						{"origin": [-3.5, 0.5, 1], "size": [2, 3, 2], "pivot": [-2, 1.5, 1], "rotation": [10, 0, 0], "uv": [27, 27]},
						{"origin": [-3.5, 0, 1], "size": [2, 2, 2], "uv": [12, 30]}
					]
				},
				{
					"name": "tail1",
					"pivot": [0, 0, 0],
					"cubes": [
						{"origin": [-1.5, 4.5, 3], "size": [3, 3, 5], "uv": [0, 9]},
						{"origin": [-1, 5, 7], "size": [2, 2, 5], "pivot": [0, 6, 9.5], "rotation": [5, 0, 0], "uv": [13, 4]}
					]
				},
				{
					"name": "tail2",
					"pivot": [0, 0, 0],
					"cubes": [
						{"origin": [-0.5, 5.7, 11.5], "size": [1, 1, 4], "pivot": [0, 6.2, 13.5], "rotation": [-1, 0, 0], "uv": [22, 0]}
					]
				},
				{
					"name": "leftarm",
					"pivot": [0, 0, 0],
					"cubes": [
						{"origin": [1, 2.5, -4.3], "size": [2, 3, 2], "pivot": [2, 4, -3.3], "rotation": [10, 0, 0], "uv": [6, 27]},
						{"origin": [1, 1, -4.5], "size": [2, 2, 2], "pivot": [2, 2, -3.5], "rotation": [-10, 0, 0], "uv": [29, 21]},
						{"origin": [1, 0, -4.6], "size": [2, 2, 2], "uv": [28, 0]},
						{"origin": [1.5, 0, -5], "size": [1, 1, 1], "uv": [0, 0]}
					]
				},
				{
					"name": "rightarm",
					"pivot": [0, 0, 0],
					"cubes": [
						{"origin": [-3, 2.5, -4.3], "size": [2, 3, 2], "pivot": [-2, 4, -3.3], "rotation": [10, 0, 0], "uv": [19, 26]},
						{"origin": [-3, 1, -4.5], "size": [2, 2, 2], "pivot": [-2, 2, -3.5], "rotation": [-10, 0, 0], "uv": [28, 17]},
						{"origin": [-3, 0, -4.6], "size": [2, 2, 2], "uv": [13, 0]},
						{"origin": [-2.5, 0, -5], "size": [1, 1, 1], "uv": [0, 0]}
					]
				},
				{
					"name": "neck",
					"pivot": [0, 0, 0],
					"cubes": [
						{"origin": [-1.5, 4.5, -7], "size": [3, 3, 3], "pivot": [0, 6, -5.5], "rotation": [-10, 0, 0], "uv": [9, 21]}
					]
				},
				{
					"name": "skull",
					"pivot": [0, 0, 0],
					"cubes": [
						{"origin": [-1, 6, -11.6], "size": [2, 2, 4], "uv": [0, 17]},
						{"origin": [-1, 4.8, -7.6], "size": [2, 3, 1], "uv": [20, 31]}
					]
				},
				{
					"name": "jaw",
					"pivot": [0, 0, 0],
					"cubes": [
						{"origin": [-1, 5, -11.6], "size": [2, 1, 4], "uv": [21, 21]}
					]
				}
			]
		}
	]
}