{
	"format_version": "1.12.0",
	"minecraft:geometry": [
		{
			"description": {
				"identifier": "geometry.irri",
				"texture_width": 64,
				"texture_height": 64,
				"visible_bounds_width": 4,
				"visible_bounds_height": 2.5,
				"visible_bounds_offset": [0, 0.75, 0]
			},
			"bones": [
				{
					"name": "body",
					"pivot": [0, 0, 0],
					"cubes": [
						{"origin": [-2, 6, -6], "size": [4, 4, 6], "pivot": [3, 6, -6], "rotation": [4, 0, 0], "uv": [0, 11]},
						{"origin": [-2.5, 6, -1], "size": [5, 5, 6], "pivot": [2, 6, -1], "rotation": [-5, 0, 0], "uv": [0, 0]},
						{"origin": [-0.5, 8, -5.8], "size": [1, 2, 6], "pivot": [0, 8, -6], "rotation": [20, 0, 0], "uv": [27, 19]},
						{"origin": [-0.5, 9.5, -1], "size": [1, 2, 6], "pivot": [0, 11, 2], "rotation": [-10, 0, 0], "uv": [23, 27]}
					]
				},
				{
					"name": "tail",
					"pivot": [0, 0, 0],
					"cubes": [
						{"origin": [-2, 6, 4], "size": [4, 4, 5], "pivot": [2, 6, 4], "rotation": [-5, 0, 0], "uv": [15, 16]},
						{"origin": [-1.5, 6, 8.4], "size": [3, 3, 5], "pivot": [2, 6, 8], "rotation": [-3, 0, 0], "uv": [13, 25]},
						{"origin": [-1, 6.5, 12.4], "size": [2, 2, 5], "uv": [0, 28]},
						{"origin": [-0.5, 7, 17], "size": [1, 1, 5], "pivot": [1, 7, 17], "rotation": [2, 0, 0], "uv": [31, 27]}
					]
				},
				{
					"name": "lefttopleg",
					"pivot": [0, 0, 0],
					"cubes": [
						{"origin": [2, 6, 0], "size": [2, 4, 4], "pivot": [4, 5, 0], "rotation": [-15, 0, 0], "uv": [10, 33]},
						{"origin": [2, 3, 1], "size": [2, 3, 3], "pivot": [4, 3, 1], "rotation": [10, 0, 0], "uv": [22, 35]}
					]
				},
				{
					"name": "righttopleg",
					"pivot": [0, 0, 0],
					"cubes": [
						{"origin": [-4, 6, 0], "size": [2, 4, 4], "pivot": [-2, 5, 0], "rotation": [-15, 0, 0], "uv": [30, 9]},
						{"origin": [-4, 3, 1], "size": [2, 3, 3], "pivot": [-2, 3, 1], "rotation": [10, 0, 0], "uv": [0, 35]}
					]
				},
				{
					"name": "leftbottomleg",
					"pivot": [0, 0, 0],
					"cubes": [
						{"origin": [-4, 1, 0], "size": [2, 4, 2], "pivot": [-2, 1, 0], "rotation": [-30, 0, 0], "uv": [8, 41]},
						{"origin": [-4.5, 0.01, -1], "size": [3, 1, 3], "uv": [34, 34]},
						{"origin": [-3.5, 0, -2], "size": [1, 1, 2], "uv": [18, 33]},
						{"origin": [-2.5, 0, -2], "size": [1, 1, 2], "pivot": [-2, 0.5, -1], "rotation": [0, -30, 0], "uv": [28, 7]},
						{"origin": [-4.5, 0, -2], "size": [1, 1, 2], "pivot": [-4, 0.5, -1], "rotation": [0, 30, 0], "uv": [25, 0]}
					]
				},
				{
					"name": "rightbottomleg",
					"pivot": [0, 0, 0],
					"cubes": [
						{"origin": [2, 1, 0], "size": [2, 4, 2], "pivot": [4, 1, 0], "rotation": [-30, 0, 0], "uv": [0, 41]},
						{"origin": [1.5, 0.01, -1], "size": [3, 1, 3], "uv": [16, 0]},
						{"origin": [2.5, 0, -2], "size": [1, 1, 2], "uv": [0, 24]},
						{"origin": [3.5, 0, -2], "size": [1, 1, 2], "pivot": [4, 0.5, -1], "rotation": [0, -30, 0], "uv": [22, 13]},
						{"origin": [1.5, 0, -2], "size": [1, 1, 2], "pivot": [2, 0.5, -1], "rotation": [0, 30, 0], "uv": [0, 21]}
					]
				},
				{
					"name": "arm1",
					"pivot": [0, 0, 0],
					"cubes": [
						{"origin": [2, 6, -5], "size": [1, 3, 3], "pivot": [3, 6, -5], "rotation": [-10, 0, 0], "uv": [36, 39]},
						{"origin": [2, 4, -5], "size": [1, 3, 2], "pivot": [3, 4, -5], "rotation": [-20, 0, 0], "uv": [0, 0]},
						{"origin": [1.5, 3, -6], "size": [2, 1, 3], "pivot": [2.5, 3.5, -4.5], "rotation": [10, 0, 0], "uv": [38, 7]}
					]
				},
				{
					"name": "arm2",
					"pivot": [0, 0, 0],
					"cubes": [
						{"origin": [-3, 6, -5], "size": [1, 3, 3], "pivot": [-2, 6, -5], "rotation": [-10, 0, 0], "uv": [38, 24]},
						{"origin": [-3, 4, -5], "size": [1, 3, 2], "pivot": [-2, 4, -5], "rotation": [-20, 0, 0], "uv": [0, 11]},
						{"origin": [-3.5, 3, -6], "size": [2, 1, 3], "pivot": [-2.5, 3.5, -4.5], "rotation": [10, 0, 0], "uv": [38, 0]}
					]
				},
				{
					"name": "neck",
					"pivot": [0, 0, 0],
					"cubes": [
						{"origin": [-1.5, 8.2, -9.5], "size": [3, 3, 4], "pivot": [1, 8, -10], "rotation": [-25, 0, 0], "uv": [28, 0]}
					]
				},
				{
					"name": "skull",
					"pivot": [0, 0, 0],
					"cubes": [
						{"origin": [-1.5, 9, -14], "size": [3, 2, 6], "uv": [16, 5]},
						{"origin": [-1.5, 11, -11], "size": [3, 1, 1], "pivot": [2, 11, -11], "rotation": [-45, 0, 0], "uv": [14, 14]},
						{"origin": [-1, 9, -17], "size": [2, 2, 3], "uv": [35, 17]}
					]
				},
				{
					"name": "jaw",
					"pivot": [0, 0, 0],
					"cubes": [
						{"origin": [-1.5, 8, -14], "size": [3, 1, 6], "uv": [0, 21]},
						{"origin": [-1, 8, -17], "size": [2, 1, 3], "uv": [29, 38]}
					]
				}
			]
		}
	]
}