{
	"format_version": "1.12.0",
	"minecraft:geometry": [
		{
			"description": {
				"identifier": "geometry.kentro",
				"texture_width": 64,
				"texture_height": 64,
				"visible_bounds_width": 4,
				"visible_bounds_height": 2.5,
				"visible_bounds_offset": [0, 0.75, 0]
			},
			"bones": [
				{
					"name": "body",
					"pivot": [0, 0, 0],
					"cubes": [
						{"origin": [-2.5, 5, -4.5], "size": [5, 4, 5], "pivot": [0, 7, -2], "rotation": [8, 0, 0], "uv": [15, 15]},
						{"origin": [-2.5, 5, 0], "size": [5, 4, 5], "pivot": [0, 7, 2.5], "rotation": [-8, 0, 0], "uv": [0, 9]},
						{"origin": [-2, 4.3, -3], "size": [4, 2, 7], "uv": [0, 0]},
						{"origin": [-1, 8.3, -4], "size": [1, 2, 2], "pivot": [-0.5, 9.3, -3], "rotation": [-10, 0, -10], "uv": [8, 37]},
						{"origin": [-1.5, 8.5, 0], "size": [1, 3, 2], "pivot": [-1, 10, 1], "rotation": [-10, 0, -10], "uv": [0, 0]},
						{"origin": [0.6, 8.88682, 2.0076], "size": [1, 3, 1], "pivot": [1.1, 10.38682, 2.5076], "rotation": [-10, 0, 15], "uv": [0, 40]},
						{"origin": [0.5, 8, -2], "size": [1, 3, 2], "pivot": [1.5, 9.5, -1], "rotation": [-10, 0, 10], "uv": [0, 18]},
						{"origin": [1, 6, -4], "size": [1, 1, 6], "pivot": [1.5, 6.5, -4], "rotation": [20, 40, 0], "uv": [24, 24]},
						{"origin": [-2, 6, -4], "size": [1, 1, 6], "pivot": [-1.5, 6.5, -4], "rotation": [20, -40, 0], "uv": [10, 24]}
					]
				},
				{
					"name": "tail",
					"pivot": [0, 0, 0],
					"cubes": [
						{"origin": [-2, 5, 4], "size": [4, 3, 5], "pivot": [0, 6.5, 6.5], "rotation": [-5, 0, 0], "uv": [17, 4]},
						{"origin": [-1.5, 5, 8.5], "size": [3, 2, 3], "uv": [0, 25]},
						{"origin": [-1, 5.4, 10], "size": [2, 1, 6], "pivot": [1, 5, 10], "rotation": [10, 0, 0], "uv": [0, 18]},
						{"origin": [-0.5, 6.5, 9], "size": [1, 3, 1], "pivot": [0, 8, 9.5], "rotation": [-10, 0, -15], "uv": [38, 22]},
						{"origin": [-1.3, 7, 5], "size": [1, 4, 1], "pivot": [-0.8, 9, 5.5], "rotation": [-10, 0, -15], "uv": [10, 18]},
						{"origin": [0.5, 6.5076, 6.91318], "size": [1, 4, 1], "pivot": [1, 8.5076, 7.41318], "rotation": [-10, 0, 15], "uv": [0, 9]},
						{"origin": [0.96418, 5.64907, 12], "size": [1, 3, 1], "pivot": [1.46418, 7.14907, 12.5], "rotation": [-50, 0, 40], "uv": [37, 11]},
						{"origin": [-1.96418, 5.64907, 12], "size": [1, 3, 1], "pivot": [-1.46418, 7.14907, 12.5], "rotation": [-50, 0, -40], "uv": [14, 37]},
						{"origin": [0.54697, 6.15185, 15], "size": [1, 3, 1], "pivot": [1.04697, 7.65185, 15.5], "rotation": [-50, 0, 40], "uv": [25, 0]},
						{"origin": [-1.54697, 6.15185, 15], "size": [1, 3, 1], "pivot": [-1.04697, 7.65185, 15.5], "rotation": [-50, 0, -40], "uv": [12, 25]}
					]
				},
				{
					"name": "neck",
					"pivot": [0, 0, 0],
					"rotation": [4, 0, 0],
					"cubes": [
						{"origin": [-1.5, 4.99756, -6.8], "size": [3, 3, 3], "uv": [18, 24]},
						{"origin": [0, 6.9703, -6.24192], "size": [1, 2, 1], "pivot": [0.5, 7, -5.5], "rotation": [-10, 0, 0], "uv": [15, 4]}
					]
				},
				{
					"name": "skull",
					"pivot": [0, 0, 0],
					"cubes": [
						{"origin": [-1, 5.2, -8], "size": [2, 2, 2], "uv": [36, 29]},
						{"origin": [-1, 6.2, -11], "size": [2, 1, 3], "uv": [20, 31]},
						{"origin": [-0.8, 5.8, -8], "size": [1, 2, 1], "pivot": [-0.3, 7.3, -7.5], "rotation": [-10, 0, 0], "uv": [20, 12]}
					]
				},
				{
					"name": "jaw",
					"pivot": [0, 0, 0],
					"cubes": [
						{"origin": [-1, 5.2, -11], "size": [2, 1, 3], "uv": [15, 0]}
					]
				},
				{
					"name": "frontleftleg",
					"pivot": [0, 0, 0],
					"cubes": [
						{"origin": [1.5, 3, -4], "size": [2, 3, 3], "pivot": [2.5, 4.5, -2.5], "rotation": [10, 0, 0], "uv": [10, 31]},
						{"origin": [1.5, 1, -3.5], "size": [2, 3, 2], "pivot": [3, 2.5, -2.5], "rotation": [-10, 0, 0], "uv": [18, 35]},
						{"origin": [1.5, 0, -3.7], "size": [2, 2, 2], "uv": [34, 36]}
					]
				},
				{
					"name": "frontrightleg",
					"pivot": [1, 0, 0],
					"cubes": [
						{"origin": [-3.5, 3, -4], "size": [2, 3, 3], "pivot": [-2, 4.5, -2.5], "rotation": [10, 0, 0], "uv": [30, 12]},
						{"origin": [-3.5, 1, -3.5], "size": [2, 3, 2], "pivot": [-2, 2.5, -2.5], "rotation": [-10, 0, 0], "uv": [35, 6]},
						{"origin": [-3.5, 0, -3.7], "size": [2, 2, 2], "uv": [26, 36]}
					]
				},
				{
					"name": "backleftleg",
					"pivot": [0, 0, 0],
					"cubes": [
						{"origin": [1.5, 3, 2], "size": [2, 3, 3], "pivot": [2.5, 4.5, 3.5], "rotation": [-4, 0, 0], "uv": [30, 0]},
						{"origin": [1.5, 1, 2.5], "size": [2, 3, 2], "pivot": [3, 2.5, 3.5], "rotation": [3, 0, 0], "uv": [32, 24]},
						{"origin": [1.5, 0, 2.5], "size": [2, 2, 2], "uv": [0, 36]}
					]
				},
				{
					"name": "backrightleg",
					"pivot": [0, 0, 0],
					"cubes": [
						{"origin": [-3.5, 3, 2], "size": [2, 3, 3], "pivot": [-2.5, 4.5, 3.5], "rotation": [-4, 0, 0], "uv": [0, 30]},
						{"origin": [-3.5, 1, 2.5], "size": [2, 3, 2], "pivot": [-3, 2.5, 3.5], "rotation": [3, 0, 0], "uv": [30, 31]},
						{"origin": [-3.5, 0, 2.5], "size": [2, 2, 2], "uv": [35, 18]}
					]
				}
			]
		}
	]
}