{
	"format_version": "1.12.0",
	"minecraft:geometry": [
		{
			"description": {
				"identifier": "geometry.lioplero",
				"texture_width": 64,
				"texture_height": 64,
				"visible_bounds_width": 4,
				"visible_bounds_height": 2.5,
				"visible_bounds_offset": [0, 0.75, 0]
			},
			"bones": [
				{
					"name": "body",
					"pivot": [0, 0, 0],
					"cubes": [
						{"origin": [-3, 3, -6], "size": [6, 6, 7], "uv": [21, 6]},
						{"origin": [-3, 3, 0], "size": [6, 6, 6], "uv": [24, 30]},
						{"origin": [-2.5, 3.5, -4], "size": [5, 2, 9], "uv": [19, 19]}
					]
				},
				{
					"name": "tail1",
					"pivot": [0, 0, 0],
					"cubes": [
						{"origin": [-2, 4, 6], "size": [4, 4, 5], "uv": [38, 19]}
					]
				},
				{
					"name": "tail2",
					"pivot": [0, 0, 0],
					"cubes": [
						{"origin": [-1.5, 4.5, 10], "size": [3, 3, 5], "uv": [13, 37]},
						{"origin": [-1, 5, 13], "size": [2, 2, 9], "uv": [0, 37]},
						{"origin": [-0.5, 4.6, 18], "size": [1, 4, 4], "pivot": [0, 6.1, 19.5], "rotation": [-45, 0, 0], "uv": [0, 0]}
					]
				},
				{
					"name": "neck",
					"pivot": [0, 0, 0],
					"cubes": [
						{"origin": [-2.5, 3.5, -12], "size": [5, 5, 7], "uv": [0, 25]}
					]
				},
				{
					"name": "skull",
					"pivot": [0, 0, 0],
					"cubes": [
						{"origin": [-2, 5.5, -21], "size": [4, 3, 10], "uv": [0, 0]}
					]
				},
				{
					"name": "jaw",
					"pivot": [0, 0, 0],
					"cubes": [
						{"origin": [-2, 3.5, -21], "size": [4, 2, 10], "uv": [0, 13]}
					]
				},
				{
					"name": "leftfrontfin",
					"pivot": [0, 0, 0],
					"cubes": [
						{"origin": [2, 4, -5], "size": [6, 1, 3], "pivot": [5, 4.5, -3.5], "rotation": [0, 0, 20], "uv": [40, 9]}
					]
				},
				{
					"name": "rightfrontfin",
					"pivot": [0, 0, 0],
					"cubes": [
						{"origin": [-8, 4, -5], "size": [6, 1, 3], "pivot": [-5, 4.5, -3.5], "rotation": [0, 0, -20], "uv": [40, 5]}
					]
				},
				{
					"name": "leftbackfin",
					"pivot": [0, 0, 0],
					"cubes": [
						{"origin": [2, 4, 2], "size": [6, 1, 3], "pivot": [5, 4.5, 3.5], "rotation": [0, 0, 20], "uv": [33, 1]}
					]
				},
				{
					"name": "rightbackfin",
					"pivot": [0, 0, 0],
					"cubes": [
						{"origin": [-8, 4, 2], "size": [6, 1, 3], "pivot": [-5, 4.5, 3.5], "rotation": [0, 0, -20], "uv": [18, 0]}
					]
				}
			]
		}
	]
}