{
	"format_version": "1.12.0",
	"minecraft:geometry": [
		{
			"description": {
				"identifier": "geometry.orni",
				"texture_width": 32,
				"texture_height": 32,
				"visible_bounds_width": 3,
				"visible_bounds_height": 1.5,
				"visible_bounds_offset": [0, 0.25, 0]
			},
			"bones": [
				{
					"name": "body",
					"pivot": [0, 0, 0],
					"cubes": [
						{"origin": [-1.5, 3, -3], "size": [3, 3, 3], "pivot": [0, 4.5, -1.5], "rotation": [4, 0, 0], "uv": [13, 14]},
						{"origin": [-1.5, 3, -1], "size": [3, 3, 4], "pivot": [0, 4.5, 1], "rotation": [-3, 0, 0], "uv": [9, 0]}
					]
				},
				{
					"name": "tail",
					"pivot": [0, 0, 0],
					"cubes": [
						{"origin": [-1, 3.5, 2], "size": [2, 2, 6], "pivot": [1, 3, 2], "rotation": [-2, 0, 0], "uv": [0, 8]},
						{"origin": [-0.5, 4, 7], "size": [1, 1, 7], "pivot": [1, 3, 7], "rotation": [3, 0, 0], "uv": [0, 0]}
					]
				},
				{
					"name": "leftleg",
					"pivot": [0, 0, 0],
					"cubes": [
						{"origin": [1, 2, 1], "size": [1, 2, 1], "pivot": [1.5, 3, 1.5], "rotation": [-20, 0, 0], "uv": [19, 0]},
						{"origin": [1, 0.5, 1], "size": [1, 2, 1], "pivot": [1.5, 1.5, 1.5], "rotation": [5, 0, 0], "uv": [18, 7]},
						{"origin": [1, 0, 0], "size": [1, 1, 2], "uv": [0, 8]}
					]
				},
				{
					"name": "rightleg",
					"pivot": [0, 0, 0],
					"cubes": [
						{"origin": [-2, 2, 1], "size": [1, 2, 1], "pivot": [-1.5, 3, 1.5], "rotation": [-20, 0, 0], "uv": [0, 19]},
						{"origin": [-2, 0.5, 1], "size": [1, 2, 1], "pivot": [-1, 0, 1], "rotation": [5, 0, 0], "uv": [0, 11]},
						{"origin": [-2, 0, 0], "size": [1, 1, 2], "uv": [0, 3]}
					]
				},
				{
					"name": "leftarm",
					"pivot": [0, 0, 0],
					"cubes": [
						{"origin": [1, 2, -2], "size": [1, 2, 1], "pivot": [1.5, 3, -1.5], "rotation": [20, 0, 0], "uv": [10, 8]},
						{"origin": [1, 1.5, -2], "size": [1, 1, 1], "pivot": [1.5, 2, -1.5], "rotation": [-20, 0, 0], "uv": [18, 10]}
					]
				},
				{
					"name": "rightarm",
					"pivot": [0, 0, 0],
					"cubes": [
						{"origin": [-2, 2, -2], "size": [1, 2, 1], "pivot": [-1.5, 3, -1.5], "rotation": [20, 0, 0], "uv": [9, 0]},
						{"origin": [-2, 1.5, -2], "size": [1, 1, 1], "pivot": [-1.5, 2, -1.5], "rotation": [-20, 0, 0], "uv": [6, 16]}
					]
				},
				{
					"name": "neck",
					"pivot": [0, 0, 0],
					"cubes": [
						{"origin": [-1, 4, -6], "size": [2, 2, 4], "pivot": [0, 4.5, -4], "rotation": [-20, 0, 0], "uv": [10, 8]}
					]
				},
				{
					"name": "skull",
					"pivot": [0, 0, 0],
					"cubes": [
						{"origin": [-1, 4.5, -6], "size": [2, 2, 1], "uv": [0, 0]},
						{"origin": [-1, 5.5, -8], "size": [2, 1, 2], "uv": [6, 18]}
					]
				},
				{
					"name": "jaw",
					"pivot": [0, 0, 0],
					"cubes": [
						{"origin": [-1, 4.5, -8], "size": [2, 1, 2], "uv": [0, 16]}
					]
				}
			]
		}
	]
}