{
	"format_version": "1.12.0",
	"minecraft:geometry": [
		{
			"description": {
				"identifier": "geometry.ourano",
				"texture_width": 64,
				"texture_height": 64,
				"visible_bounds_width": 4,
				"visible_bounds_height": 2.5,
				"visible_bounds_offset": [0, 0.75, 0]
			},
			"bones": [
				{
					"name": "body",
					"pivot": [0, 0, 0],
					"cubes": [
						{"origin": [-2.5, 4.9, -5], "size": [5, 4, 6], "pivot": [3, 5, -5], "rotation": [2, 0, 0], "uv": [0, 10]},
						{"origin": [-2.5, 5, -1], "size": [5, 4, 6], "pivot": [3, 5, -1], "rotation": [-5, 0, 0], "uv": [0, 0]},
						{"origin": [-2, 4, -3], "size": [4, 2, 7], "uv": [15, 15]},
						{"origin": [-0.5, 8, -4], "size": [1, 5, 6], "pivot": [0, 8, -4], "rotation": [-5, 0, 0], "uv": [0, 20]},
						{"origin": [-0.5, 9, 0], "size": [1, 4, 5], "pivot": [0, 9, 0], "rotation": [-30, 0, 0], "uv": [14, 24]}
					]
				},
				{
					"name": "tail",
					"pivot": [0, 0, 0],
					"cubes": [
						{"origin": [-2, 5, 4], "size": [4, 3, 3], "pivot": [2, 5, 4], "rotation": [1, 0, 0], "uv": [28, 0]},
						{"origin": [-1.5, 5, 6], "size": [3, 3, 6], "uv": [16, 4]},
						{"origin": [-1, 5.5, 11], "size": [2, 2, 5], "pivot": [2, 11, 11], "rotation": [-2, 0, 0], "uv": [26, 26]},
						{"origin": [-0.5, 6, 14], "size": [1, 1, 5], "pivot": [1, 3, 14], "rotation": [-3, 0, 0], "uv": [0, 31]}
					]
				},
				{
					"name": "leftleg1",
					"pivot": [0, 0, 0],
					"cubes": [
						{"origin": [1, 4, 0], "size": [2, 3, 3], "uv": [34, 6]},
						{"origin": [2, 3, 1.6], "size": [1, 2, 2], "pivot": [3, 3, 2], "rotation": [10, 0, 0], "uv": [8, 20]}
					]
				},
				{
					"name": "rightleg1",
					"pivot": [0, 0, 0],
					"cubes": [
						{"origin": [-3, 4, 0], "size": [2, 3, 3], "uv": [32, 33]},
						{"origin": [-3, 3, 1.75], "size": [1, 2, 2], "pivot": [-2, 2, 2], "rotation": [10, 0, 0], "uv": [0, 20]}
					]
				},
				{
					"name": "rightleg2",
					"pivot": [0, 0, 0],
					"cubes": [
						{"origin": [2, 1, 1], "size": [1, 3, 2], "pivot": [3, 1, 1], "rotation": [-10, 0, 0], "uv": [0, 10]},
						{"origin": [2, 0, 0.8], "size": [1, 1, 2], "uv": [24, 0]}
					]
				},
				{
					"name": "leftleg2",
					"pivot": [0, 0, 0],
					"cubes": [
						{"origin": [-3, 1, 1], "size": [1, 3, 2], "pivot": [-2, 1, 1], "rotation": [-10, 0, 0], "uv": [0, 0]},
						{"origin": [-3, 0, 0.8], "size": [1, 1, 2], "uv": [21, 24]}
					]
				},
				{
					"name": "leftarm1",
					"pivot": [0, 0, 0],
					"cubes": [
						{"origin": [2, 3, -4.2], "size": [1, 3, 1], "pivot": [3, 3, -5], "rotation": [10, 0, 0], "uv": [0, 31]}
					]
				},
				{
					"name": "rightarm1",
					"pivot": [0, 0, 0],
					"cubes": [
						{"origin": [-3, 3, -4.2], "size": [1, 3, 1], "pivot": [-2, 3, -5], "rotation": [10, 0, 0], "uv": [28, 6]}
					]
				},
				{
					"name": "leftarm2",
					"pivot": [0, 0, 0],
					"cubes": [
						{"origin": [2, 1, -5], "size": [1, 3, 1], "pivot": [3, 1, -5], "rotation": [-10, 0, 0], "uv": [26, 26]},
						{"origin": [2, 0, -5], "size": [1, 1, 1], "uv": [12, 20]}
					]
				},
				{
					"name": "rightarm2",
					"pivot": [0, 0, 0],
					"cubes": [
						{"origin": [-3, 1, -5], "size": [1, 3, 1], "pivot": [-2, 1, -5], "rotation": [-10, 0, 0], "uv": [14, 24]},
						{"origin": [-3, 0, -5], "size": [1, 1, 1], "uv": [16, 4]}
					]
				},
				{
					"name": "neck",
					"pivot": [0, 0, 0],
					"cubes": [
						{"origin": [-1.5, 6, -8], "size": [3, 3, 3], "pivot": [2, 6, -8], "rotation": [-10, 0, 0], "uv": [30, 13]},
						{"origin": [-1, 7, -9.5], "size": [2, 2, 2], "pivot": [1, 8, -10], "rotation": [-20, 0, 0], "uv": [16, 0]}
					]
				},
				{
					"name": "skull",
					"pivot": [0, 0, 0],
					"cubes": [
						{"origin": [-1, 8, -13], "size": [2, 1, 4], "uv": [20, 33]},
						{"origin": [-0.5, 8.1, -11.5], "size": [1, 1, 2], "uv": [16, 13]}
					]
				},
				{
					"name": "jaw",
					"pivot": [0, 0, 0],
					"cubes": [
						{"origin": [-1, 7, -13], "size": [2, 1, 4], "uv": [8, 33]}
					]
				}
			]
		}
	]
}