{
	"format_version": "1.12.0",
	"minecraft:geometry": [
		{
			"description": {
				"identifier": "geometry.pachy",
				"texture_width": 64,
				"texture_height": 64,
				"visible_bounds_width": 4,
				"visible_bounds_height": 2.5,
				"visible_bounds_offset": [0, 0.75, 0]
			},
			"bones": [
				{
					"name": "body",
					"pivot": [0, 0, 0],
					"cubes": [
						{"origin": [-1.5, 5.5, -5], "size": [3, 4, 6], "pivot": [0, 7, -2], "rotation": [6, 0, 0], "uv": [0, 10]},
						{"origin": [-1.5, 5.3, 0], "size": [3, 4, 6], "pivot": [0, 7, 3], "rotation": [-10, 0, 0], "uv": [0, 0]}
					]
				},
				{
					"name": "tail",
					"pivot": [0, 0, 0],
					"cubes": [
						{"origin": [-1.5, 5.3, 5], "size": [3, 3, 5], "pivot": [0, 6.8, 7], "rotation": [-10, 0, 0], "uv": [0, 20]},
						{"origin": [-1, 5.5, 9], "size": [2, 2, 7], "pivot": [1, 5, 9], "rotation": [-6, 0, 0], "uv": [12, 3]},
						{"origin": [-0.5, 5.5, 15], "size": [1, 1, 7], "pivot": [0, 5, 15], "rotation": [6, 0, 0], "uv": [11, 13]}
					]
				},
				{
					"name": "leftleg",
					"pivot": [0, 0, 0],
					"cubes": [
						{"origin": [1.2, 4, 1.7], "size": [2, 4, 3], "pivot": [2.2, 6, 3], "rotation": [10, 0, 0], "uv": [23, 0]},
						{"origin": [1.2, 1, 2.5], "size": [2, 4, 2], "pivot": [2, 2.5, 3.5], "rotation": [-10, 0, 0], "uv": [18, 30]},
						{"origin": [1.2, 0, 1], "size": [2, 1, 3], "uv": [10, 28]}
					]
				},
				{
					"name": "rightleg",
					"pivot": [0, 0, 0],
					"cubes": [
						{"origin": [-3.2, 4, 1.7], "size": [2, 4, 3], "pivot": [-2.2, 6, 3], "rotation": [10, 0, 0], "uv": [16, 21]},
						{"origin": [-3.2, 1, 2.5], "size": [2, 4, 2], "pivot": [-2, 2.5, 3.5], "rotation": [-10, 0, 0], "uv": [26, 30]},
						{"origin": [-3.2, 0, 1], "size": [2, 1, 3], "uv": [0, 28]}
					]
				},
				{
					"name": "neck",
					"pivot": [0, 0, 0],
					"cubes": [
						{"origin": [-1.5, 7, -7], "size": [3, 3, 4], "pivot": [0, 9, -5.5], "rotation": [-35, 0, 0], "uv": [20, 12]}
					]
				},
				{
					"name": "skull",
					"pivot": [0, 0, 0],
					"cubes": [
						{"origin": [-1.5, 7.6, -8], "size": [3, 3, 2], "uv": [25, 19]},
						{"origin": [-1.5, 8.6, -10], "size": [3, 2, 2], "uv": [24, 26]},
						{"origin": [-1, 10.2, -8.5], "size": [2, 1, 2], "uv": [11, 21]},
						{"origin": [0.4, 10, -7], "size": [1, 1, 1], "uv": [0, 14]},
						{"origin": [-1.4, 10, -7], "size": [1, 1, 1], "uv": [12, 3]}
					]
				},
				{
					"name": "jaw",
					"pivot": [0, 0, 0],
					"cubes": [
						{"origin": [-1.5, 7.6, -10], "size": [3, 1, 2], "uv": [12, 0]}
					]
				},
				{
					"name": "leftarm",
					"pivot": [0, 0, 0],
					"cubes": [
						{"origin": [1.5, 3, -3], "size": [1, 3, 1], "pivot": [2, 4.5, -2.5], "rotation": [10, 0, 0], "uv": [12, 12]},
						{"origin": [1.5, 2.5, -4], "size": [1, 1, 2], "pivot": [2, 3.5, -3], "rotation": [40, 0, 0], "uv": [0, 3]}
					]
				},
				{
					"name": "rightarm",
					"pivot": [0, 0, 0],
					"cubes": [
						{"origin": [-2.5, 3, -3], "size": [1, 3, 1], "pivot": [-2, 4.5, -2.5], "rotation": [10, 0, 0], "uv": [0, 10]},
						{"origin": [-2.5, 2.5, -4], "size": [1, 1, 2], "pivot": [-2, 3.5, -3], "rotation": [40, 0, 0], "uv": [0, 0]}
					]
				}
			]
		}
	]
}