{
	"format_version": "1.12.0",
	"minecraft:geometry": [
		{
			"description": {
				"identifier": "geometry.sinocera",
				"texture_width": 64,
				"texture_height": 64,
				"visible_bounds_width": 3,
				"visible_bounds_height": 2.5,
				"visible_bounds_offset": [0, 0.75, 0]
			},
			"bones": [
				{
					"name": "body",
					"pivot": [0, 0, 0],
					"cubes": [
						{"origin": [-3, 4, -5], "size": [6, 5, 6], "pivot": [0, 6.5, -1.5], "rotation": [7, 0, 0], "uv": [0, 0]},
						{"origin": [-3, 4, 0], "size": [6, 5, 5], "pivot": [0, 6.5, 2], "rotation": [-7, 0, 0], "uv": [0, 11]},
						{"origin": [-2, 3, -3], "size": [4, 2, 7], "uv": [15, 15]}
					]
				},
				{
					"name": "tail",
					"pivot": [0, 0, 0],
					"cubes": [
						{"origin": [-2, 4, 4], "size": [4, 4, 5], "pivot": [2, 4, 4], "rotation": [-3, 0, 0], "uv": [19, 6]},
						{"origin": [-1.5, 4, 8], "size": [3, 3, 4], "uv": [0, 28]},
						{"origin": [-1, 4.5, 10], "size": [2, 2, 5], "pivot": [1, 4, 10], "rotation": [3, 0, 0], "uv": [23, 26]}
					]
				},
				{
					"name": "neck",
					"pivot": [0, 0, 0],
					"cubes": [
						{"origin": [-2, 4, -7], "size": [4, 4, 3], "pivot": [2, 4, -7], "rotation": [-2, 0, 0], "uv": [14, 24]}
					]
				},
				{
					"name": "skull",
					"pivot": [0, 0, 0],
					"cubes": [
						{"origin": [-1.5, 4.5, -10], "size": [3, 3, 4], "uv": [0, 21]},
						{"origin": [-1, 5.5, -12.4], "size": [2, 2, 3], "uv": [32, 6]},
						{"origin": [-0.8, 6, -7], "size": [4, 6, 1], "pivot": [1, 9, -6.5], "rotation": [-20, 0, 10], "uv": [14, 32]},
						{"origin": [-3.2, 6, -7], "size": [4, 6, 1], "pivot": [-1, 9, -6.5], "rotation": [-20, 0, -10], "uv": [30, 15]},
						{"origin": [-0.5, 5.5, -13.1], "size": [1, 2, 1], "pivot": [0, 6.5, -13], "rotation": [-20, 0, 0], "uv": [25, 0]},
						{"origin": [1, 11.03407, -6.74118], "size": [1, 3, 1], "pivot": [1.5, 12.53407, -6.24118], "rotation": [40, 0, 10], "uv": [0, 21]},
						{"origin": [-2, 11.03407, -6.74118], "size": [1, 3, 1], "pivot": [-1.5, 12.53407, -6.24118], "rotation": [40, 0, -10], "uv": [0, 11]},
						{"origin": [-0.5, 6, -12], "size": [1, 4, 1], "pivot": [0, 7.5, -11.5], "rotation": [20, 0, 0], "uv": [0, 0]},
						{"origin": [-0.5, 11, -6], "size": [1, 2, 1], "pivot": [0, 11, -6], "rotation": [40, 0, 0], "uv": [10, 21]}
					]
				},
				{
					"name": "frontleftleg",
					"pivot": [0, 0, 0],
					"cubes": [
						{"origin": [2, 4, -5], "size": [2, 3, 3], "pivot": [4, 4, -5], "rotation": [3, 0, 0], "uv": [24, 33]},
						{"origin": [2, 2, -4], "size": [2, 3, 2], "pivot": [4, 2, -4], "rotation": [10, 0, 0], "uv": [39, 11]},
						{"origin": [2, 0, -4], "size": [2, 3, 2], "uv": [16, 39]}
					]
				},
				{
					"name": "frontrightleg",
					"pivot": [0, 0, 0],
					"cubes": [
						{"origin": [-4, 4, -5], "size": [2, 3, 3], "pivot": [-2, 4, -5], "rotation": [3, 0, 0], "uv": [32, 24]},
						{"origin": [-4, 2, -4], "size": [2, 3, 2], "pivot": [-2, 2, -4], "rotation": [10, 0, 0], "uv": [32, 39]},
						{"origin": [-4, 0, -4], "size": [2, 3, 2], "uv": [24, 39]}
					]
				},
				{
					"name": "backleftleg",
					"pivot": [0, 0, 0],
					"cubes": [
						{"origin": [2, 4, 2], "size": [2, 3, 3], "uv": [28, 0]},
						{"origin": [2, 2, 2.5], "size": [2, 3, 2], "pivot": [3, 3.5, 3.5], "rotation": [10, 0, 0], "uv": [38, 0]},
						{"origin": [2, 0, 2.5], "size": [2, 3, 2], "uv": [0, 35]}
					]
				},
				{
					"name": "backrightleg",
					"pivot": [0, 0, 0],
					"cubes": [
						{"origin": [-4, 4, 2], "size": [2, 3, 3], "uv": [18, 0]},
						{"origin": [-4, 2, 2.5], "size": [2, 3, 2], "pivot": [-3, 3.5, 3.5], "rotation": [10, 0, 0], "uv": [8, 37]},
						{"origin": [-4, 0, 2.5], "size": [2, 3, 2], "uv": [34, 34]}
					]
				},
				{
					"name": "jaw",
					"pivot": [0, 0, 0],
					"cubes": [
						{"origin": [-1, 4.5, -12], "size": [2, 1, 2], "uv": [35, 31]}
					]
				}
			]
		}
	]
}