{
	"format_version": "1.12.0",
	"minecraft:geometry": [
		{
			"description": {
				"identifier": "geometry.spino",
				"texture_width": 64,
				"texture_height": 64,
				"visible_bounds_width": 4,
				"visible_bounds_height": 2.5,
				"visible_bounds_offset": [0, 0.75, 0]
			},
			"bones": [
				{
					"name": "body",
					"pivot": [0, 0, 0],
					"cubes": [
						{"origin": [-2, 4, -5], "size": [4, 5, 6], "pivot": [2, 4, -5], "rotation": [4, 0, 0], "uv": [14, 16]},
						{"origin": [-2, 4.3, 0.10619], "size": [4, 5, 6], "pivot": [0, 6.36676, 3.10619], "rotation": [-2.5, 0, 0], "uv": [14, 5]},
						{"origin": [-0.5, 8.4, -4], "size": [1, 6, 4], "pivot": [1, 8, -4], "rotation": [2.5, 0, 0], "uv": [14, 35]},
						{"origin": [-0.5, 8.4, -1], "size": [1, 5.6, 6], "pivot": [0, 11.8, 2], "rotation": [-10, 0, 0], "uv": [28, 0]}
					]
				},
				{
					"name": "tail1",
					"pivot": [0, 0, 0],
					"cubes": [
						{"origin": [-1.5, 4.6, 5], "size": [3, 4, 7], "pivot": [2, 5, 5], "rotation": [-4, 0, 0], "uv": [0, 11]}
					]
				},
				{
					"name": "tail2",
					"pivot": [0, 0, 0],
					"cubes": [
						{"origin": [-1, 5, 11], "size": [2, 3, 8], "pivot": [1, 5, 11], "rotation": [-3, 0, 0], "uv": [0, 0]},
						{"origin": [-0.5, 4.5, 14], "size": [1, 4, 7], "pivot": [0, 5, 13], "rotation": [-3, 0, 0], "uv": [0, 22]}
					]
				},
				{
					"name": "neck",
					"pivot": [0, 0, 0],
					"cubes": [
						{"origin": [-1.5, 7, -8], "size": [3, 3, 4], "pivot": [3, 7, -9], "rotation": [-30, 0, 0], "uv": [0, 33]},
						{"origin": [-1.5, 6.7, -10.5], "size": [3, 3, 4], "pivot": [2, 7, -10], "rotation": [-10, 0, 0], "uv": [30, 12]}
					]
				},
				{
					"name": "skull",
					"pivot": [0, 0, 0],
					"cubes": [
						{"origin": [-1.5, 7.8, -16], "size": [3, 2, 6], "uv": [10, 27]}
					]
				},
				{
					"name": "jaw",
					"pivot": [0, 0, 0],
					"cubes": [
						{"origin": [-1.5, 6.8, -16], "size": [3, 1, 6], "uv": [28, 28]}
					]
				},
				{
					"name": "leg1top",
					"pivot": [0, 0, 0],
					"cubes": [
						{"origin": [1, 4, 2], "size": [2, 3, 3], "uv": [24, 35]},
						{"origin": [1, 2, 2.5], "size": [2, 3, 2], "pivot": [3, 2, 2], "rotation": [10, 0, 0], "uv": [36, 0]}
					]
				},
				{
					"name": "leg2top",
					"pivot": [0, 0, 0],
					"cubes": [
						{"origin": [-3, 4, 2], "size": [2, 3, 3], "uv": [34, 19]},
						{"origin": [-3, 2, 2.5], "size": [2, 3, 2], "pivot": [-1, 2, 2], "rotation": [10, 0, 0], "uv": [34, 35]}
					]
				},
				{
					"name": "leg1bottom",
					"pivot": [0, 0, 0],
					"cubes": [
						{"origin": [1, 0, 2.1], "size": [2, 3, 2], "pivot": [2, 1.5, 3.1], "rotation": [-8, 0, 0], "uv": [24, 0]},
						{"origin": [1, 0, 0], "size": [2, 1, 4], "uv": [22, 27]}
					]
				},
				{
					"name": "leg2bottom",
					"pivot": [0, 0, 0],
					"cubes": [
						{"origin": [-3, 0, 2.1], "size": [2, 3, 2], "pivot": [-2, 1.5, 3.1], "rotation": [-8, 0, 0], "uv": [0, 0]},
						{"origin": [-3, 0, 0], "size": [2, 1, 4], "uv": [12, 0]}
					]
				},
				{
					"name": "arm1",
					"pivot": [0, 0, 0],
					"cubes": [
						{"origin": [1, 4, -4], "size": [2, 2, 2], "uv": [32, 40]},
						{"origin": [1.5, 2, -4], "size": [1, 3, 2], "pivot": [2, 3.5, -3], "rotation": [-10, 0, 0], "uv": [0, 22]},
						{"origin": [2, 1, -4], "size": [1, 2, 1], "pivot": [2.5, 3, -3.5], "rotation": [0, 0, -20], "uv": [20, 0]},
						{"origin": [1.5, 0.8, -4], "size": [1, 2, 1], "uv": [12, 0]},
						{"origin": [1, 1, -4], "size": [1, 2, 1], "pivot": [1.5, 3, -3.5], "rotation": [0, 0, 20], "uv": [4, 5]}
					]
				},
				{
					"name": "arm2",
					"pivot": [0, 0, 0],
					"cubes": [
						{"origin": [-3, 4, -4], "size": [2, 2, 2], "uv": [0, 40]},
						{"origin": [-2.5, 2, -4], "size": [1, 3, 2], "pivot": [-2, 3.5, -3], "rotation": [-10, 0, 0], "uv": [0, 11]},
						{"origin": [-2, 1, -4], "size": [1, 2, 1], "pivot": [-1.5, 3, -3.5], "rotation": [0, 0, -20], "uv": [16, 5]},
						{"origin": [-3, 1, -4], "size": [1, 2, 1], "pivot": [-2.5, 3, -3.5], "rotation": [0, 0, 20], "uv": [0, 5]},
						{"origin": [-2.5, 0.8, -4], "size": [1, 2, 1], "uv": [12, 5]}
					]
				}
			]
		}
	]
}