{
	"format_version": "1.12.0",
	"minecraft:geometry": [
		{
			"description": {
				"identifier": "geometry.stego",
				"texture_width": 64,
				"texture_height": 64,
				"visible_bounds_width": 4,
				"visible_bounds_height": 2.5,
				"visible_bounds_offset": [0, 0.75, 0]
			},
			"bones": [
				{
					"name": "body",
					"pivot": [0, 0, 0],
					"cubes": [
						{"origin": [-3, 4, -5], "size": [6, 5, 6], "pivot": [3, 4, -5], "rotation": [7, 0, 0], "uv": [0, 11]},
						{"origin": [-2, 3.7, -4], "size": [4, 2, 7], "uv": [17, 17]},
						{"origin": [-3, 4.7, -1], "size": [6, 5, 6], "pivot": [3, 5, -1], "rotation": [-8, 0, 0], "uv": [0, 0]},
						{"origin": [-2, 8, -4], "size": [1, 2, 2], "pivot": [-1, 8, -4], "rotation": [7, 0, 0], "uv": [28, 43]},
						{"origin": [-2, 8, -3], "size": [1, 4, 4], "pivot": [-1, 8, -3], "rotation": [56, 0, 0], "uv": [30, 35]},
						{"origin": [1, 8, -3], "size": [1, 2, 2], "pivot": [2, 8, -3], "rotation": [7, 0, 0], "uv": [0, 43]},
						{"origin": [1, 8, -2], "size": [1, 4, 4], "pivot": [2, 8, -2], "rotation": [56, 0, 0], "uv": [20, 34]},
						{"origin": [-2, 8, 1], "size": [1, 2, 2], "pivot": [-1, 8, 1], "rotation": [-8, 0, 0], "uv": [42, 33]},
						{"origin": [1, 7.5, 3], "size": [1, 2, 2], "pivot": [2, 8, 3], "rotation": [-8, 0, 0], "uv": [22, 42]},
						{"origin": [-2, 11, 0], "size": [1, 4, 4], "pivot": [-1, 11, 0], "rotation": [-56, 0, 0], "uv": [10, 34]},
						{"origin": [1, 10.5, 2], "size": [1, 4, 4], "pivot": [2, 11, 2], "rotation": [-56, 0, 0], "uv": [32, 9]}
					]
				},
				{
					"name": "tail",
					"pivot": [0, 0, 0],
					"cubes": [
						{"origin": [-2, 4, 4], "size": [4, 4, 4], "pivot": [2, 4, 4], "rotation": [-9, 0, 0], "uv": [12, 26]},
						{"origin": [-1.5, 3.7, 7], "size": [3, 3, 5], "uv": [0, 22]},
						{"origin": [-1, 4, 11], "size": [2, 2, 7], "pivot": [1, 4, 11], "rotation": [10, 0, 0], "uv": [18, 4]},
						{"origin": [-1, 6, 6], "size": [1, 2, 2], "pivot": [0, 6, 6], "rotation": [-9, 0, 0], "uv": [16, 42]},
						{"origin": [0, 5, 9], "size": [1, 2, 2], "uv": [29, 6]},
						{"origin": [0, 5, 8], "size": [1, 2, 2], "pivot": [1, 5, 11], "rotation": [-45, 0, 0], "uv": [11, 22]},
						{"origin": [-1, 8, 6], "size": [1, 2, 2], "pivot": [0, 8, 6], "rotation": [-50, 0, 0], "uv": [0, 11]},
						{"origin": [0, 6, 13], "size": [5, 1, 1], "pivot": [2.5, 6.5, 13.5], "rotation": [0, 0, -30], "uv": [18, 15]},
						{"origin": [-5, 6, 13], "size": [5, 1, 1], "pivot": [-2.5, 6.5, 13.5], "rotation": [0, 0, 30], "uv": [18, 13]},
						{"origin": [-5, 7, 16], "size": [5, 1, 1], "pivot": [-2.5, 7.5, 16.5], "rotation": [0, 0, 30], "uv": [18, 2]},
						{"origin": [0, 7, 16], "size": [5, 1, 1], "pivot": [2.5, 7.5, 16.5], "rotation": [0, 0, -30], "uv": [18, 0]}
					]
				},
				{
					"name": "frontlegleft",
					"pivot": [0, 0, 0],
					"cubes": [
						{"origin": [2, 3, -4], "size": [2, 3, 3], "uv": [39, 14]},
						{"origin": [2, 1, -3.5], "size": [2, 3, 2], "pivot": [3, 2.5, -2.5], "rotation": [-10, 0, 0], "uv": [40, 40]},
						{"origin": [2, 0, -3.7], "size": [2, 2, 2], "uv": [36, 35]}
					]
				},
				{
					"name": "frontlegright",
					"pivot": [0, 0, 0],
					"cubes": [
						{"origin": [-4, 3, -4], "size": [2, 3, 3], "uv": [38, 6]},
						{"origin": [-4, 1, -3.5], "size": [2, 3, 2], "pivot": [-3, 2.5, -2.5], "rotation": [-10, 0, 0], "uv": [40, 0]},
						{"origin": [-4, 0, -3.7], "size": [2, 2, 2], "uv": [8, 42]}
					]
				},
				{
					"name": "backleftleg",
					"pivot": [0, 0, 0],
					"cubes": [
						{"origin": [2, 1, 2.5], "size": [2, 3, 2], "pivot": [3, 2.5, 3.5], "rotation": [-7, 0, 0], "uv": [39, 28]},
						{"origin": [2, 0, 2.4], "size": [2, 2, 2], "uv": [16, 34]},
						{"origin": [2, 3, 2], "size": [2, 3, 3], "uv": [0, 37]}
					]
				},
				{
					"name": "backrightleg",
					"pivot": [0, 0, 0],
					"cubes": [
						{"origin": [-4, 3, 2], "size": [2, 3, 3], "uv": [32, 17]},
						{"origin": [-4, 1, 2.5], "size": [2, 3, 2], "pivot": [-3, 2.5, 3.5], "rotation": [-7, 0, 0], "uv": [39, 23]},
						{"origin": [-4, 0, 2.4], "size": [2, 2, 2], "uv": [24, 26]}
					]
				},
				{
					"name": "neck",
					"pivot": [0, 0, 0],
					"cubes": [
						{"origin": [-1.5, 4, -8], "size": [3, 3, 4], "pivot": [2, 4, -8], "rotation": [15, 0, 0], "uv": [0, 30]},
						{"origin": [-1, 6.5, -8], "size": [1, 1, 1], "pivot": [0, 7, -8], "rotation": [30, 0, 0], "uv": [0, 4]},
						{"origin": [-1, 7, -9], "size": [1, 2, 2], "pivot": [0, 8, -9], "rotation": [-30, 0, 0], "uv": [0, 0]}
					]
				},
				{
					"name": "skull",
					"pivot": [0, 0, 0],
					"cubes": [
						{"origin": [-1.5, 5, -13], "size": [3, 2, 5], "uv": [28, 28]}
					]
				},
				{
					"name": "jaw",
					"pivot": [0, 0, 0],
					"cubes": [
						{"origin": [-1.5, 4, -13], "size": [3, 1, 5], "uv": [29, 0]}
					]
				}
			]
		}
	]
}