{
	"format_version": "1.12.0",
	"minecraft:geometry": [
		{
			"description": {
				"identifier": "geometry.styraco",
				"texture_width": 64,
				"texture_height": 64,
				"visible_bounds_width": 3,
				"visible_bounds_height": 2.5,
				"visible_bounds_offset": [0, 0.75, 0]
			},
			"bones": [
				{
					"name": "body",
					"pivot": [0, 0, 0],
					"cubes": [
						{"origin": [-3, 4, -5], "size": [6, 5, 6], "pivot": [0, 6.5, -1.5], "rotation": [7, 0, 0], "uv": [0, 0]},
						{"origin": [-3, 4, 0], "size": [6, 5, 5], "pivot": [0, 6.5, 2], "rotation": [-7, 0, 0], "uv": [0, 11]},
						{"origin": [-2, 3, -3], "size": [4, 2, 7], "uv": [15, 15]}
					]
				},
				{
					"name": "tail",
					"pivot": [0, 0, 0],
					"cubes": [
						{"origin": [-2, 4, 4], "size": [4, 4, 4], "pivot": [2, 4, 4], "rotation": [-3, 0, 0], "uv": [20, 7]},
						{"origin": [-1.5, 4, 7], "size": [3, 3, 4], "uv": [23, 24]},
						{"origin": [-1, 4.5, 10], "size": [2, 2, 5], "pivot": [1, 4, 10], "rotation": [3, 0, 0], "uv": [9, 24]}
					]
				},
				{
					"name": "neck",
					"pivot": [0, 0, 0],
					"cubes": [
						{"origin": [-2, 4, -7], "size": [4, 4, 3], "pivot": [2, 4, -7], "rotation": [-2, 0, 0], "uv": [0, 21]}
					]
				},
				{
					"name": "skull",
					"pivot": [0, 0, 0],
					"cubes": [
						{"origin": [-1.5, 4.5, -9], "size": [3, 3, 3], "uv": [18, 0]},
						{"origin": [-1, 5.5, -11.4], "size": [2, 2, 3], "uv": [34, 21]},
						{"origin": [-0.8, 6, -7], "size": [4, 6, 1], "pivot": [1, 9, -6.5], "rotation": [-20, 0, 10], "uv": [30, 0]},
						{"origin": [-3.2, 6, -7], "size": [4, 6, 1], "pivot": [-1, 9, -6.5], "rotation": [-20, 0, -10], "uv": [0, 30]},
						{"origin": [-0.5, 5.5, -12.1], "size": [1, 2, 1], "pivot": [0, 6.5, -12], "rotation": [-20, 0, 0], "uv": [11, 21]},
						{"origin": [-0.5, 6, -12], "size": [1, 3, 1], "pivot": [0, 7.5, -11.5], "rotation": [30, 0, 0], "uv": [40, 17]},
						{"origin": [-0.5, 8, -12.5], "size": [1, 3, 1], "pivot": [0, 8, -13], "rotation": [10, 0, 0], "uv": [32, 7]},
						{"origin": [-2, 11, -6], "size": [1, 4, 1], "pivot": [-1.5, 11.5, -5.5], "rotation": [-20, 0, -20], "uv": [40, 0]},
						{"origin": [1, 11, -6], "size": [1, 4, 1], "pivot": [1.5, 11.5, -5.5], "rotation": [-20, 0, 20], "uv": [40, 40]},
						{"origin": [3, 10, -6], "size": [1, 4, 1], "pivot": [3.5, 10.5, -5.5], "rotation": [-20, 0, 50], "uv": [0, 11]},
						{"origin": [-4, 10, -6], "size": [1, 4, 1], "pivot": [-3.5, 10.5, -5.5], "rotation": [-20, 0, -50], "uv": [0, 0]}
					]
				},
				{
					"name": "frontleftleg",
					"pivot": [0, 0, 0],
					"cubes": [
						{"origin": [2, 4, -5], "size": [2, 3, 3], "pivot": [4, 4, -5], "rotation": [3, 0, 0], "uv": [30, 31]},
						{"origin": [2, 2, -4], "size": [2, 3, 2], "pivot": [4, 2, -4], "rotation": [10, 0, 0], "uv": [37, 26]},
						{"origin": [2, 0, -4], "size": [2, 3, 2], "uv": [24, 37]}
					]
				},
				{
					"name": "frontrightleg",
					"pivot": [0, 0, 0],
					"cubes": [
						{"origin": [-4, 4, -5], "size": [2, 3, 3], "pivot": [-2, 4, -5], "rotation": [3, 0, 0], "uv": [20, 31]},
						{"origin": [-4, 2, -4], "size": [2, 3, 2], "pivot": [-2, 2, -4], "rotation": [10, 0, 0], "uv": [37, 12]},
						{"origin": [-4, 0, -4], "size": [2, 3, 2], "uv": [32, 37]}
					]
				},
				{
					"name": "backleftleg",
					"pivot": [0, 0, 0],
					"cubes": [
						{"origin": [2, 4, 2], "size": [2, 3, 3], "uv": [10, 31]},
						{"origin": [2, 2, 2.5], "size": [2, 3, 2], "pivot": [3, 3.5, 3.5], "rotation": [10, 0, 0], "uv": [16, 37]},
						{"origin": [2, 0, 2.5], "size": [2, 3, 2], "uv": [0, 37]}
					]
				},
				{
					"name": "backrightleg",
					"pivot": [0, 0, 0],
					"cubes": [
						{"origin": [-4, 4, 2], "size": [2, 3, 3], "uv": [30, 15]},
						{"origin": [-4, 2, 2.5], "size": [2, 3, 2], "pivot": [-3, 3.5, 3.5], "rotation": [10, 0, 0], "uv": [8, 37]},
						{"origin": [-4, 0, 2.5], "size": [2, 3, 2], "uv": [36, 7]}
					]
				},
				{
					"name": "jaw",
					"pivot": [0, 0, 0],
					"cubes": [
						{"origin": [-1, 4.5, -11], "size": [2, 1, 2], "uv": [18, 24]}
					]
				}
			]
		}
	]
}