{
	"format_version": "1.12.0",
	"minecraft:geometry": [
		{
			"description": {
				"identifier": "geometry.tylo",
				"texture_width": 64,
				"texture_height": 64,
				"visible_bounds_width": 5,
				"visible_bounds_height": 2.5,
				"visible_bounds_offset": [0, 0.75, 0]
			},
			"bones": [
				{
					"name": "body",
					"pivot": [0, 0, 0],
					"cubes": [
						{"origin": [-3, 3, -6], "size": [6, 6, 7], "uv": [0, 11]},
						{"origin": [-3, 3, 0], "size": [6, 6, 6], "uv": [0, 29]},
						{"origin": [-2.5, 3.5, -4], "size": [5, 2, 9], "uv": [0, 0]}
					]
				},
				{
					"name": "tail1",
					"pivot": [0, 0, 0],
					"cubes": [
						{"origin": [-2, 4, 6], "size": [4, 4, 7], "uv": [34, 13]}
					]
				},
				{
					"name": "tail2",
					"pivot": [0, 0, 0],
					"cubes": [
						{"origin": [-1.5, 4.5, 12], "size": [3, 3, 5], "uv": [36, 0]},
						{"origin": [-1, 5, 16], "size": [2, 2, 9], "uv": [24, 29]},
						{"origin": [-0.5, 4.6, 20], "size": [1, 3, 6], "uv": [37, 24]}
					]
				},
				{
					"name": "neck",
					"pivot": [0, 0, 0],
					"cubes": [
						{"origin": [-2.5, 3.5, -7], "size": [5, 5, 2], "uv": [22, 40]}
					]
				},
				{
					"name": "skull",
					"pivot": [0, 0, 0],
					"cubes": [
						{"origin": [-2, 5.5, -16], "size": [4, 3, 9], "uv": [17, 17]}
					]
				},
				{
					"name": "jaw",
					"pivot": [0, 0, 0],
					"cubes": [
						{"origin": [-2, 3.5, -16], "size": [4, 2, 9], "uv": [19, 2]}
					]
				},
				{
					"name": "leftfrontfin",
					"pivot": [0, 0, 0],
					"cubes": [
						{"origin": [1, 3, -6], "size": [5, 1, 3], "pivot": [3.5, 3.5, -4.5], "rotation": [90, -50, 10], "uv": [36, 40]}
					]
				},
				{
					"name": "rightfrontfin",
					"pivot": [0, 0, 0],
					"cubes": [
						{"origin": [-6, 3, -6], "size": [5, 1, 3], "pivot": [-3.5, 3.5, -4.5], "rotation": [90, 50, -10], "uv": [37, 33]}
					]
				},
				{
					"name": "leftbackfin",
					"pivot": [0, 0, 0],
					"cubes": [
						{"origin": [1, 3, 2], "size": [5, 1, 3], "pivot": [3.5, 3.5, 3.5], "rotation": [90, -50, 10], "uv": [0, 24]}
					]
				},
				{
					"name": "rightbackfin",
					"pivot": [0, 0, 0],
					"cubes": [
						{"origin": [-6, 3, 2], "size": [5, 1, 3], "pivot": [-3.5, 3.5, 3.5], "rotation": [90, 50, -10], "uv": [19, 13]}
					]
				}
			]
		}
	]
}