{
	"format_version": "1.12.0",
	"minecraft:geometry": [
		{
			"description": {
				"identifier": "geometry.velo",
				"texture_width": 64,
				"texture_height": 64,
				"visible_bounds_width": 5,
				"visible_bounds_height": 2.5,
				"visible_bounds_offset": [0, 0.75, 0]
			},
			"bones": [
				{
					"name": "body",
					"pivot": [0, 0, 0],
					"cubes": [
						{"origin": [-3, 8, -7], "size": [6, 5, 8], "pivot": [3, 8, -7], "rotation": [10, 0, 0], "uv": [0, 0]},
						{"origin": [-3, 9, -1], "size": [6, 5, 7], "pivot": [3, 9, -1], "rotation": [-10, 0, 0], "uv": [21, 21]}
					]
				},
				{
					"name": "tail1",
					"pivot": [0, 0, 0],
					"cubes": [
						{"origin": [-2.5, 8, 6], "size": [5, 4, 3], "pivot": [3, 8, 6], "rotation": [-6, 0, 0], "uv": [42, 33]},
						{"origin": [-2, 8, 9], "size": [4, 3, 3], "pivot": [2, 8, 9], "rotation": [-7, 0, 0], "uv": [18, 15]}
					]
				},
				{
					"name": "tail2",
					"pivot": [0, 0, 0],
					"cubes": [
						{"origin": [-1.5, 7.7, 11], "size": [3, 3, 6], "uv": [30, 34]},
						{"origin": [-1, 8, 17], "size": [2, 2, 9], "pivot": [1, 8, 17], "rotation": [10, 0, 0], "uv": [19, 4]},
						{"origin": [-2, 8.7, 18], "size": [4, 1, 10], "pivot": [2, 9, 18], "rotation": [10, 0, 0], "uv": [0, 13]}
					]
				},
				{
					"name": "topleftleg",
					"pivot": [0, 0, 0],
					"cubes": [
						{"origin": [3, 8, 0], "size": [2, 5, 5], "pivot": [5, 8, 0], "rotation": [-10, 0, 0], "uv": [0, 42]},
						{"origin": [3, 5, 1], "size": [2, 4, 4], "pivot": [5, 7, 1], "rotation": [10, 0, 0], "uv": [40, 43]}
					]
				},
				{
					"name": "toplegright",
					"pivot": [0, 0, 0],
					"cubes": [
						{"origin": [-5, 8, 0], "size": [2, 5, 5], "pivot": [-3, 8, 0], "rotation": [-10, 0, 0], "uv": [40, 16]},
						{"origin": [-5, 5, 1], "size": [2, 4, 4], "pivot": [-3, 7, 1], "rotation": [10, 0, 0], "uv": [10, 48]}
					]
				},
				{
					"name": "bottomlegleft",
					"pivot": [4, 0, 2],
					"cubes": [
						{"origin": [3, 1, 0], "size": [2, 7, 3], "pivot": [5, 0, 0], "rotation": [-20, 0, 0], "uv": [30, 43]},
						{"origin": [2.5, 0, -3], "size": [3, 1, 6], "uv": [35, 9]},
						{"origin": [4, 0.5, -2], "size": [1, 2, 1], "pivot": [5, 1, -2], "rotation": [10, 0, 0], "uv": [0, 24]}
					]
				},
				{
					"name": "bottomrightleg",
					"pivot": [0, 0, 0],
					"cubes": [
						{"origin": [-5, 1, 0], "size": [2, 7, 3], "pivot": [-3, 0, 0], "rotation": [-20, 0, 0], "uv": [0, 13]},
						{"origin": [-5.5, 0, -3], "size": [3, 1, 6], "uv": [0, 35]},
						{"origin": [-5, 0.5, -2], "size": [1, 2, 1], "pivot": [-4, 1, -2], "rotation": [10, 0, 0], "uv": [20, 4]}
					]
				},
				{
					"name": "neck",
					"pivot": [0, 0, 0],
					"cubes": [
						{"origin": [-2, 10, -11], "size": [4, 4, 4], "pivot": [3, 10, -10], "rotation": [-20, 0, 0], "uv": [14, 40]}
					]
				},
				{
					"name": "skull",
					"pivot": [0, 0, 0],
					"cubes": [
						{"origin": [-2, 12, -16], "size": [4, 2, 7], "pivot": [2, 12, -16], "rotation": [5, 0, 0], "uv": [0, 26]},
						{"origin": [-2, 12, -16], "size": [4, 1, 7], "uv": [32, 0]}
					]
				},
				{
					"name": "jaw",
					"pivot": [0, 0, 0],
					"cubes": [
						{"origin": [-2, 11, -16], "size": [4, 1, 6], "uv": [16, 33]}
					]
				},
				{
					"name": "arm1",
					"pivot": [0, 0, 0],
					"cubes": [
						{"origin": [3, 6, -6], "size": [2, 4, 3], "pivot": [5, 6, -6], "rotation": [-10, 0, 0], "uv": [47, 8]},
						{"origin": [3, 5, -6], "size": [2, 2, 2], "pivot": [5, 5, -6], "rotation": [-20, 0, 0], "uv": [0, 4]},
						{"origin": [3, 4, -7], "size": [2, 1, 3], "pivot": [5, 4, -7], "rotation": [10, 0, 0], "uv": [15, 24]}
					]
				},
				{
					"name": "arm2",
					"pivot": [0, 0, 0],
					"cubes": [
						{"origin": [-5, 6, -6], "size": [2, 4, 3], "pivot": [-3, 6, -6], "rotation": [-10, 0, 0], "uv": [47, 0]},
						{"origin": [-5, 5, -6], "size": [2, 2, 2], "pivot": [-3, 5, -6], "rotation": [-20, 0, 0], "uv": [0, 0]},
						{"origin": [-5, 4, -7], "size": [2, 1, 3], "pivot": [-3, 4, -7], "rotation": [10, 0, 0], "uv": [20, 0]}
					]
				}
			]
		}
	]
}