{
	"format_version": "1.16.0",
	"minecraft:entity": {
		"description": {
			"identifier": "jurassic:smilodon",
			"is_spawnable": true,
			"is_summonable": true,
			"is_experimental": false
		},
		"component_groups": {
			"minecraft:smilodon_baby": {
				"minecraft:is_baby": {},
				"minecraft:scale": {
					"value": 0.5
				},
				"minecraft:ageable": {
					"duration": 1200,
					"feed_items": [
						"chicken",
						"cooked_chicken",
						"beef",
						"cooked_beef",
						"muttonRaw",
						"muttonCooked",
						"porkchop",
						"cooked_porkchop",
						"rabbit",
						"cooked_rabbit"
					],
					"grow_up": {
						"event": "minecraft:ageable_grow_up",
						"target": "self"
					}
				},
				"minecraft:scale_by_age": {
					"start_scale": 0.5,
					"end_scale": 2
				},
				"minecraft:behavior.follow_parent": {
					"priority": 1,
					"speed_multiplier": 0.3
				},
				"minecraft:behavior.panic": {
					"priority": 1,
					"damage_sources": "entity_attack",
					"speed_multiplier": 0.5
				},
				"minecraft:type_family": {
					"family": [
						"smilodon",
						"smil_baby"
					]
				}
			},
			"minecraft:smilodon_baby_scared": {
				"minecraft:angry": {
					"broadcast_anger": true,
					"broadcast_range": 60,
					"duration": 1,
					"calm_event": {
						"event:minecraft:baby_on_calm": {},
						"target": "self"
					}
				}
			},
			"minecraft:smilodon_baby_wild": {
				"minecraft:on_target_acquired": {
					"event": "minecraft:on_scared"
				},
				"minecraft:behavior.nearest_attackable_target": {
					"priority": 6,
					"reselect_targets": true,
					"must_see": true,
					"entity_types": [
						{
							"filters": {
								"any_of": [
									{
										"test": "is_family",
										"subject": "other",
										"value": "veloci_adult"
									},
									{
										"test": "is_family",
										"subject": "other",
										"value": "pteranodon"
									},
									{
										"test": "is_family",
										"subject": "other",
										"value": "player"
									},
									{
										"test": "is_family",
										"subject": "other",
										"value": "dilo_adult"
									}
								]
							}
						}
					]
				},
				"minecraft:tameable": {
					"probability": 0.33,
					"tame_items": "bone",
					"tame_event": {
						"event": "minecraft:on_tame",
						"target": "self"
					}
				}
			},
			"minecraft:smilodon_adult": {
				"minecraft:experience_reward": {
					"on_bred": "Math.Random(1,7)",
					"on_death": "query.last_hit_by_player ? Math.Random(1,3) : 0"
				},
				"minecraft:loot": {
					"table": "loot_tables/entities/jurassic_smilodon.json"
				},
				"minecraft:breedable": {
					"require_tame": true,
					"require_full_health": true,
					"breeds_with": {
						"mate_type": "jurassic:smilodon",
						"baby_type": "jurassic:smilodon",
						"breed_event": {
							"event": "minecraft:entity_born",
							"target": "baby"
						}
					},
					"breed_items": [
						"chicken",
						"cooked_chicken",
						"beef",
						"cooked_beef",
						"muttonRaw",
						"muttonCooked",
						"porkchop",
						"cooked_porkchop",
						"rabbit",
						"cooked_rabbit"
					]
				},
				"minecraft:scale": {
					"value": 1.3
				},
				"minecraft:type_family": {
					"family": [
						"smilodon",
						"smil_adult"
					]
				}
			},
			"minecraft:smilodon_angry": {
				"minecraft:angry": {
					"duration": 25,
					"broadcast_anger": false,
					"broadcast_range": 20,
					"calm_event": {
						"event": "minecraft:on_calm",
						"target": "self"
					}
				},
				"minecraft:on_target_acquired": {}
			},
			"minecraft:smilodon_wild": {
				"minecraft:tameable": {
					"probability": 0.33,
					"tame_items": "bone",
					"tame_event": {
						"event": "minecraft:on_tame",
						"target": "self"
					}
				},
				"minecraft:behavior.nearest_attackable_target": {
					"priority": 4,
					"reselect_targets": true,
					"must_see": true,
					"entity_types": [
						{
							"filters": {
								"any_of": [
									{
										"test": "is_family",
										"subject": "other",
										"value": "pig"
									},
									{
										"test": "is_family",
										"subject": "other",
										"value": "sheep"
									},
									{
										"test": "is_family",
										"subject": "other",
										"value": "cow"
									},
									{
										"test": "is_family",
										"subject": "other",
										"value": "llama"
									},
									{
										"test": "is_family",
										"subject": "other",
										"value": "veloci_adult"
									},
									{
										"test": "is_family",
										"subject": "other",
										"value": "stego_baby"
									},
									{
										"test": "is_family",
										"subject": "other",
										"value": "pteran_female"
									},
									{
										"test": "is_family",
										"subject": "other",
										"value": "pteran_male_small"
									},
									{
										"test": "is_family",
										"subject": "other",
										"value": "trike_baby"
									},
									{ "test": "is_family",
									"subject": "other",
									"value": "dodo"
									}
								]
							},
							"max_dist": 16
						}
					]
				},
				"minecraft:on_target_acquired": {
					"event": "minecraft:become_angry",
					"target": "self"
				}
			},
			"minecraft:smilodon_tame": {
				"minecraft:is_tamed": {},
				"minecraft:health": {
					"value": 25,
					"max": 25
				},
				"minecraft:attack": {
					"damage": 9
				},
				"minecraft:behavior.breed": {
					"priority": 2,
					"speed_multiplier": 1
				},
				"minecraft:sittable": {},
				"minecraft:leashable": {
					"soft_distance": 4,
					"hard_distance": 6,
					"max_distance": 10,
					"on_leash": {
						"event": "minecraft:on_leash",
						"target": "self"
					},
					"on_unleash": {
						"event": "minecraft:on_unleash",
						"target": "self"
					}
				},
				"minecraft:interact": {
					"interactions": [
						{
							"interact_text": "Follow",
							"on_interact": {
								"event": "minecraft:follow",
								"filters": {
									"all_of": [
										{
											"domain": "hand",
											"operator": "==",
											"subject": "other",
											"test": "has_equipment",
											"value": "minecraft:bone"
										},
										{
											"test": "has_component",
											"value": "minecraft:is_tamed"
										},
										{
											"test": "is_family",
											"subject": "other",
											"value": "player"
										}
									]
								},
								"target": "self"
							},
							"use_item": false
						}
					]
				}
			},
			"minecraft:default_skin": {
				"minecraft:variant": {
					"value": 0
				}
			},
			"minecraft:snowy": {
				"minecraft:variant": {
					"value": 1
				}
			},
			"minecraft:follow": {
				"minecraft:behavior.follow_owner": {
					"priority": 2
				},
				"minecraft:behavior.owner_hurt_by_target": {
					"priority": 1
				},
				"minecraft:behavior.owner_hurt_target": {
					"priority": 3
				},
				"minecraft:interact": {
					"interactions": [
						{
							"interact_text": "Free Roam",
							"on_interact": {
								"event": "minecraft:free_roam",
								"filters": {
									"all_of": [
										{
											"domain": "hand",
											"operator": "==",
											"subject": "other",
											"test": "has_equipment",
											"value": "minecraft:bone"
										},
										{
											"test": "has_component",
											"value": "minecraft:is_tamed"
										},
										{
											"test": "is_family",
											"subject": "other",
											"value": "player"
										}
									]
								},
								"target": "self"
							},
							"use_item": false
						}
					]
				}
			},
			"minecraft:interaction": {
				"minecraft:interact": {
					"interactions": [
						{
							"interact_text": "Follow",
							"on_interact": {
								"event": "minecraft:follow",
								"filters": {
									"all_of": [
										{
											"domain": "hand",
											"operator": "==",
											"subject": "other",
											"test": "has_equipment",
											"value": "minecraft:bone"
										},
										{
											"test": "has_component",
											"value": "minecraft:is_tamed"
										},
										{
											"test": "is_family",
											"subject": "other",
											"value": "player"
										}
									]
								},
								"target": "self"
							},
							"use_item": false
						}
					]
				}
			}
		},
		"components": {
			"minecraft:nameable": {
				"allow_name_tag_renaming": true
			},
			"minecraft:type_family": {
				"family": [
					"smallcarno",
					"smilodon"
				]
			},
			"minecraft:breathable": {
				"total_supply": 15,
				"suffocate_time": 0
			},
			"minecraft:collision_box": {
				"width": 1,
				"height": 1.3
			},
			"minecraft:health": {
				"value": 16,
				"max": 16
			},
			"minecraft:hurt_on_condition": {
				"damage_conditions": [
					{
						"filters": {
							"test": "in_lava",
							"subject": "self",
							"operator": "==",
							"value": true
						},
						"cause": "lava",
						"damage_per_tick": 4
					}
				]
			},
			"minecraft:movement": {
				"value": 0.28
			},
			"minecraft:navigation.walk": {
				"can_path_over_water": true,
				"avoid_damage_blocks": true
			},
			"minecraft:movement.basic": {},
			"minecraft:jump.static": {},
			"minecraft:can_climb": {},
			"minecraft:attack": {
				"damage": 6
			},
			"minecraft:healable": {
				"items": [
					{
						"item": "porkchop",
						"heal_amount": 3
					},
					{
						"item": "cooked_porkchop",
						"heal_amount": 8
					},
					{
						"item": "beef",
						"heal_amount": 3
					},
					{
						"item": "cooked_beef",
						"heal_amount": 8
					},
					{
						"item": "chicken",
						"heal_amount": 2
					},
					{
						"item": "cooked_chicken",
						"heal_amount": 6
					},
					{
						"item": "muttonRaw",
						"heal_amount": 2
					},
					{
						"item": "muttonCooked",
						"heal_amount": 6
					},
					{
						"item": "rabbit",
						"heal_amount": 3
					},
					{
						"item": "cooked_rabbit",
						"heal_amount": 5
					}
				]
			},
			"minecraft:behavior.float": {
				"priority": 0
			},
			"minecraft:behavior.mount_pathing": {
				"priority": 1,
				"speed_multiplier": 1.25,
				"target_dist": 0,
				"track_target": true
			},
			"minecraft:behavior.stay_while_sitting": {
				"priority": 3
			},
			"minecraft:behavior.melee_attack": {
				"priority": 5
			},
			"minecraft:behavior.random_stroll": {
				"priority": 8,
				"speed_multiplier": 1
			},
			"minecraft:behavior.look_at_player": {
				"priority": 6,
				"target_distance": 6,
				"probability": 0.02
			},
			"minecraft:behavior.beg": {
				"priority": 9,
				"look_distance": 8,
				"look_time": [
					2,
					4
				],
				"items": [
					"bone",
					"porkchop",
					"cooked_porkchop",
					"chicken",
					"cooked_chicken",
					"beef",
					"cooked_beef",
					"rotten_flesh",
					"muttonraw",
					"muttoncooked",
					"rabbit",
					"cooked_rabbit"
				]
			},
			"minecraft:behavior.hurt_by_target": {
				"priority": 3
			},
			"minecraft:physics": {
				"has_collision": true,
				"has_gravity": true
			},
			"minecraft:pushable": {
				"is_pushable": true,
				"is_pushable_by_piston": true
			},
			"minecraft:behavior.pickup_items": {
				"priority": 11,
				"max_dist": 3,
				"goal_radius": 2,
				"speed_multiplier": 0.5
			},
			"minecraft:behavior.eat_carried_item": {
				"priority": 12,
				"delay_before_eating": 28
			},
			"minecraft:shareables": {
				"all_items": false,
				"all_items_max_amount": 1,
				"items": [
					{
						"consume_item": true,
						"item": "minecraft:chicken"
					},
					{
						"consume_item": true,
						"item": "minecraft:beef"
					},
					{
						"consume_item": true,
						"item": "minecraft:muttonraw"
					},
					{
						"item": "minecraft:porkchop",
						"consume_item": true
					},
					{
						"item": "minecraft:rabbit",
						"consume_item": true
					}
				]
			},
			"minecraft:behavior.nap": {
				"priority": 1,
				"cooldown_min": 15,
				"cooldown_max": 30,
				"mob_detect_dist": 6,
				"mob_detect_height": 6,
				"can_nap_filters": {
					"test": "is_daytime",
					"value": false
				},
				"wake_mob_exceptions": {
					"any_of": [
						{
							"test": "is_owner",
							"subject": "player",
							"operator": "equals",
							"value": true
						},
						{
							"test": "is_family",
							"subject": "other",
							"operator": "==",
							"value": "smilodon"
						},
						{
							"test": "is_sneaking",
							"subject": "other",
							"operator": "==",
							"value": true
						}
					]
				}
			}
		},
		"events": {
			"minecraft:entity_spawned": {
				"sequence": [
					{
						"filters": {
							"test": "is_snow_covered",
							"value": true
						},
						"add": {
							"component_groups": [
								"minecraft:snowy"
							]
						}
					},
					{
						"filters": {
							"test": "is_snow_covered",
							"value": false
						},
						"add": {
							"component_groups": [
								"minecraft:default_skin"
							]
						}
					},
					{
						"randomize": [
							{
								"weight": 80,
								"add": {
									"component_groups": [
										"minecraft:smilodon_adult",
										"minecraft:smilodon_wild"
									]
								}
							},
							{
								"weight": 20,
								"add": {
									"component_groups": [
										"minecraft:smilodon_baby",
										"minecraft:smilodon_baby_wild"
									]
								}
							}
						]
					}
				]
			},
			"minecraft:entity_born": {
				"add": {
					"component_groups": [
						"minecraft:smilodon_baby",
						"minecraft:smilodon_baby_wild"
					]
				}
			},
			"minecraft:ageable_grow_up": {
				"remove": {
					"component_groups": [
						"minecraft:smilodon_baby"
					]
				},
				"add": {
					"component_groups": [
						"minecraft:smilodon_adult"
					]
				}
			},
			"minecraft:ageable_set_baby": {
				"remove": {
					"component_groups": [
						"minecraft:smilodon_adult"
					]
				},
				"add": {
					"component_groups": [
						"minecraft:smilodon_baby"
					]
				}
			},
			"minecraft:on_tame": {
				"remove": {
					"component_groups": [
						"minecraft:smilodon_wild",
						"minecraft:smilodon_baby_wild"
					]
				},
				"add": {
					"component_groups": [
						"minecraft:smilodon_tame"
					]
				}
			},
			"minecraft:become_angry": {
				"remove": {
					"component_groups": [
						"minecraft:smilodon_wild"
					]
				},
				"add": {
					"component_groups": [
						"minecraft:smilodon_angry"
					]
				}
			},
			"minecraft:on_calm": {
				"remove": {
					"component_groups": [
						"minecraft:smilodon_angry"
					]
				},
				"add": {
					"component_groups": [
						"minecraft:smilodon_wild"
					]
				}
			},
			"minecraft:on_scared": {
				"remove": {
					"component_groups": [
						"minecraft:smilodon_baby_wild"
					]
				},
				"add": {
					"component_groups": [
						"minecraft:smilodon_baby_scared"
					]
				}
			},
			"minecraft:baby_on_calm": {
				"remove": {
					"component_groups": [
						"minecraft:smilodon_baby_scared"
					]
				},
				"add": {
					"component_groups": [
						"minecraft:smilodon_baby_wild"
					]
				}
			},
			"minecraft:follow": {
				"add": {
					"component_groups": [
						"minecraft:follow"
					]
				},
				"remove": {
					"component_groups": [
						"minecraft:interaction"
					]
				}
			},
			"minecraft:free_roam": {
				"add": {
					"component_groups": [
						"minecraft:interaction"
					]
				},
				"remove": {
					"component_groups": [
						"minecraft:follow"
					]
				}
			}
		}
	}
}