{
  "entity.rex.attack": {
    "category": "hostile",
    "sounds": [
      "sounds/entity/rex/attack1",
      "sounds/entity/rex/attack2",
      "sounds/entity/rex/attack3"
    ]
  },
  "entity.rex.hurt": {
    "category": "hostile",
    "sounds": [
      "sounds/entity/rex/hurt1",
      "sounds/entity/rex/hurt2"
    ]
  },
  "entity.rex.death": {
    "category": "hostile",
    "sounds": [
      "sounds/entity/rex/death1",
      "sounds/entity/rex/death2"
    ]
  },
  "entity.rex.roar": {
	"category": "hostile",
	"sounds": [
	  "sounds/entity/rex/roar1"
    ]
  },
  "entity.rex.plop": {
	"category": "hostile",
	"sounds": [
	  "sounds/entity/rex/roar2",
	  "sounds/entity/rex/roar3"
		]
	},
   "big.step": {
    "sounds": [
      "sounds/entity/passos/step1",
      "sounds/entity/passos/step2",
      "sounds/entity/passos/step3",
	  "sounds/entity/passos/step3"
		]
	},
   "small.step": {
    "sounds": [
      "sounds/entity/gali/step1",      
      "sounds/entity/gali/step2"  
    ]
  },
  "entity.rex.idle": {
    "sounds": [
      "sounds/entity/rex/idle1",
      "sounds/entity/rex/idle2"
    ]
  },
  "entity.carno.attack": {
    "category": "hostile",
    "sounds": [
      "sounds/entity/carno/attack1",
      "sounds/entity/carno/attack2",
      "sounds/entity/carno/attack3"
    ]
  },
  "entity.carno.hurt": {
    "category": "hostile",
    "sounds": [
      "sounds/entity/carno/hurt1",
      "sounds/entity/carno/hurt2"
    ]
  },
  "medium.step": {
    "sounds": [
      "sounds/entity/carno/step1",
      "sounds/entity/carno/step2"
    ]
  },
  "entity.carno.idle": {
    "sounds": [
      "sounds/entity/carno/idle1",
      "sounds/entity/carno/idle2"
    ]
  },
  "entity.carno.roar": {
	"category": "hostile",
	"sounds": [
	  "sounds/entity/carno/roar1"
    ]
  },
  "entity.brachi.attack": {
    "category": "hostile",
    "sounds": [
      "sounds/entity/brachi/attack"
    ]
  },
  "entity.brachi.death": {
    "category": "hostile",
    "sounds": [
      "sounds/entity/brachi/death"
    ]
  },  
  "entity.brachi.hurt": {
    "category": "hostile",
    "sounds": [
      "sounds/entity/brachi/hurt"
    ]
  },
  "entity.brachi.roar": {
    "category": "hostile",
    "sounds": [
      "sounds/entity/brachi/roar"
    ]
  },
  "entity.brachi.idle": {
    "sounds": [
      "sounds/entity/brachi/idle",
      "sounds/entity/brachi/idle2",
      "sounds/entity/brachi/idle3",
      "sounds/entity/brachi/idle4"
    ]
  },
  "entity.allo.attack": {
    "category": "hostile",
    "sounds": [
      "sounds/entity/allo/attack1",
      "sounds/entity/allo/attack2"
    ]
  },
  "entity.allo.hurt": {
    "category": "hostile",
    "sounds": [
      "sounds/entity/allo/hurt",
      "sounds/entity/allo/hurt1",
      "sounds/entity/allo/hurt2",
      "sounds/entity/allo/hurt3"
    ]
  },
  "entity.allo.idle": {
    "sounds": [
      "sounds/entity/allo/idle1",
      "sounds/entity/allo/idle2"
    ]
  },
  "entity.allo.death": {
    "category": "hostile",
    "sounds": [
      "sounds/entity/allo/death"
    ]
  },
  "entity.allo.roar": {
	"category": "hostile",
	"sounds": [
	  "sounds/entity/allo/roar1"
    ]
  },
  "entity.anquilo.attack": {
    "category": "hostile",
    "sounds": [
      "sounds/entity/anquilo/hurt1"
    ]
  },
  "entity.anquilo.death": {
    "category": "hostile",
    "sounds": [
      "sounds/entity/anquilo/death",
      "sounds/entity/anquilo/death1"
    ]
  },  
  "entity.anquilo.hurt": {
    "category": "hostile",
    "sounds": [
      "sounds/entity/anquilo/hurt"
    ]
  },
  "entity.anquilo.roar": {
    "category": "hostile",
    "sounds": [
      "sounds/entity/anquilo/death1"
    ]
  },
  "entity.anquilo.idle": {
    "sounds": [
      "sounds/entity/anquilo/idle1",
      "sounds/entity/anquilo/idle2"  
    ]
  },
  "entity.compy.attack": {
    "category": "hostile",
    "sounds": [
      "sounds/entity/compy/attack1",
      "sounds/entity/compy/attack2"
    ]
  },
  "entity.compy.hurt": {
    "category": "hostile",
    "sounds": [
      "sounds/entity/compy/hurt1",
      "sounds/entity/compy/hurt2"
    ]
  },
  "entity.compy.idle": {
    "sounds": [
      "sounds/entity/compy/idle1",
      "sounds/entity/compy/idle2"
    ]
  },
  "entity.compy.death": {
    "category": "hostile",
    "sounds": [
      "sounds/entity/compy/death1",
      "sounds/entity/compy/death2"
    ]
  },
  "entity.compy.roar": {
	"category": "hostile",
	"sounds": [
	  "sounds/entity/compy/roar1"
    ]
  },
  "entity.apato.attack": {
    "category": "hostile",
    "sounds": [
      "sounds/entity/apato/attack1",
	  "sounds/entity/apato/attack2"
    ]
  },
  "entity.apato.death": {
    "category": "hostile",
    "sounds": [
      "sounds/entity/apato/death"
    ]
  },  
  "entity.apato.hurt": {
    "category": "hostile",
    "sounds": [
      "sounds/entity/apato/hurt",
      "sounds/entity/apato/hurt1",
      "sounds/entity/apato/hurt2"
    ]
  },
  "entity.apato.roar": {
    "category": "hostile",
    "sounds": [
      "sounds/entity/apato/idle1"
    ]
  },
  "entity.apato.idle": {
    "sounds": [
      "sounds/entity/apato/idle",
      "sounds/entity/apato/idle1",
      "sounds/entity/apato/idle2"
    ]
  },
  "entity.bary.attack": {
    "category": "hostile",
    "sounds": [
      "sounds/entity/bary/attack1",
      "sounds/entity/bary/attack2"
    ]
  },
  "entity.bary.hurt": {
    "category": "hostile",
    "sounds": [
      "sounds/entity/bary/hurt1",
      "sounds/entity/bary/hurt2"
    ]
  },
  "entity.bary.idle": {
    "sounds": [
      "sounds/entity/bary/idle1",
      "sounds/entity/bary/idle2",
	  "sounds/entity/bary/idle3"
    ]
  },
  "entity.bary.death": {
    "category": "hostile",
    "sounds": [
      "sounds/entity/bary/hurt2"
    ]
  },
  "entity.bary.roar": {
	"category": "hostile",
	"sounds": [
	  "sounds/entity/bary/roar1"      
    ]
  },
  "entity.sino.attack": {
    "category": "hostile",
    "sounds": [
      "sounds/entity/sino/attack1",
	  "sounds/entity/sino/attack2"
    ]
  },
  "entity.sino.death": {
    "category": "hostile",
    "sounds": [
      "sounds/entity/sino/death"
    ]
  },  
  "entity.sino.hurt": {
    "category": "hostile",
    "sounds": [
      "sounds/entity/sino/hurt",
      "sounds/entity/sino/hurt1",
      "sounds/entity/sino/hurt2"
    ]
  },
  "entity.sino.roar": {
    "category": "hostile",
    "sounds": [
      "sounds/entity/sino/idle1"
    ]
  },
  "entity.sino.idle": {
    "sounds": [
      "sounds/entity/sino/idle",
      "sounds/entity/sino/idle1",
      "sounds/entity/sino/idle2"
    ]
  },
  "entity.gali.hurt": {
    "category": "hostile",
    "sounds": [
      "sounds/entity/gali/hurt1",
      "sounds/entity/gali/hurt2"
    ]
  },
  "entity.gali.death": {
    "category": "hostile",
    "sounds": [
      "sounds/entity/gali/death1",
      "sounds/entity/gali/death2"
    ]
  },
  "entity.gali.idle": {
    "sounds": [
      "sounds/entity/gali/death1",
      "sounds/entity/gali/say1"
    ]
  },
  "entity.para.hurt": {
    "category": "hostile",
    "sounds": [
      "sounds/entity/para/hurt",
      "sounds/entity/para/hurt1",
      "sounds/entity/para/hurt2"
    ]
  },
  "entity.para.death": {
    "category": "hostile",
    "sounds": [
      "sounds/entity/para/death1",
      "sounds/entity/para/death2"
    ]
  },
  "entity.para.idle": {
    "sounds": [
      "sounds/entity/para/idle1",
      "sounds/entity/para/idle2",
      "sounds/entity/para/idle3"
    ]
  },
  "entity.edmonto.hurt": {
    "category": "hostile",
    "sounds": [
      "sounds/entity/edmont/hurt1",
      "sounds/entity/edmont/hurt2"
    ]
  },
  "entity.edmonto.death": {
    "category": "hostile",
    "sounds": [
      "sounds/entity/edmont/death1",
      "sounds/entity/edmont/death2"
    ]
  },
  "entity.edmonto.idle": {
    "sounds": [
      "sounds/entity/edmont/idle1",
      "sounds/entity/edmont/idle2"
    ]
  },
  "entity.giga.attack": {
    "category": "hostile",
    "sounds": [
      "sounds/entity/giga/attack1",
      "sounds/entity/giga/attack2"
    ]
  },
  "entity.giga.hurt": {
    "category": "hostile",
    "sounds": [
      "sounds/entity/giga/hurt1",
      "sounds/entity/giga/hurt2",
      "sounds/entity/giga/hurt3"
    ]
  },
  "entity.giga.idle": {
    "sounds": [
      "sounds/entity/giga/idle1",
      "sounds/entity/giga/idle2",
      "sounds/entity/giga/idle3",
      "sounds/entity/giga/idle4",
      "sounds/entity/giga/idle5"
    ]
  },
  "entity.giga.death": {
    "category": "hostile",
    "sounds": [
      "sounds/entity/giga/death"
    ]
  },
  "entity.giga.roar": {
	"category": "hostile",
	"sounds": [
	  "sounds/entity/giga/roar1",
	  "sounds/entity/giga/roar2"
    ]
  },
  "entity.spino.attack": {
    "category": "hostile",
    "sounds": [
      "sounds/entity/spino/attack1",
      "sounds/entity/spino/attack2"
    ]
  },
  "entity.spino.hurt": {
    "category": "hostile",
    "sounds": [
      "sounds/entity/spino/hurt1",
      "sounds/entity/spino/hurt2",
      "sounds/entity/spino/hurt3"
    ]
  },
  "entity.spino.idle": {
    "sounds": [
      "sounds/entity/spino/idle1",
      "sounds/entity/spino/idle2",
	  "sounds/entity/spino/idle3",
      "sounds/entity/spino/idle4"
    ]
  },
  "entity.spino.death": {
    "category": "hostile",
    "sounds": [
      "sounds/entity/spino/death"
    ]
  },
  "entity.spino.roar": {
	"category": "hostile",
	"sounds": [
	  "sounds/entity/spino/roar1",
	  "sounds/entity/spino/roar2"
    ]
  },
  "entity.indom.attack": {
    "category": "hostile",
    "sounds": [
      "sounds/entity/rex/attack"
    ]
  },
  "entity.indom.hurt": {
    "category": "hostile",
    "sounds": [
      "sounds/entity/indom/hurt"
    ]
  },
  "entity.indom.death": {
    "category": "hostile",
    "sounds": [
      "sounds/entity/indom/death"
    ]
  },
  "entity.indom.roar": {
	"category": "hostile",
	"sounds": [
	  "sounds/entity/indom/roar"
		]
	},
  "entity.indom.idle": {
    "sounds": [
      "sounds/entity/indom/idle1",
      "sounds/entity/indom/idle2",
      "sounds/entity/indom/idle3",
      "sounds/entity/indom/idle4",
      "sounds/entity/indom/idle5"
		]
	},
  "entity.raptor.attack": {
    "category": "hostile",
    "sounds": [
      "sounds/entity/raptor/attack1",
      "sounds/entity/raptor/attack2",
      "sounds/entity/raptor/attack3"
    ]
  },
  "entity.raptor.hurt": {
    "category": "hostile",
    "sounds": [
      "sounds/entity/raptor/hurt1",
      "sounds/entity/raptor/hurt2",
      "sounds/entity/raptor/hurt3"
    ]
  },
  "entity.raptor.death": {
    "category": "hostile",
    "sounds": [
      "sounds/entity/raptor/death1"
    ]
  },
  "entity.raptor.roar": {
	"category": "hostile",
	"sounds": [
	  "sounds/entity/raptor/roar"
    ]
  },
  "entity.raptor.plop": {
	"category": "hostile",
	"sounds": [
	  "sounds/entity/raptor/plop1",
	  "sounds/entity/raptor/plop2"
    ]
  },
  "entity.raptor.idle": {
    "sounds": [
      "sounds/entity/raptor/idle1",
      "sounds/entity/raptor/idle2",
      "sounds/entity/raptor/idle3",
      "sounds/entity/raptor/idle4",
      "sounds/entity/raptor/idle5",
      "sounds/entity/raptor/idle6",
	  "sounds/entity/raptor/idle7"
    ]
  },
  "entity.metria.attack": {
    "category": "hostile",
    "sounds": [
      "sounds/entity/metria/attack1",
      "sounds/entity/metria/attack2"
    ]
  },
  "entity.metria.hurt": {
    "category": "hostile",
    "sounds": [
      "sounds/entity/metria/hurt1",
      "sounds/entity/metria/hurt2"
    ]
  },
  "entity.metria.idle": {
    "sounds": [
      "sounds/entity/metria/idle1",
      "sounds/entity/metria/idle2"
    ]
  },
  "entity.metria.death": {
    "category": "hostile",
    "sounds": [
      "sounds/entity/metria/death1",
      "sounds/entity/metria/death2"
    ]
  },
  "entity.metria.roar": {
	"category": "hostile",
	"sounds": [
	  "sounds/entity/metria/roar1",
	  "sounds/entity/metria/roar2"
    ]
  },
  "entity.sucho.attack": {
    "category": "hostile",
    "sounds": [
      "sounds/entity/sucho/attack1",
      "sounds/entity/sucho/attack2"
    ]
  },
  "entity.sucho.hurt": {
    "category": "hostile",
    "sounds": [
      "sounds/entity/sucho/hurt1",
      "sounds/entity/sucho/hurt2"
    ]
  },
  "entity.sucho.idle": {
    "sounds": [
      "sounds/entity/sucho/idle1",
      "sounds/entity/sucho/idle2"
    ]
  },
  "entity.sucho.death": {
    "category": "hostile",
    "sounds": [
      "sounds/entity/sucho/death1",
      "sounds/entity/sucho/death2"
    ]
  },
  "entity.sucho.roar": {
	"category": "hostile",
	"sounds": [
	  "sounds/entity/sucho/roar1"
    ]
  },
  "entity.cerato.attack": {
    "category": "hostile",
    "sounds": [
      "sounds/entity/cerato/attack1",
      "sounds/entity/cerato/attack2"
    ]
  },
  "entity.cerato.hurt": {
    "category": "hostile",
    "sounds": [
      "sounds/entity/cerato/hurt1",
      "sounds/entity/cerato/hurt2"
    ]
  },
  "entity.cerato.idle": {
    "sounds": [
      "sounds/entity/cerato/idle1",
      "sounds/entity/cerato/idle2"
    ]
  },
  "entity.cerato.death": {
    "category": "hostile",
    "sounds": [
      "sounds/entity/cerato/death1",
      "sounds/entity/cerato/death2"
    ]
  },
  "entity.cerato.roar": {
	"category": "hostile",
	"sounds": [
	  "sounds/entity/cerato/roar1"
    ]
  },
  "entity.dilo.attack": {
    "category": "hostile",
    "sounds": [
      "sounds/entity/dilo/attack1"
    ]
  },
  "entity.dilo.hurt": {
    "category": "hostile",
    "sounds": [
      "sounds/entity/dilo/hurt1",
      "sounds/entity/dilo/hurt2"
    ]
  },
  "entity.dilo.idle": {
    "sounds": [
      "sounds/entity/dilo/idle1",
      "sounds/entity/dilo/idle2"
    ]
  },
  "entity.dilo.death": {
    "category": "hostile",
    "sounds": [
      "sounds/entity/dilo/death1"
    ]
  },
  "entity.dilo.roar": {
	"category": "hostile",
	"sounds": [
	  "sounds/entity/dilo/attack1"
    ]
  },
  "entity.indoraptor.attack": {
    "category": "hostile",
    "sounds": [
      "sounds/entity/indoraptor/attack1",
      "sounds/entity/indoraptor/attack2"
    ]
  },
  "entity.indoraptor.hurt": {
    "category": "hostile",
    "sounds": [
      "sounds/entity/indoraptor/hurt1",
      "sounds/entity/indoraptor/hurt2"
    ]
  },
  "entity.indoraptor.idle": {
    "sounds": [
      "sounds/entity/indoraptor/idle1",
      "sounds/entity/indoraptor/idle2"
    ]
  },
  "entity.indoraptor.death": {
    "category": "hostile",
    "sounds": [
      "sounds/entity/indoraptor/death1",
      "sounds/entity/indoraptor/death2"
    ]
  },
  "entity.indoraptor.roar": {
	"category": "hostile",
	"sounds": [
	  "sounds/entity/indoraptor/roar1"
    ]
  },
  "entity.micro.hurt": {
    "category": "hostile",
    "sounds": [
      "sounds/entity/micro/hurt1",
      "sounds/entity/micro/hurt2"
    ]
  },
  "entity.micro.death": {
    "category": "hostile",
    "sounds": [
      "sounds/entity/micro/death1",
      "sounds/entity/micro/death2"
    ]
  },
  "entity.micro.idle": {
    "sounds": [
      "sounds/entity/micro/idle1",
      "sounds/entity/micro/idle2"
    ]
  },
  "entity.coryto.hurt": {
    "category": "hostile",
    "sounds": [
      "sounds/entity/coryto/hurt1",
      "sounds/entity/coryto/hurt2"
    ]
  },
  "entity.coryto.death": {
    "category": "hostile",
    "sounds": [
      "sounds/entity/coryto/death1",
      "sounds/entity/coryto/death2"
    ]
  },
  "entity.coryto.idle": {
    "sounds": [
      "sounds/entity/coryto/idle1",
      "sounds/entity/coryto/idle2",
      "sounds/entity/coryto/idle3",
      "sounds/entity/coryto/idle4"
    ]
  },
  "entity.trike.attack": {
    "category": "hostile",
    "sounds": [
      "sounds/entity/trike/attack1"
    ]
  },
  "entity.trike.death": {
    "category": "hostile",
    "sounds": [
      "sounds/entity/trike/death1",
      "sounds/entity/trike/death2" 
    ]
  },  
  "entity.trike.hurt": {
    "category": "hostile",
    "sounds": [
      "sounds/entity/trike/hurt1",
      "sounds/entity/trike/hurt2"
    ]
  },
  "entity.trike.roar": {
    "category": "hostile",
    "sounds": [
      "sounds/entity/trike/idle1"
    ]
  },
  "entity.trike.idle": {
    "sounds": [
      "sounds/entity/trike/idle1",
      "sounds/entity/trike/idle2",
      "sounds/entity/trike/idle3"
    ]
  },
  "entity.mamen.attack": {
    "category": "hostile",
    "sounds": [
      "sounds/entity/mamen/attack1"
    ]
  },
  "entity.mamen.death": {
    "category": "hostile",
    "sounds": [
      "sounds/entity/mamen/death1",
      "sounds/entity/mamen/death2" 
    ]
  },  
  "entity.mamen.hurt": {
    "category": "hostile",
    "sounds": [
      "sounds/entity/mamen/hurt1",
      "sounds/entity/mamen/hurt2"
    ]
  },
  "entity.mamen.roar": {
    "category": "hostile",
    "sounds": [
      "sounds/entity/mamen/hurt1"
    ]
  },
  "entity.mamen.idle": {
    "sounds": [
      "sounds/entity/mamen/idle1",
      "sounds/entity/mamen/idle2",
      "sounds/entity/mamen/idle3"
    ]
  },
  "entity.paqui.attack": {
    "category": "hostile",
    "sounds": [
      "sounds/entity/paqui/attack1",
      "sounds/entity/paqui/attack2"
    ]
  },
  "entity.paqui.death": {
    "category": "hostile",
    "sounds": [
      "sounds/entity/paqui/death1",
      "sounds/entity/paqui/death2",
      "sounds/entity/paqui/death3"
    ]
  },  
  "entity.paqui.hurt": {
    "category": "hostile",
    "sounds": [
      "sounds/entity/paqui/hurt1",
      "sounds/entity/paqui/hurt2"
    ]
  },
  "entity.paqui.roar": {
    "category": "hostile",
    "sounds": [
      "sounds/entity/paqui/idle1"
    ]
  },
  "entity.paqui.idle": {
    "sounds": [
      "sounds/entity/paqui/idle1",
      "sounds/entity/paqui/idle2"
    ]
  },
  "entity.stego.attack": {
    "category": "hostile",
    "sounds": [
      "sounds/entity/stego/attack1"
    ]
  },
  "entity.stego.death": {
    "category": "hostile",
    "sounds": [
      "sounds/entity/stego/death1",
      "sounds/entity/stego/death2",
      "sounds/entity/stego/death3"
    ]
  },  
  "entity.stego.hurt": {
    "category": "hostile",
    "sounds": [
      "sounds/entity/stego/hurt1",
      "sounds/entity/stego/hurt2"
    ]
  },
  "entity.stego.roar": {
    "category": "hostile",
    "sounds": [
      "sounds/entity/stego/death1"
    ]
  },
  "entity.stego.idle": {
    "sounds": [
      "sounds/entity/stego/idle1",
      "sounds/entity/stego/idle2",
      "sounds/entity/stego/idle3"
    ]
  },
  "entity.nasuto.attack": {
    "category": "hostile",
    "sounds": [
      "sounds/entity/nasuto/attack1",
      "sounds/entity/nasuto/attack2"
    ]
  },
  "entity.nasuto.death": {
    "category": "hostile",
    "sounds": [
      "sounds/entity/nasuto/death1",
      "sounds/entity/nasuto/death2"
    ]
  },  
  "entity.nasuto.hurt": {
    "category": "hostile",
    "sounds": [
      "sounds/entity/nasuto/hurt1",
      "sounds/entity/nasuto/hurt2"
    ]
  },
  "entity.nasuto.roar": {
    "category": "hostile",
    "sounds": [
      "sounds/entity/nasuto/roar1"
    ]
  },
  "entity.nasuto.idle": {
    "sounds": [
      "sounds/entity/nasuto/idle1",
      "sounds/entity/nasuto/idle2"
    ]
  },
  "entity.stygi.attack": {
    "category": "hostile",
    "sounds": [
      "sounds/entity/stygi/attack1",
      "sounds/entity/stygi/attack2"
    ]
  },
  "entity.stygi.death": {
    "category": "hostile",
    "sounds": [
      "sounds/entity/stygi/death1",
      "sounds/entity/stygi/death2"
    ]
  },  
  "entity.stygi.hurt": {
    "category": "hostile",
    "sounds": [
      "sounds/entity/stygi/hurt1",
      "sounds/entity/stygi/hurt2"
    ]
  },
  "entity.stygi.roar": {
    "category": "hostile",
    "sounds": [
      "sounds/entity/stygi/roar1"
    ]
  },
  "entity.stygi.idle": {
    "sounds": [
      "sounds/entity/stygi/idle1",
      "sounds/entity/stygi/idle2"
    ]
  },
  "entity.mosa.attack": {
    "category": "hostile",
    "sounds": [
      "sounds/entity/mosa/attack1",
      "sounds/entity/mosa/attack2"
    ]
  },
  "entity.mosa.death": {
    "category": "hostile",
    "sounds": [
      "sounds/entity/mosa/death1",
      "sounds/entity/mosa/death2"
    ]
  },  
  "entity.mosa.hurt": {
    "category": "hostile",
    "sounds": [
      "sounds/entity/mosa/hurt1",
      "sounds/entity/mosa/hurt2"
    ]
  },
  "entity.mosa.eat": {
    "category": "hostile",
    "sounds": [
      "sounds/entity/mosa/eat1"
    ]
  },
  "entity.mosa.idle": {
    "sounds": [
      "sounds/entity/mosa/idle1",
      "sounds/entity/mosa/idle2"
    ]
  },
  "entity.ptera.attack": {
    "category": "hostile",
    "sounds": [
      "sounds/entity/ptera/attack1"
    ]
  },
  "entity.ptera.death": {
    "category": "hostile",
    "sounds": [
      "sounds/entity/ptera/death1"
    ]
  },  
  "entity.ptera.hurt": {
    "category": "hostile",
    "sounds": [
      "sounds/entity/ptera/hurt1"
    ]
  },
  "entity.ptera.eat": {
    "category": "hostile",
    "sounds": [
      "sounds/entity/ptera/eat1"
    ]
  },
  "entity.ptera.idle": {
    "sounds": [
      "sounds/entity/ptera/idle1"
    ]
  },
  "entity.dimor.attack": {
    "category": "hostile",
    "sounds": [
      "sounds/entity/dimor/attack1"
    ]
  },
  "entity.dimor.death": {
    "category": "hostile",
    "sounds": [
      "sounds/entity/dimor/death1",
      "sounds/entity/dimor/death2"
    ]
  },  
  "entity.dimor.hurt": {
    "category": "hostile",
    "sounds": [
      "sounds/entity/dimor/hurt1",
      "sounds/entity/dimor/hurt2"
    ]
  },
  "entity.dimor.eat": {
    "category": "hostile",
    "sounds": [
      "sounds/entity/ptera/eat1"
    ]
  },
  "entity.dimor.idle": {
    "sounds": [
      "sounds/entity/dimor/idle1",
      "sounds/entity/dimor/idle2"
    ]
  }
}
