{
	"format_version": "1.8.0",
	"geometry.allosaurus": {
		"texturewidth": 176,
		"textureheight": 176,
		"visible_bounds_width": 9,
		"visible_bounds_height": 2,
		"visible_bounds_offset": [0, 1, 0],
		"bones": [
			{
				"name": "foot0",
				"pivot": [0, 0, 0],
				"cubes": [
					{"origin": [6, 0, -2], "size": [4, 3, 5], "uv": [50, 137]}
				]
			},
			{
				"name": "toe1",
				"parent": "foot0",
				"pivot": [0, 0, 0],
				"rotation": [0, -10, 0],
				"cubes": [
					{"origin": [8.98481, 0, -5.17365], "size": [2, 2, 4], "uv": [56, 151]},
					{"origin": [9.48481, 0, -6.17365], "size": [1, 1, 3], "uv": [60, 163]}
				]
			},
			{
				"name": "toe0",
				"parent": "foot0",
				"pivot": [0, 0, 0],
				"rotation": [0, 20, 0],
				"cubes": [
					{"origin": [4.93969, 0, -1.65798], "size": [2, 2, 4], "uv": [44, 151]},
					{"origin": [5.43969, 0, -2.65798], "size": [1, 1, 3], "uv": [84, 163]}
				]
			},
			{
				"name": "toe2",
				"parent": "foot0",
				"pivot": [0, 0, 0],
				"cubes": [
					{"origin": [7, 0, -4], "size": [2, 2, 3], "uv": [50, 163]},
					{"origin": [7.5, 0, -5], "size": [1, 1, 2], "uv": [36, 170]}
				]
			},
			{
				"name": "anckle0",
				"pivot": [0, 0, 0],
				"rotation": [-20, 0, 0],
				"cubes": [
					{"origin": [6.5, 2, -1], "size": [3, 10, 3], "uv": [80, 137]}
				]
			},
			{
				"name": "anckle1",
				"pivot": [0, 0, 0],
				"rotation": [25, 0, 0],
				"cubes": [
					{"origin": [6, 6, 6], "size": [4, 10, 4], "uv": [0, 137]}
				]
			},
			{
				"name": "thigh0",
				"pivot": [0, 0, 0],
				"rotation": [-30, 0, 0],
				"cubes": [
					{"origin": [5, 12, -10], "size": [6, 12, 6], "uv": [64, 103]}
				]
			},
			{
				"name": "foot1",
				"pivot": [0, 0, 0],
				"cubes": [
					{"origin": [-10, 0, -2], "size": [4, 3, 5], "uv": [32, 137]}
				]
			},
			{
				"name": "toe3",
				"parent": "foot1",
				"pivot": [0, 0, 0],
				"rotation": [0, -10, 0],
				"cubes": [
					{"origin": [-6.77212, 0, -2.39528], "size": [2, 2, 4], "uv": [56, 157]},
					{"origin": [-6.27212, 0, -3.39528], "size": [1, 1, 3], "uv": [68, 163]}
				]
			},
			{
				"name": "toe4",
				"parent": "foot1",
				"pivot": [0, 0, 0],
				"rotation": [0, 20, 0],
				"cubes": [
					{"origin": [-10.09539, 0, -7.1303], "size": [2, 2, 4], "uv": [44, 157]},
					{"origin": [-9.59539, 0, -8.1303], "size": [1, 1, 3], "uv": [76, 163]}
				]
			},
			{
				"name": "toe5",
				"parent": "foot1",
				"pivot": [0, 0, 0],
				"cubes": [
					{"origin": [-9, 0, -4], "size": [2, 2, 3], "uv": [40, 163]},
					{"origin": [-8.5, 0, -5], "size": [1, 1, 2], "uv": [42, 170]}
				]
			},
			{
				"name": "anckle2",
				"pivot": [0, 0, 0],
				"rotation": [-20, 0, 0],
				"cubes": [
					{"origin": [-9.5, 2, -1], "size": [3, 10, 3], "uv": [68, 137]}
				]
			},
			{
				"name": "anckle3",
				"pivot": [0, 0, 0],
				"rotation": [25, 0, 0],
				"cubes": [
					{"origin": [-10, 6, 6], "size": [4, 10, 4], "uv": [16, 137]}
				]
			},
			{
				"name": "thigh1",
				"pivot": [0, 0, 0],
				"rotation": [-30, 0, 0],
				"cubes": [
					{"origin": [-11, 12, -10], "size": [6, 12, 6], "uv": [88, 103]}
				]
			},
			{
				"name": "body1",
				"pivot": [0, 0, 0],
				"cubes": [
					{"origin": [-6, 13, -4], "size": [12, 16, 15], "uv": [0, 0]}
				]
			},
			{
				"name": "body2",
				"pivot": [0, 0, 0],
				"rotation": [5, 0, 0],
				"cubes": [
					{"origin": [-5.5, 14, -10], "size": [11, 15, 10], "uv": [96, 31]}
				]
			},
			{
				"name": "body3",
				"pivot": [0, 0, 0],
				"cubes": [
					{"origin": [-5, 14, -19], "size": [10, 14, 10], "uv": [44, 58]}
				]
			},
			{
				"name": "body4",
				"pivot": [0, 0, 0],
				"rotation": [-35, 0, 0],
				"cubes": [
					{"origin": [-4, 2, -32], "size": [8, 10, 9], "uv": [34, 82]}
				]
			},
			{
				"name": "neck1",
				"pivot": [0, 0, 0],
				"rotation": [-20, 0, 0],
				"cubes": [
					{"origin": [-3, 10, -36], "size": [6, 11, 5], "uv": [24, 121]}
				]
			},
			{
				"name": "neck2",
				"pivot": [0, 0, 0],
				"rotation": [-25, 0, 0],
				"cubes": [
					{"origin": [-3.5, 7, -33], "size": [7, 11, 5], "uv": [0, 121]}
				]
			},
			{
				"name": "neck3",
				"pivot": [0, 0, 0],
				"rotation": [-5, 0, 0],
				"cubes": [
					{"origin": [-2.5, 18.8, -34], "size": [5, 11, 5], "uv": [46, 121]}
				]
			},
			{
				"name": "head",
				"pivot": [0, 0, 0],
				"rotation": [5, 0, 0],
				"cubes": [
					{"origin": [-3.5, 24.72712, -37.74995], "size": [7, 11, 10], "uv": [0, 82]}
				]
			},
			{
				"name": "snout",
				"parent": "head",
				"pivot": [0, 0, 0],
				"cubes": [
					{"origin": [-3, 26.72712, -47.74995], "size": [6, 8, 11], "uv": [68, 82]}
				]
			},
			{
				"name": "jaw",
				"parent": "head",
				"pivot": [0, 0, 0],
				"rotation": [-5, 0, 0],
				"cubes": [
					{"origin": [-2.5, 22, -49], "size": [5, 2, 11], "uv": [0, 103]}
				]
			},
			{
				"name": "crest0",
				"parent": "head",
				"pivot": [0, 0, 0],
				"rotation": [-10, 0, 0],
				"cubes": [
					{"origin": [2.6, 28.25005, -39.27288], "size": [1, 3, 4], "uv": [10, 163]}
				]
			},
			{
				"name": "snout1",
				"parent": "head",
				"pivot": [0, 0, 0],
				"rotation": [5, 0, 0],
				"cubes": [
					{"origin": [-2.5, 36.93348, -44.52463], "size": [5, 2, 11], "uv": [32, 103]}
				]
			},
			{
				"name": "crest1",
				"parent": "head",
				"pivot": [0, 0, 0],
				"rotation": [10, 0, 0],
				"cubes": [
					{"origin": [-3.6, 40.62132, -35.32577], "size": [1, 2, 9], "uv": [66, 121]}
				]
			},
			{
				"name": "crest2",
				"parent": "head",
				"pivot": [0, 0, 0],
				"rotation": [10, 0, 0],
				"cubes": [
					{"origin": [2.6, 40.62132, -35.32577], "size": [1, 2, 9], "uv": [86, 121]}
				]
			},
			{
				"name": "crest3",
				"parent": "head",
				"pivot": [0, 0, 0],
				"rotation": [-10, 0, 0],
				"cubes": [
					{"origin": [-3.6, 28.25005, -39.27288], "size": [1, 3, 4], "uv": [0, 163]}
				]
			},
			{
				"name": "teeth",
				"parent": "head",
				"pivot": [0, 0, 0],
				"rotation": [-40, 0, 0],
				"cubes": [
					{"origin": [1.8, -9, -53], "size": [1, 2, 2], "uv": [24, 170]},
					{"origin": [1.8, -8, -52], "size": [1, 2, 2], "uv": [92, 163]},
					{"origin": [1.8, -7, -51], "size": [1, 2, 2], "uv": [12, 170]},
					{"origin": [1.8, -6, -50], "size": [1, 2, 2], "uv": [30, 170]}
				]
			},
			{
				"name": "teeth2",
				"parent": "head",
				"pivot": [0, 0, 0],
				"rotation": [-40, 0, 0],
				"cubes": [
					{"origin": [-2.8, -9, -53], "size": [1, 2, 2], "uv": [98, 163]},
					{"origin": [-2.8, -8, -52], "size": [1, 2, 2], "uv": [0, 170]},
					{"origin": [-2.8, -7, -51], "size": [1, 2, 2], "uv": [6, 170]},
					{"origin": [-2.8, -6, -50], "size": [1, 2, 2], "uv": [18, 170]}
				]
			},
			{
				"name": "armR0",
				"pivot": [0, 0, 0],
				"rotation": [25, 0, 0],
				"cubes": [
					{"origin": [4, 17, -8], "size": [3, 9, 3], "uv": [12, 151]}
				]
			},
			{
				"name": "armR1",
				"pivot": [0, 0, 0],
				"rotation": [-35, 0, 0],
				"cubes": [
					{"origin": [4.5, -4, -21], "size": [2, 7, 3], "uv": [34, 151]}
				]
			},
			{
				"name": "armL0",
				"pivot": [0, 0, 0],
				"rotation": [25, 0, 0],
				"cubes": [
					{"origin": [-7, 17, -8], "size": [3, 9, 3], "uv": [0, 151]}
				]
			},
			{
				"name": "armL1",
				"pivot": [0, 0, 0],
				"rotation": [-35, 0, 0],
				"cubes": [
					{"origin": [-6.5, -3, -20], "size": [2, 7, 3], "uv": [24, 151]}
				]
			},
			{
				"name": "armR2",
				"pivot": [0, 0, 0],
				"rotation": [-35, 0, 20],
				"cubes": [
					{"origin": [1.5, -5, -22], "size": [2, 3, 3], "uv": [20, 163]}
				]
			},
			{
				"name": "finger0",
				"parent": "armR2",
				"pivot": [0, 0, 0],
				"rotation": [0, 0, -35],
				"cubes": [
					{"origin": [-2.5, -5.5, -22.2], "size": [2, 1, 1], "uv": [60, 172]},
					{"origin": [-2.5, -6, -20.8], "size": [2, 1, 1], "uv": [60, 170]},
					{"origin": [-2.5, -5.5, -19.6], "size": [2, 1, 1], "uv": [54, 172]}
				]
			},
			{
				"name": "armL2",
				"pivot": [0, 0, 0],
				"rotation": [-35, 0, -20],
				"cubes": [
					{"origin": [-3.5, -4, -21], "size": [2, 3, 3], "uv": [30, 163]}
				]
			},
			{
				"name": "finger1",
				"parent": "armL2",
				"pivot": [0, 0, 0],
				"rotation": [0, 0, 35],
				"cubes": [
					{"origin": [-0.4, -5, -21.2], "size": [2, 1, 1], "uv": [48, 170]},
					{"origin": [-0.4, -5.4, -19.9], "size": [2, 1, 1], "uv": [48, 172]},
					{"origin": [-0.4, -4.5, -18.6], "size": [2, 1, 1], "uv": [54, 170]}
				]
			},
			{
				"name": "tail1",
				"pivot": [0, 0, 0],
				"cubes": [
					{"origin": [-5, 18, 23], "size": [10, 12, 15], "uv": [0, 31]}
				]
			},
			{
				"name": "tail0",
				"pivot": [0, 0, 0],
				"rotation": [5, 0, 0],
				"cubes": [
					{"origin": [-5.5, 14, 11], "size": [11, 14, 15], "uv": [54, 0]}
				]
			},
			{
				"name": "tail2",
				"pivot": [0, 0, 0],
				"rotation": [-10, 0, 0],
				"cubes": [
					{"origin": [-4, 28, 43], "size": [8, 8, 14], "uv": [0, 58]}
				]
			},
			{
				"name": "tail3",
				"pivot": [0, 0, 0],
				"rotation": [-5, 0, 0],
				"cubes": [
					{"origin": [-4.5, 23, 34], "size": [9, 10, 14], "uv": [50, 31]}
				]
			},
			{
				"name": "tail4",
				"pivot": [0, 0, 0],
				"rotation": [-15, 0, 0],
				"cubes": [
					{"origin": [-3.5, 34, 52], "size": [7, 6, 14], "uv": [84, 58]}
				]
			}
		]
	}
}