{
	"format_version": "1.10.0",
	"geometry.carnotaurus": {
		"texturewidth": 256,
		"textureheight": 256,
		"visible_bounds_width": 9,
		"visible_bounds_height": 2,
		"visible_bounds_offset": [0, 1, 0],
		"bones": [
			{
				"name": "foot1",
				"pivot": [11, 24, 11],
				"cubes": [
					{"origin": [7, 0, 4], "size": [5, 3, 6], "uv": [46, 123]}
				]
			},
			{
				"name": "toe0",
				"parent": "foot1",
				"pivot": [0, 0, 0],
				"cubes": [
					{"origin": [8.5, 0, 1], "size": [2, 2, 4], "uv": [38, 136]},
					{"origin": [9, 0, 0], "size": [1, 1, 1], "uv": [58, 152]}
				]
			},
			{
				"name": "toe3",
				"parent": "foot1",
				"pivot": [0, 0, 0],
				"rotation": [0, -10, 0],
				"cubes": [
					{"origin": [11, 0, 0], "size": [2, 2, 4], "uv": [72, 136]},
					{"origin": [11.5, 0, -1], "size": [1, 1, 1], "uv": [58, 148]}
				]
			},
			{
				"name": "toe2",
				"parent": "foot1",
				"pivot": [0, 0, 0],
				"rotation": [0, 10, 0],
				"cubes": [
					{"origin": [5.5, 0, 3], "size": [2, 2, 4], "uv": [0, 148]},
					{"origin": [6, 0, 2], "size": [1, 1, 1], "uv": [46, 148]}
				]
			},
			{
				"name": "ankle2",
				"parent": "foot1",
				"pivot": [0, 0, 0],
				"rotation": [-20, 0, 0],
				"cubes": [
					{"origin": [8, 3.80315, 5.4018], "size": [3, 6, 3], "uv": [14, 136]}
				]
			},
			{
				"name": "ankle3",
				"parent": "foot1",
				"pivot": [0, 0, 0],
				"rotation": [30, 0, 0],
				"cubes": [
					{"origin": [8, -0.31285, 8.91577], "size": [3, 8, 4], "uv": [100, 123]}
				]
			},
			{
				"name": "leftLeg",
				"parent": "foot1",
				"pivot": [0, 0, 0],
				"rotation": [-20, 0, 0],
				"cubes": [
					{"origin": [7, 11.81652, -1.54827], "size": [5, 14, 8], "uv": [96, 71]}
				]
			},
			{
				"name": "foot0",
				"pivot": [-5, 25, 9],
				"cubes": [
					{"origin": [-7, 0, 4], "size": [5, 3, 6], "uv": [24, 123]}
				]
			},
			{
				"name": "toe4",
				"parent": "foot0",
				"pivot": [-14, 0, 0],
				"cubes": [
					{"origin": [-5.5, 0, 1], "size": [2, 2, 4], "uv": [60, 136]},
					{"origin": [-5, 0, 0], "size": [1, 1, 1], "uv": [54, 150]}
				]
			},
			{
				"name": "toe5",
				"parent": "foot0",
				"pivot": [-14, 0, 0],
				"rotation": [0, -10, 0],
				"cubes": [
					{"origin": [-3, 0, 0], "size": [2, 2, 4], "uv": [60, 142]},
					{"origin": [-2.5, 0, -1], "size": [1, 1, 1], "uv": [50, 148]}
				]
			},
			{
				"name": "toe6",
				"parent": "foot0",
				"pivot": [-14, 0, 0],
				"rotation": [0, 10, 0],
				"cubes": [
					{"origin": [-8.5, 0, 3], "size": [2, 2, 4], "uv": [12, 148]},
					{"origin": [-8, 0, 2], "size": [1, 1, 1], "uv": [50, 152]}
				]
			},
			{
				"name": "ankle0",
				"parent": "foot0",
				"pivot": [0, 0, 0],
				"rotation": [-20, 0, 0],
				"cubes": [
					{"origin": [-6, 3.80315, 5.4018], "size": [3, 6, 3], "uv": [26, 136]}
				]
			},
			{
				"name": "ankle1",
				"parent": "foot0",
				"pivot": [0, 0, 0],
				"rotation": [30, 0, 0],
				"cubes": [
					{"origin": [-6, -0.31285, 8.91577], "size": [3, 8, 4], "uv": [0, 136]}
				]
			},
			{
				"name": "rightLeg",
				"parent": "foot0",
				"pivot": [0, 0, 0],
				"rotation": [-20, 0, 0],
				"cubes": [
					{"origin": [-7, 11.81652, -1.54827], "size": [5, 14, 8], "uv": [70, 71]}
				]
			},
			{
				"name": "neck5",
				"pivot": [0, 27, -10],
				"rotation": [-15, 0, 0],
				"cubes": [
					{"origin": [-1, 15.08164, -25.1781], "size": [7, 9, 17], "uv": [104, 0]}
				]
			},
			{
				"name": "neck0",
				"parent": "neck5",
				"pivot": [0, 3, 6],
				"rotation": [-10, 0, 0],
				"cubes": [
					{"origin": [-2, 13.26478, -16.51672], "size": [9, 9, 7], "uv": [0, 93]}
				]
			},
			{
				"name": "neck1",
				"parent": "neck5",
				"pivot": [0, 3, 6],
				"rotation": [-10, 0, 0],
				"cubes": [
					{"origin": [-2, 13.2, -19.93338], "size": [9, 9, 4], "uv": [60, 109]}
				]
			},
			{
				"name": "neck2",
				"parent": "neck5",
				"pivot": [0, 3, 6],
				"rotation": [-10, 0, 0],
				"cubes": [
					{"origin": [-2, 13.1, -22.59707], "size": [9, 9, 3], "uv": [0, 123]}
				]
			},
			{
				"name": "neck3",
				"parent": "neck5",
				"pivot": [0, 3, 6],
				"rotation": [-5, 0, 0],
				"cubes": [
					{"origin": [-2, 14.51232, -23.6], "size": [9, 10, 3], "uv": [110, 109]}
				]
			},
			{
				"name": "neck4",
				"parent": "neck5",
				"pivot": [0, 3, 6],
				"cubes": [
					{"origin": [-1, 14.5, -13.4396], "size": [7, 9, 12], "uv": [82, 50]}
				]
			},
			{
				"name": "head",
				"pivot": [3, 31, -22],
				"rotation": [10, 0, 0],
				"cubes": [
					{"origin": [-3, 20, -35.77401], "size": [11, 11, 15], "uv": [0, 0]},
					{"origin": [-2.5, 20, -41.77401], "size": [10, 9, 15], "uv": [0, 26]}
				]
			},
			{
				"name": "jaw",
				"parent": "head",
				"pivot": [0, 20, -35],
				"rotation": [-5, 0, 0],
				"cubes": [
					{"origin": [-1, 19.3, -41], "size": [7, 3, 9], "uv": [96, 93]}
				]
			},
			{
				"name": "jaw2",
				"parent": "head",
				"pivot": [0, -1, -2],
				"cubes": [
					{"origin": [-1, 19, -32.73596], "size": [7, 3, 10], "uv": [32, 93]}
				]
			},
			{
				"name": "crest0",
				"parent": "head",
				"pivot": [0, -1, -2],
				"rotation": [30, 0, 25],
				"cubes": [
					{"origin": [-7.5, 36.5, -14], "size": [1, 6, 7], "uv": [84, 123]}
				]
			},
			{
				"name": "crest1",
				"parent": "head",
				"pivot": [0, -1, -2],
				"rotation": [30, 0, -25],
				"cubes": [
					{"origin": [11.5, 35, -16], "size": [1, 6, 7], "uv": [68, 123]}
				]
			},
			{
				"name": "topjaw0",
				"parent": "head",
				"pivot": [0, -1, -2],
				"rotation": [10, 0, 0],
				"cubes": [
					{"origin": [-2, 34, -35.77401], "size": [9, 2, 8], "uv": [0, 109]}
				]
			},
			{
				"name": "teeth",
				"parent": "head",
				"pivot": [0, -1, -2],
				"rotation": [50, 0, 0],
				"cubes": [
					{"origin": [6, 41, -11], "size": [1, 1, 1], "uv": [62, 148]},
					{"origin": [6, 40, -10], "size": [1, 1, 1], "uv": [54, 152]},
					{"origin": [6, 39, -9], "size": [1, 1, 1], "uv": [54, 148]},
					{"origin": [6, 38, -8], "size": [1, 1, 1], "uv": [62, 150]}
				]
			},
			{
				"name": "teeth2",
				"parent": "head",
				"pivot": [0, -1, -2],
				"rotation": [50, 0, 0],
				"cubes": [
					{"origin": [-2, 41, -11], "size": [1, 1, 1], "uv": [50, 150]},
					{"origin": [-2, 40, -10], "size": [1, 1, 1], "uv": [46, 152]},
					{"origin": [-2, 39, -9], "size": [1, 1, 1], "uv": [46, 150]},
					{"origin": [-2, 38, -8], "size": [1, 1, 1], "uv": [58, 150]}
				]
			},
			{
				"name": "body0",
				"pivot": [0, 0, 0],
				"rotation": [5, 0, 0],
				"cubes": [
					{"origin": [-4, 15.18518, -9.23712], "size": [13, 12, 7], "uv": [42, 50]}
				]
			},
			{
				"name": "body1",
				"pivot": [0, 0, 0],
				"cubes": [
					{"origin": [-5, 13.18518, 3.76288], "size": [15, 14, 11], "uv": [52, 0]}
				]
			},
			{
				"name": "body2",
				"pivot": [0, 0, 0],
				"cubes": [
					{"origin": [-5, 13.18518, -5.23712], "size": [15, 14, 9], "uv": [50, 26]}
				]
			},
			{
				"name": "tail0",
				"pivot": [3, 27, 15],
				"rotation": [5, 0, 0],
				"cubes": [
					{"origin": [-4, 14.18898, 12.67572], "size": [13, 12, 11], "uv": [98, 26]}
				]
			},
			{
				"name": "tail1",
				"parent": "tail0",
				"pivot": [0, 1, -2],
				"rotation": [5, 0, 0],
				"cubes": [
					{"origin": [-3, 13.14311, 23.63006], "size": [11, 10, 10], "uv": [0, 50]}
				]
			},
			{
				"name": "tail2",
				"parent": "tail0",
				"pivot": [0, 1, -2],
				"rotation": [5, 0, 0],
				"cubes": [
					{"origin": [-2, 13.8574, 33.45682], "size": [9, 9, 9], "uv": [0, 71]}
				]
			},
			{
				"name": "tail3",
				"parent": "tail0",
				"pivot": [0, 1, -2],
				"rotation": [5, 0, 0],
				"cubes": [
					{"origin": [-1, 16.15635, 40.51354], "size": [7, 6, 10], "uv": [36, 71]}
				]
			},
			{
				"name": "tail4",
				"parent": "tail0",
				"pivot": [0, 1, -2],
				"rotation": [-5, 0, 0],
				"cubes": [
					{"origin": [0, 25.5, 45.13828], "size": [5, 5, 10], "uv": [66, 93]}
				]
			},
			{
				"name": "tail5",
				"parent": "tail0",
				"pivot": [0, 1, -2],
				"rotation": [-10, 0, 0],
				"cubes": [
					{"origin": [1, 31.1243, 51.4664], "size": [3, 4, 10], "uv": [34, 109]}
				]
			},
			{
				"name": "tail6",
				"parent": "tail0",
				"pivot": [0, 1, -2],
				"rotation": [-15, 0, 0],
				"cubes": [
					{"origin": [2, 37.15389, 57.00336], "size": [1, 3, 11], "uv": [86, 109]}
				]
			},
			{
				"name": "armr0",
				"pivot": [-6, 16, -4],
				"rotation": [25, 0, 0],
				"cubes": [
					{"origin": [-7, 11.41845, -5.35537], "size": [2, 5, 3], "uv": [84, 136]}
				]
			},
			{
				"name": "handr0",
				"parent": "armr0",
				"pivot": [-1, -2, -4],
				"rotation": [10, 0, 0],
				"cubes": [
					{"origin": [-7, 8.6, -3.8], "size": [2, 2, 1], "uv": [40, 148]}
				]
			},
			{
				"name": "armr1",
				"parent": "armr0",
				"pivot": [-1, -2, -4],
				"rotation": [-5, 0, 0],
				"cubes": [
					{"origin": [-7, 9.77375, -6.74921], "size": [2, 2, 2], "uv": [32, 148]}
				]
			},
			{
				"name": "arml0",
				"pivot": [10, 16, -5],
				"rotation": [25, 0, 0],
				"cubes": [
					{"origin": [9, 11.41845, -6.35537], "size": [2, 5, 3], "uv": [50, 136]}
				]
			},
			{
				"name": "arml1",
				"parent": "arml0",
				"pivot": [0, -2, -5],
				"rotation": [-5, 0, 0],
				"cubes": [
					{"origin": [9, 9.77375, -7.74921], "size": [2, 2, 2], "uv": [24, 148]}
				]
			},
			{
				"name": "handl0",
				"parent": "arml0",
				"pivot": [0, -2, -5],
				"rotation": [10, 0, 0],
				"cubes": [
					{"origin": [9, 8.6, -4.8], "size": [2, 2, 1], "uv": [40, 151]}
				]
			}
		]
	}
}