{
	"format_version": "1.8.0",
	"geometry.gallimimus": {
		"texturewidth": 64,
		"textureheight": 64,
		"visible_bounds_width": 3,
		"visible_bounds_height": 2,
		"visible_bounds_offset": [0, 1, 0],
		"bones": [
			{
				"name": "body",
				"pivot": [0, 13, 2],
				"rotation": [-5, 0, 0],
				"reset": true,
				"cubes": [
					{"origin": [-1.5, 12, -9], "size": [3, 5, 3], "uv": [37, 0]},
					{"origin": [-2.5, 11.5, -8], "size": [5, 5, 3], "uv": [0, 20]},
					{"origin": [-3, 10.5, -5], "size": [6, 6, 8], "uv": [0, 6]}
				]
			},
			{
				"name": "head",
				"pivot": [0, 6, -6],
				"rotation": [10, 0, 0],
				"reset": true,
				"cubes": [
					{"origin": [-1, 22.25, -13.5], "size": [2, 2, 3], "uv": [12, 0]},
					{"origin": [-1.5, 22, -10.5], "size": [3, 3, 3], "uv": [0, 0]},
					{"origin": [-1, 22.5, -8], "size": [2, 2, 2], "uv": [0, 6]},
					{"origin": [-1, 15.5, -7.5], "size": [2, 8, 2], "uv": [29, 0], "inflate": 0.1}
				]
			},
			{
				"name": "rightLeg",
				"pivot": [3, 12, 1],
				"cubes": [
					{"origin": [2.5, 0, 3], "size": [2, 1, 3], "uv": [39, 27]},
					{"origin": [3, 0, 5], "size": [1, 8, 1], "uv": [29, 31], "inflate": 0.2}
				]
			},
			{
				"name": "leftArm",
				"pivot": [-3, 6, -5],
				"rotation": [20, 0, 0],
				"reset": true,
				"cubes": [
					{"origin": [-5, 0, -4], "size": [0, 0, 0], "uv": [0, 0]},
					{"origin": [-3, 10, -4.4], "size": [1, 3, 1], "uv": [29, 21], "inflate": 0.2},
					{"origin": [-3, 10, -8.4], "size": [1, 1, 5], "uv": [29, 21]},
					{"origin": [-3.5, 9.01, -8.41], "size": [2, 2, 1], "uv": [36, 21]}
				]
			},
			{
				"name": "rightArm",
				"pivot": [3, 6, -5],
				"rotation": [20, 0, 0],
				"reset": true,
				"cubes": [
					{"origin": [1, 0, -4], "size": [0, 0, 0], "uv": [0, 16]},
					{"origin": [2, 10, -4.4], "size": [1, 3, 1], "uv": [29, 21], "inflate": 0.2},
					{"origin": [2, 10, -8.4], "size": [1, 1, 5], "uv": [29, 21]},
					{"origin": [1.5, 9.01, -8.41], "size": [2, 2, 1], "uv": [36, 21]}
				]
			},
			{
				"name": "thighR",
				"pivot": [0, 0, 0],
				"rotation": [-10, 0, 0],
				"cubes": [
					{"origin": [2.5, 8, -0.5], "size": [2, 6, 3], "uv": [29, 40], "inflate": 0.2}
				]
			},
			{
				"name": "anckle0",
				"pivot": [0, 0, 0],
				"rotation": [-40, 0, 0],
				"cubes": [
					{"origin": [2.5, 8, -4.5], "size": [2, 2, 5], "uv": [33, 31]}
				]
			},
			{
				"name": "thighL",
				"pivot": [0, 0, 0],
				"rotation": [-10, 0, 0],
				"cubes": [
					{"origin": [-4.5, 8, -0.5], "size": [2, 6, 3], "uv": [29, 40], "inflate": 0.2}
				]
			},
			{
				"name": "anckle1",
				"pivot": [0, 0, 0],
				"rotation": [-40, 0, 0],
				"cubes": [
					{"origin": [-4.5, 8, -4.5], "size": [2, 2, 5], "uv": [33, 31]}
				]
			},
			{
				"name": "leftLeg",
				"pivot": [3, 12, 1],
				"cubes": [
					{"origin": [-4.5, 0, 3], "size": [2, 1, 3], "uv": [39, 27]},
					{"origin": [-4, 0, 5], "size": [1, 8, 1], "uv": [29, 31], "inflate": 0.2}
				]
			},
			{
				"name": "tail0",
				"pivot": [0, 0, 0],
				"rotation": [5, 0, 0],
				"cubes": [
					{"origin": [-2.5, 11.1, 3], "size": [5, 5, 3], "uv": [0, 28]}
				]
			},
			{
				"name": "tail1",
				"pivot": [0, 0, 0],
				"rotation": [5, 0, 0],
				"cubes": [
					{"origin": [-2, 11.8, 6], "size": [4, 4, 4], "uv": [0, 36]}
				]
			},
			{
				"name": "tail2",
				"pivot": [0, 0, 0],
				"rotation": [-10, 0, 0],
				"cubes": [
					{"origin": [-1.5, 14.6, 5], "size": [3, 3, 4], "uv": [29, 11]}
				]
			},
			{
				"name": "tail3",
				"pivot": [0, 0, 0],
				"rotation": [-10, 0, 0],
				"cubes": [
					{"origin": [-1, 15, 9], "size": [2, 2, 5], "uv": [0, 44]}
				]
			},
			{
				"name": "tail4",
				"pivot": [0, 0, 0],
				"rotation": [-15, 0, 0],
				"cubes": [
					{"origin": [-0.5, 16.5, 11], "size": [1, 1, 6], "uv": [0, 51]},
					{"origin": [-0.5, 16.5, 11], "size": [1, 1, 6], "uv": [14, 51]}
				]
			}
		]
	}
}