{
	"format_version": "1.10.0",
	"geometry.giganotosaurus": {
		"texturewidth": 256,
		"textureheight": 256,
		"visible_bounds_width": 9,
		"visible_bounds_height": 2,
		"visible_bounds_offset": [0, 1, 0],
		"bones": [
			{
				"name": "foot0",
				"pivot": [10, 27, 9],
				"cubes": [
					{"origin": [7, 0, 3], "size": [5, 3, 6], "uv": [0, 147]}
				]
			},
			{
				"name": "ankle1",
				"parent": "foot0",
				"pivot": [0, 0, 0],
				"rotation": [-20, 0, 0],
				"cubes": [
					{"origin": [8, 3.46113, 5.46211], "size": [3, 7, 3], "uv": [72, 147]}
				]
			},
			{
				"name": "ankle0",
				"parent": "foot0",
				"pivot": [0, 0, 0],
				"rotation": [30, 0, 0],
				"cubes": [
					{"origin": [8, 0.18715, 10.04974], "size": [3, 9, 4], "uv": [44, 147]}
				]
			},
			{
				"name": "leftLeg",
				"parent": "foot0",
				"pivot": [0, 0, 0],
				"rotation": [-20, 0, 0],
				"cubes": [
					{"origin": [6, 13.4745, -1.48796], "size": [6, 15, 8], "uv": [76, 71]}
				]
			},
			{
				"name": "toes0",
				"parent": "foot0",
				"pivot": [0, 0, 0],
				"cubes": [
					{"origin": [8.5, 0, 0], "size": [2, 2, 4], "uv": [36, 160]},
					{"origin": [9, 0, -1], "size": [1, 1, 1], "uv": [32, 169]}
				]
			},
			{
				"name": "toes3",
				"parent": "foot0",
				"pivot": [0, 0, 0],
				"rotation": [0, 15, 0],
				"cubes": [
					{"origin": [5.5, 0, 3], "size": [2, 2, 4], "uv": [48, 160]},
					{"origin": [6, 0, 2], "size": [1, 1, 1], "uv": [28, 171]}
				]
			},
			{
				"name": "toes2",
				"parent": "foot0",
				"pivot": [0, 0, 0],
				"rotation": [0, -15, 0],
				"cubes": [
					{"origin": [11, 0, -2], "size": [2, 2, 4], "uv": [12, 160]},
					{"origin": [11.5, 0, -3], "size": [1, 1, 1], "uv": [20, 167]}
				]
			},
			{
				"name": "foot2",
				"pivot": [-6, 27, 9],
				"cubes": [
					{"origin": [-7, 0, 3], "size": [5, 3, 6], "uv": [22, 147]}
				]
			},
			{
				"name": "ankle2",
				"parent": "foot2",
				"pivot": [-14, 0, 0],
				"rotation": [-20, 0, 0],
				"cubes": [
					{"origin": [-6, 3.46113, 5.46211], "size": [3, 7, 3], "uv": [84, 147]}
				]
			},
			{
				"name": "ankle3",
				"parent": "foot2",
				"pivot": [-14, 0, 0],
				"rotation": [30, 0, 0],
				"cubes": [
					{"origin": [-6, 0.18715, 10.04974], "size": [3, 9, 4], "uv": [58, 147]}
				]
			},
			{
				"name": "leftLeg2",
				"parent": "foot2",
				"pivot": [-14, 0, 0],
				"rotation": [-20, 0, 0],
				"cubes": [
					{"origin": [-8, 13.4745, -1.48796], "size": [6, 15, 8], "uv": [0, 94]}
				]
			},
			{
				"name": "toes4",
				"parent": "foot2",
				"pivot": [-14, 0, 0],
				"cubes": [
					{"origin": [-5.5, 0, 0], "size": [2, 2, 4], "uv": [60, 160]},
					{"origin": [-5, 0, -1], "size": [1, 1, 1], "uv": [36, 167]}
				]
			},
			{
				"name": "toes5",
				"parent": "foot2",
				"pivot": [-14, 0, 0],
				"rotation": [0, 15, 0],
				"cubes": [
					{"origin": [-8.5, 0, 3], "size": [2, 2, 4], "uv": [0, 160]},
					{"origin": [-8, 0, 2], "size": [1, 1, 1], "uv": [28, 167]}
				]
			},
			{
				"name": "toes6",
				"parent": "foot2",
				"pivot": [-14, 0, 0],
				"rotation": [0, -15, 0],
				"cubes": [
					{"origin": [-3, 0, -2], "size": [2, 2, 4], "uv": [24, 160]},
					{"origin": [-2.5, 0, -3], "size": [1, 1, 1], "uv": [20, 169]}
				]
			},
			{
				"name": "neck5",
				"pivot": [3, 28, -10],
				"rotation": [-25, 0, 0],
				"cubes": [
					{"origin": [-2, 18, -14.78458], "size": [9, 9, 8], "uv": [28, 94]}
				]
			},
			{
				"name": "neck4",
				"parent": "neck5",
				"pivot": [0, 7, 11],
				"rotation": [10, 0, 0],
				"cubes": [
					{"origin": [-2, 20.1, -13.61742], "size": [9, 11, 3], "uv": [24, 133]}
				]
			},
			{
				"name": "neck3",
				"parent": "neck5",
				"pivot": [0, 7, 11],
				"rotation": [10, 0, 0],
				"cubes": [
					{"origin": [-2, 20.2, -16.11471], "size": [9, 11, 3], "uv": [48, 133]}
				]
			},
			{
				"name": "neck2",
				"parent": "neck5",
				"pivot": [0, 7, 11],
				"rotation": [15, 0, 0],
				"cubes": [
					{"origin": [-2, 22.50851, -16.11883], "size": [9, 11, 3], "uv": [0, 133]}
				]
			},
			{
				"name": "neck1",
				"parent": "neck5",
				"pivot": [0, 7, 11],
				"rotation": [-10, 0, 0],
				"cubes": [
					{"origin": [-1, 21.05539, -8.7869], "size": [7, 5, 8], "uv": [30, 117]}
				]
			},
			{
				"name": "neck0",
				"parent": "neck5",
				"pivot": [0, 7, 11],
				"rotation": [5, 0, 0],
				"cubes": [
					{"origin": [-1, 16.96792, -19.21668], "size": [7, 7, 16], "uv": [0, 27]}
				]
			},
			{
				"name": "head",
				"pivot": [0, 31, -23],
				"rotation": [5, 0, 0],
				"cubes": [
					{"origin": [-3, 19.8794, -31.68685], "size": [11, 11, 10], "uv": [88, 27]},
					{"origin": [-2, 22.73954, -41.38733], "size": [9, 6, 12], "uv": [40, 50]}
				]
			},
			{
				"name": "jaw",
				"parent": "head",
				"pivot": [2, 24, -33],
				"rotation": [-5, 0, 0],
				"cubes": [
					{"origin": [-1.5, 20.5, -40.46308], "size": [8, 3, 11], "uv": [38, 71]}
				]
			},
			{
				"name": "snout1",
				"parent": "head",
				"pivot": [0, -2, -3],
				"rotation": [15, 0, 0],
				"cubes": [
					{"origin": [-1.5, 33.5, -29.92186], "size": [8, 4, 11], "uv": [0, 71]}
				]
			},
			{
				"name": "teeth0",
				"parent": "head",
				"pivot": [0, -2, -3],
				"rotation": [40, 0, 0],
				"cubes": [
					{"origin": [5.8, 36, -11], "size": [1, 1, 1], "uv": [36, 169]},
					{"origin": [5.8, 37, -12], "size": [1, 1, 1], "uv": [36, 171]},
					{"origin": [5.8, 38, -13], "size": [1, 1, 1], "uv": [32, 167]},
					{"origin": [5.8, 39, -14], "size": [1, 1, 1], "uv": [40, 167]},
					{"origin": [5.8, 40, -15], "size": [1, 1, 1], "uv": [32, 171]}
				]
			},
			{
				"name": "teeth2",
				"parent": "head",
				"pivot": [0, -2, -3],
				"rotation": [40, 0, 0],
				"cubes": [
					{"origin": [-1.8, 36, -11], "size": [1, 1, 1], "uv": [28, 169]},
					{"origin": [-1.8, 37, -12], "size": [1, 1, 1], "uv": [24, 171]},
					{"origin": [-1.8, 38, -13], "size": [1, 1, 1], "uv": [24, 169]},
					{"origin": [-1.8, 39, -14], "size": [1, 1, 1], "uv": [24, 167]},
					{"origin": [-1.8, 40, -15], "size": [1, 1, 1], "uv": [20, 171]}
				]
			},
			{
				"name": "body2",
				"pivot": [0, 0, 0],
				"rotation": [5, 0, 0],
				"cubes": [
					{"origin": [-4, 15.17756, -9.0628], "size": [13, 14, 7], "uv": [0, 50]}
				]
			},
			{
				"name": "body1",
				"pivot": [0, 0, 0],
				"cubes": [
					{"origin": [-4, 14.18518, 3.76288], "size": [13, 14, 11], "uv": [52, 0]}
				]
			},
			{
				"name": "body0",
				"pivot": [0, 0, 0],
				"rotation": [-5, 0, 0],
				"cubes": [
					{"origin": [-5, 13.01087, -7.22951], "size": [15, 16, 11], "uv": [0, 0]}
				]
			},
			{
				"name": "tail0",
				"pivot": [3, 28, 12],
				"rotation": [5, 0, 0],
				"cubes": [
					{"origin": [-3, 15.18898, 12.67572], "size": [11, 12, 10], "uv": [46, 27]}
				]
			},
			{
				"name": "tail1",
				"parent": "tail0",
				"pivot": [0, 2, -3],
				"rotation": [5, 0, 0],
				"cubes": [
					{"origin": [-2, 14.14311, 22.63006], "size": [9, 10, 10], "uv": [82, 50]}
				]
			},
			{
				"name": "tail2",
				"parent": "tail0",
				"pivot": [0, 2, -3],
				"rotation": [5, 0, 0],
				"cubes": [
					{"origin": [-1, 14.8574, 32.45682], "size": [7, 9, 9], "uv": [62, 94]}
				]
			},
			{
				"name": "tail3",
				"parent": "tail0",
				"pivot": [0, 2, -3],
				"rotation": [5, 0, 0],
				"cubes": [
					{"origin": [0, 17.15635, 39.51354], "size": [5, 6, 10], "uv": [0, 117]}
				]
			},
			{
				"name": "tail4",
				"parent": "tail0",
				"pivot": [0, 2, -3],
				"rotation": [-5, 0, 0],
				"cubes": [
					{"origin": [1, 26.5, 44.13828], "size": [3, 5, 10], "uv": [60, 117]}
				]
			},
			{
				"name": "tail5",
				"parent": "tail0",
				"pivot": [0, 2, -3],
				"rotation": [-10, 0, 0],
				"cubes": [
					{"origin": [2, 32.1243, 50.4664], "size": [1, 4, 10], "uv": [72, 133]}
				]
			},
			{
				"name": "tail6",
				"parent": "tail0",
				"pivot": [0, 2, -3],
				"rotation": [-15, 0, 0],
				"cubes": [
					{"origin": [2, 38.15389, 57.00336], "size": [1, 3, 11], "uv": [86, 117]}
				]
			},
			{
				"name": "rightArm0",
				"pivot": [-4, 16, -9],
				"rotation": [-10, 0, 0],
				"cubes": [
					{"origin": [-6, 10.76779, -10.68056], "size": [2, 5, 2], "uv": [72, 160]}
				]
			},
			{
				"name": "rightArm3",
				"parent": "rightArm0",
				"pivot": [0, 0, 3],
				"rotation": [25, 0, 0],
				"cubes": [
					{"origin": [-6, 11.82717, -7.83856], "size": [2, 2, 1], "uv": [8, 167]}
				]
			},
			{
				"name": "rightArm2",
				"parent": "rightArm0",
				"pivot": [0, 0, 3],
				"rotation": [5, 0, 0],
				"cubes": [
					{"origin": [-6, 9.21333, -11.81734], "size": [2, 2, 1], "uv": [8, 170]}
				]
			},
			{
				"name": "rightArm1",
				"parent": "rightArm0",
				"pivot": [0, 0, 3],
				"rotation": [-60, 0, 0],
				"cubes": [
					{"origin": [-6, -8.33751, -13.9545], "size": [2, 4, 2], "uv": [88, 160]}
				]
			},
			{
				"name": "rightArm4",
				"pivot": [10, 17, -9],
				"rotation": [-10, 0, 0],
				"cubes": [
					{"origin": [9, 11.76779, -10.68056], "size": [2, 5, 2], "uv": [80, 160]}
				]
			},
			{
				"name": "rightArm5",
				"parent": "rightArm4",
				"pivot": [15, 1, 3],
				"rotation": [25, 0, 0],
				"cubes": [
					{"origin": [9, 12.82717, -7.83856], "size": [2, 2, 1], "uv": [14, 170]}
				]
			},
			{
				"name": "rightArm6",
				"parent": "rightArm4",
				"pivot": [15, 1, 3],
				"rotation": [5, 0, 0],
				"cubes": [
					{"origin": [9, 10.21333, -11.81734], "size": [2, 2, 1], "uv": [14, 167]}
				]
			},
			{
				"name": "rightArm7",
				"parent": "rightArm4",
				"pivot": [15, 1, 3],
				"rotation": [-60, 0, 0],
				"cubes": [
					{"origin": [9, -7.33751, -13.9545], "size": [2, 4, 2], "uv": [0, 167]}
				]
			}
		]
	}
}