{
	"format_version": "1.10.0",
	"geometry.spinosaurus": {
		"texturewidth": 256,
		"textureheight": 256,
		"visible_bounds_width": 9,
		"visible_bounds_height": 3,
		"visible_bounds_offset": [0, 1.5, 0],
		"bones": [
			{
				"name": "foot0",
				"pivot": [7, 3, 4],
				"cubes": [
					{"origin": [5, 0, 0], "size": [4, 3, 4], "uv": [50, 151]}
				]
			},
			{
				"name": "toe0",
				"parent": "foot0",
				"pivot": [0, 0, 0],
				"cubes": [
					{"origin": [6, 0, -3], "size": [2, 2, 3], "uv": [62, 179]},
					{"origin": [6.5, 0, -4], "size": [1, 1, 2], "uv": [0, 189]}
				]
			},
			{
				"name": "toe1",
				"parent": "foot0",
				"pivot": [0, 0, 0],
				"rotation": [0, 15, 0],
				"cubes": [
					{"origin": [4, 0, -1], "size": [2, 2, 4], "uv": [0, 179]},
					{"origin": [4.5, 0, -2], "size": [1, 1, 2], "uv": [6, 189]}
				]
			},
			{
				"name": "toe2",
				"parent": "foot0",
				"pivot": [0, 0, 0],
				"rotation": [0, -15, 0],
				"cubes": [
					{"origin": [7.6, 0, -5], "size": [2, 2, 4], "uv": [32, 179]},
					{"origin": [8.1, 0, -6], "size": [1, 1, 2], "uv": [24, 189]}
				]
			},
			{
				"name": "anckle0",
				"pivot": [7, 9, 6],
				"rotation": [-20, 0, 0],
				"cubes": [
					{"origin": [5.5, 0, 3.5], "size": [3, 9, 3], "uv": [10, 151]}
				]
			},
			{
				"name": "anckle1",
				"pivot": [7, 17, 0],
				"rotation": [25, 0, 0],
				"cubes": [
					{"origin": [5, 6, -1], "size": [4, 11, 4], "uv": [22, 134]}
				]
			},
			{
				"name": "thigh0",
				"pivot": [7, 24, 9],
				"rotation": [-35, 0, 0],
				"cubes": [
					{"origin": [4.5, 12, 5], "size": [5, 12, 7], "uv": [86, 76]}
				]
			},
			{
				"name": "foot1",
				"pivot": [-7, 3, 4],
				"cubes": [
					{"origin": [-9, 0, 0], "size": [4, 3, 4], "uv": [34, 159]}
				]
			},
			{
				"name": "toe3",
				"parent": "foot1",
				"pivot": [0, 0, 0],
				"cubes": [
					{"origin": [-8, 0, -3], "size": [2, 2, 3], "uv": [44, 184]},
					{"origin": [-7.5, 0, -4], "size": [1, 1, 2], "uv": [30, 189]}
				]
			},
			{
				"name": "toe4",
				"parent": "foot1",
				"pivot": [0, 0, 0],
				"rotation": [0, 15, 0],
				"cubes": [
					{"origin": [-9.52296, 0, -4.62347], "size": [2, 2, 4], "uv": [48, 166]},
					{"origin": [-9.02296, 0, -5.62347], "size": [1, 1, 2], "uv": [18, 189]}
				]
			},
			{
				"name": "toe5",
				"parent": "foot1",
				"pivot": [0, 0, 0],
				"rotation": [0, -15, 0],
				"cubes": [
					{"origin": [-5.92296, 0, -1.37653], "size": [2, 2, 4], "uv": [12, 179]},
					{"origin": [-5.42296, 0, -2.37653], "size": [1, 1, 2], "uv": [12, 189]}
				]
			},
			{
				"name": "anckle2",
				"pivot": [-7, 9, 6],
				"rotation": [-20, 0, 0],
				"cubes": [
					{"origin": [-8.5, 0, 3.5], "size": [3, 9, 3], "uv": [22, 151]}
				]
			},
			{
				"name": "anckle3",
				"pivot": [-7, 17, 0],
				"rotation": [25, 0, 0],
				"cubes": [
					{"origin": [-9, 6, -1], "size": [4, 11, 4], "uv": [38, 134]}
				]
			},
			{
				"name": "thigh1",
				"pivot": [-7, 24, 9],
				"rotation": [-35, 0, 0],
				"cubes": [
					{"origin": [-9.5, 12, 5], "size": [5, 12, 7], "uv": [62, 76]}
				]
			},
			{
				"name": "body1",
				"pivot": [0, 0, 0],
				"cubes": [
					{"origin": [-6.5, 14, -2], "size": [13, 14, 14], "uv": [0, 0]}
				]
			},
			{
				"name": "body0",
				"pivot": [0, 0, 0],
				"rotation": [-5, 0, 0],
				"cubes": [
					{"origin": [-5.5, 14, -12], "size": [11, 13, 14], "uv": [54, 0]}
				]
			},
			{
				"name": "body2",
				"pivot": [0, 0, 0],
				"rotation": [5, 0, 0],
				"cubes": [
					{"origin": [-4.5, 16, -16], "size": [9, 12, 10], "uv": [42, 54]},
					{"origin": [-1, 28, -16], "size": [2, 3, 2], "uv": [72, 179]},
					{"origin": [-1, 28, -14], "size": [2, 5, 2], "uv": [54, 179]},
					{"origin": [-1, 28, -12], "size": [2, 8, 3], "uv": [22, 166]},
					{"origin": [-1, 28, -9], "size": [2, 10, 3], "uv": [12, 166]},
					{"origin": [-1, 28, -6], "size": [2, 13, 3], "uv": [80, 134]},
					{"origin": [-1, 26, -3], "size": [2, 18, 6], "uv": [78, 95]},
					{"origin": [-1, 27, 3], "size": [2, 14, 3], "uv": [70, 134]},
					{"origin": [-1, 26, 6], "size": [2, 12, 3], "uv": [0, 151]},
					{"origin": [-1, 26, 9], "size": [2, 10, 2], "uv": [40, 166]},
					{"origin": [-1, 24, 11], "size": [2, 10, 2], "uv": [32, 166]},
					{"origin": [-1, 24, 13], "size": [2, 8, 2], "uv": [60, 166]}
				]
			},
			{
				"name": "body3",
				"pivot": [0, 0, 0],
				"rotation": [-15, 0, 0],
				"cubes": [
					{"origin": [-3.5, 10, -26], "size": [7, 10, 6], "uv": [0, 95]}
				]
			},
			{
				"name": "neck0",
				"pivot": [0, 0, 0],
				"rotation": [-25, 0, 0],
				"cubes": [
					{"origin": [-3, 6, -32], "size": [6, 9, 6], "uv": [54, 119]}
				]
			},
			{
				"name": "neck1",
				"pivot": [0, 0, 0],
				"rotation": [-30, 0, 0],
				"cubes": [
					{"origin": [-2.5, 4, -38], "size": [5, 8, 6], "uv": [102, 119]}
				]
			},
			{
				"name": "neck2",
				"pivot": [0, 0, 0],
				"rotation": [-5, 0, 0],
				"cubes": [
					{"origin": [-2, 18.8, -33], "size": [4, 8, 4], "uv": [54, 134]}
				]
			},
			{
				"name": "head",
				"pivot": [0, 30, -31],
				"rotation": [5, 0, 0],
				"cubes": [
					{"origin": [-3, 21, -39], "size": [6, 9, 9], "uv": [32, 76]}
				]
			},
			{
				"name": "topjaw",
				"parent": "head",
				"pivot": [0, -3, -2],
				"cubes": [
					{"origin": [-2.5, 23, -50], "size": [5, 5, 11], "uv": [0, 76]},
					{"origin": [-2, 23, -57], "size": [4, 5, 8], "uv": [78, 119]}
				]
			},
			{
				"name": "top_teeth",
				"parent": "topjaw",
				"pivot": [0, -3, -2],
				"rotation": [35, 0, 0],
				"cubes": [
					{"origin": [0.9, 48.5, -31], "size": [1, 1, 1], "uv": [88, 189]},
					{"origin": [0.9, 47.5, -30], "size": [1, 1, 1], "uv": [76, 189]},
					{"origin": [0.9, 47, -29], "size": [1, 1, 1], "uv": [92, 189]},
					{"origin": [0.9, 46.5, -28], "size": [1, 1, 1], "uv": [96, 189]},
					{"origin": [0.9, 45.5, -27], "size": [1, 1, 1], "uv": [72, 189]}
				]
			},
			{
				"name": "top_teeth2",
				"parent": "topjaw",
				"pivot": [0, -3, -2],
				"rotation": [35, 0, 0],
				"cubes": [
					{"origin": [-1.9, 48.5, -31], "size": [1, 1, 1], "uv": [84, 189]},
					{"origin": [-1.9, 47.5, -30], "size": [1, 1, 1], "uv": [80, 189]},
					{"origin": [-1.9, 47, -29], "size": [1, 1, 1], "uv": [60, 189]},
					{"origin": [-1.9, 46.5, -28], "size": [1, 1, 1], "uv": [64, 189]},
					{"origin": [-1.9, 45.5, -27], "size": [1, 1, 1], "uv": [68, 189]}
				]
			},
			{
				"name": "bottomjaw",
				"parent": "head",
				"pivot": [0, -3, -2],
				"rotation": [-5, 0, 0],
				"cubes": [
					{"origin": [-2, 18, -50], "size": [4, 2, 10], "uv": [0, 119]},
					{"origin": [-1.5, 18, -58], "size": [3, 2, 8], "uv": [0, 134]}
				]
			},
			{
				"name": "tophead",
				"parent": "head",
				"pivot": [0, -3, -2],
				"rotation": [5, 0, 0],
				"cubes": [
					{"origin": [-1.5, 30, -53], "size": [3, 3, 18], "uv": [0, 54]}
				]
			},
			{
				"name": "tophead2",
				"parent": "head",
				"pivot": [0, -3, -2],
				"rotation": [-10, 0, 0],
				"cubes": [
					{"origin": [-1.5, 16, -61], "size": [3, 3, 5], "uv": [34, 151]}
				]
			},
			{
				"name": "tophead3",
				"parent": "head",
				"pivot": [0, -3, -2],
				"rotation": [15, 0, 0],
				"cubes": [
					{"origin": [1.3, 36, -38], "size": [1, 3, 12], "uv": [52, 95]},
					{"origin": [-2.3, 36, -38], "size": [1, 3, 12], "uv": [26, 95]}
				]
			},
			{
				"name": "armR0",
				"pivot": [0, 0, 0],
				"rotation": [35, 0, 0],
				"cubes": [
					{"origin": [3, 16, -3], "size": [3, 8, 3], "uv": [66, 151]}
				]
			},
			{
				"name": "armL0",
				"pivot": [0, 0, 0],
				"rotation": [35, 0, 0],
				"cubes": [
					{"origin": [-6, 16, -3], "size": [3, 8, 3], "uv": [0, 166]}
				]
			},
			{
				"name": "armR1",
				"pivot": [0, 0, 0],
				"rotation": [-20, 0, 0],
				"cubes": [
					{"origin": [3.5, 1, -15], "size": [2, 8, 2], "uv": [68, 166]}
				]
			},
			{
				"name": "armR2",
				"parent": "armR1",
				"pivot": [0, 0, 0],
				"rotation": [40, 0, 0],
				"cubes": [
					{"origin": [3, 7.59767, -10.71829], "size": [3, 3, 2], "uv": [44, 179]}
				]
			},
			{
				"name": "finger0",
				"parent": "armR2",
				"pivot": [0, 0, 0],
				"rotation": [25, 0, 0],
				"cubes": [
					{"origin": [5.3, 9, -5.58579], "size": [1, 2, 1], "uv": [52, 189]},
					{"origin": [2.8, 9, -5.58579], "size": [1, 2, 1], "uv": [36, 189]},
					{"origin": [4, 9, -5.58579], "size": [1, 2, 1], "uv": [40, 189]}
				]
			},
			{
				"name": "armL1",
				"pivot": [0, 0, 0],
				"rotation": [-20, 0, 0],
				"cubes": [
					{"origin": [-5.5, 1, -15], "size": [2, 8, 2], "uv": [24, 179]}
				]
			},
			{
				"name": "armL2",
				"parent": "armL1",
				"pivot": [0, 0, 0],
				"rotation": [40, 0, 0],
				"cubes": [
					{"origin": [-6, 7.59767, -10.71829], "size": [3, 3, 2], "uv": [62, 184]}
				]
			},
			{
				"name": "finger1",
				"parent": "armL2",
				"pivot": [0, 0, 0],
				"rotation": [25, 0, 0],
				"cubes": [
					{"origin": [-3.7, 9, -5.58579], "size": [1, 2, 1], "uv": [44, 189]},
					{"origin": [-6.2, 9, -5.58579], "size": [1, 2, 1], "uv": [48, 189]},
					{"origin": [-5, 9, -5.58579], "size": [1, 2, 1], "uv": [56, 189]}
				]
			},
			{
				"name": "tail0",
				"pivot": [0, 28, 13],
				"rotation": [5, 0, 0],
				"cubes": [
					{"origin": [-5.5, 15, 11], "size": [11, 12, 14], "uv": [0, 28]}
				]
			},
			{
				"name": "tail1",
				"parent": "tail0",
				"pivot": [0, 0, 0],
				"cubes": [
					{"origin": [-4.5, 16, 24], "size": [9, 10, 14], "uv": [50, 28]}
				]
			},
			{
				"name": "tail2",
				"parent": "tail0",
				"pivot": [0, 0, 0],
				"rotation": [-5, 0, 0],
				"cubes": [
					{"origin": [-3.5, 20, 35], "size": [7, 8, 14], "uv": [96, 28]}
				]
			},
			{
				"name": "tail3",
				"parent": "tail0",
				"pivot": [0, 0, 0],
				"rotation": [-10, 0, 0],
				"cubes": [
					{"origin": [-2.5, 25, 44], "size": [5, 6, 14], "uv": [80, 54]}
				]
			},
			{
				"name": "tail4",
				"parent": "tail0",
				"pivot": [0, 0, 0],
				"rotation": [-15, 0, 0],
				"cubes": [
					{"origin": [-1.5, 31, 54], "size": [3, 4, 10], "uv": [28, 119]}
				]
			}
		]
	}
}