{
	"format_version": "1.8.0",
	"geometry.stegosaurus": {
		"texturewidth": 256,
		"textureheight": 256,
		"visible_bounds_width": 6,
		"visible_bounds_height": 2,
		"visible_bounds_offset": [0, 1, 0],
		"bones": [
			{
				"name": "head",
				"pivot": [0, 15, -23],
				"rotation": [10, 0, 0],
				"cubes": [
					{"origin": [-2.5, 9.5, -27.29675], "size": [5, 5, 5], "uv": [0, 102]}
				]
			},
			{
				"name": "snout",
				"parent": "head",
				"pivot": [0, -3, -3],
				"cubes": [
					{"origin": [-2, 9.5, -30.29675], "size": [4, 4, 4], "uv": [28, 115]}
				]
			},
			{
				"name": "snout2",
				"parent": "head",
				"pivot": [0, -3, -3],
				"cubes": [
					{"origin": [-1.5, 10.5, -33.29675], "size": [3, 3, 4], "uv": [68, 115]},
					{"origin": [-1, 9.5, -32.29675], "size": [2, 1, 4], "uv": [44, 135]}
				]
			},
			{
				"name": "snout3",
				"parent": "head",
				"pivot": [0, -3, -3],
				"rotation": [5, 0, 0],
				"cubes": [
					{"origin": [-1.5, 15.2, -28.7], "size": [3, 1, 4], "uv": [32, 127]}
				]
			},
			{
				"name": "neck0",
				"pivot": [0, 0, 0],
				"cubes": [
					{"origin": [-2, 10.3, -23], "size": [4, 4, 6], "uv": [20, 102]}
				]
			},
			{
				"name": "neck1",
				"parent": "neck0",
				"pivot": [0, 0, 0],
				"rotation": [-10, 0, 0],
				"cubes": [
					{"origin": [-2, 5.697, -25.32345], "size": [4, 2, 8], "uv": [0, 88]}
				]
			},
			{
				"name": "neck2",
				"parent": "neck0",
				"pivot": [0, 0, 0],
				"rotation": [5, 0, 0],
				"cubes": [
					{"origin": [-2.5, 10.12161, -16.68906], "size": [5, 6, 5], "uv": [78, 88]}
				]
			},
			{
				"name": "neck3",
				"parent": "neck0",
				"pivot": [0, 0, 0],
				"rotation": [10, 0, 0],
				"cubes": [
					{"origin": [-3, 10.71185, -13.28156], "size": [6, 7, 5], "uv": [18, 72]}
				]
			},
			{
				"name": "neck4",
				"parent": "neck0",
				"pivot": [0, 0, 0],
				"rotation": [15, 0, 0],
				"cubes": [
					{"origin": [-3.5, 11.26243, -9.78058], "size": [7, 8, 6], "uv": [70, 53]}
				]
			},
			{
				"name": "body3",
				"parent": "neck0",
				"pivot": [0, 0, 0],
				"rotation": [20, 0, 0],
				"cubes": [
					{"origin": [-4, 11.26534, -6.18994], "size": [8, 10, 6], "uv": [90, 33]}
				]
			},
			{
				"name": "body2",
				"parent": "neck0",
				"pivot": [0, 0, 0],
				"rotation": [15, 0, 0],
				"cubes": [
					{"origin": [-4.5, 10.26243, -4.78058], "size": [9, 12, 6], "uv": [32, 33]}
				]
			},
			{
				"name": "body0",
				"parent": "neck0",
				"pivot": [0, 0, 0],
				"rotation": [5, 0, 0],
				"cubes": [
					{"origin": [-5.5, 8.12161, -0.68906], "size": [11, 16, 17], "uv": [0, 0]}
				]
			},
			{
				"name": "plate0",
				"parent": "body0",
				"pivot": [0, 0, 0],
				"rotation": [50, 0, 0],
				"cubes": [
					{"origin": [3, 10, 19], "size": [1, 8, 8], "uv": [0, 72]}
				]
			},
			{
				"name": "plate2",
				"parent": "body0",
				"pivot": [0, 0, 0],
				"rotation": [50, 0, 0],
				"cubes": [
					{"origin": [-2.4, 3, 23], "size": [1, 8, 8], "uv": [58, 72]}
				]
			},
			{
				"name": "plate3",
				"parent": "body0",
				"pivot": [0, 0, 0],
				"rotation": [50, 0, 0],
				"cubes": [
					{"origin": [-4, 10, 19], "size": [1, 8, 8], "uv": [40, 72]}
				]
			},
			{
				"name": "plate4",
				"parent": "body0",
				"pivot": [0, 0, 0],
				"rotation": [50, 0, 0],
				"cubes": [
					{"origin": [1.6, 3, 23], "size": [1, 8, 8], "uv": [76, 72]}
				]
			},
			{
				"name": "plate7",
				"parent": "body0",
				"pivot": [0, 0, 0],
				"rotation": [50, 0, 0],
				"cubes": [
					{"origin": [-2.4, 16, 13], "size": [1, 6, 6], "uv": [0, 115]}
				]
			},
			{
				"name": "plate8",
				"parent": "body0",
				"pivot": [0, 0, 0],
				"rotation": [50, 0, 0],
				"cubes": [
					{"origin": [1.6, 16, 13], "size": [1, 6, 6], "uv": [82, 102]}
				]
			},
			{
				"name": "plate9",
				"parent": "body0",
				"pivot": [0, 0, 0],
				"rotation": [50, 0, 0],
				"cubes": [
					{"origin": [1.6, 19, 8], "size": [1, 4, 4], "uv": [46, 127]}
				]
			},
			{
				"name": "plate10",
				"parent": "body0",
				"pivot": [0, 0, 0],
				"rotation": [50, 0, 0],
				"cubes": [
					{"origin": [-2.4, 19, 8], "size": [1, 4, 4], "uv": [10, 135]}
				]
			},
			{
				"name": "body1",
				"parent": "neck0",
				"pivot": [0, 0, 0],
				"rotation": [10, 0, 0],
				"cubes": [
					{"origin": [-5, 9.21185, -3.28156], "size": [10, 14, 8], "uv": [92, 0]}
				]
			},
			{
				"name": "tail0",
				"parent": "neck0",
				"pivot": [0, 0, 0],
				"rotation": [-10, 0, 0],
				"cubes": [
					{"origin": [-5, 13.21185, 8.67655], "size": [10, 14, 8], "uv": [56, 0]}
				]
			},
			{
				"name": "plate5",
				"parent": "tail0",
				"pivot": [-1.9, 8, 30],
				"rotation": [50, 0, 0],
				"cubes": [
					{"origin": [-2.4, 31, 32], "size": [1, 6, 6], "uv": [68, 102]}
				]
			},
			{
				"name": "plate6",
				"parent": "tail0",
				"pivot": [0, 0, 0],
				"rotation": [50, 0, 0],
				"cubes": [
					{"origin": [1.6, 5, 27], "size": [1, 6, 6], "uv": [14, 115]}
				]
			},
			{
				"name": "foot1",
				"pivot": [-6, 17, -4],
				"cubes": [
					{"origin": [-6.5, 0, -5.7], "size": [3, 2, 3], "uv": [20, 135]}
				]
			},
			{
				"name": "anckle1",
				"parent": "foot1",
				"pivot": [0, 0, 0],
				"rotation": [-20, 0, 0],
				"cubes": [
					{"origin": [-6.5, 0, -6], "size": [3, 9, 3], "uv": [56, 115]}
				]
			},
			{
				"name": "leg1",
				"parent": "foot1",
				"pivot": [0, 0, 0],
				"rotation": [15, 0, 0],
				"cubes": [
					{"origin": [-7, 8, -2], "size": [4, 9, 5], "uv": [24, 88]}
				]
			},
			{
				"name": "tail1",
				"pivot": [0, 24, 22],
				"rotation": [-10, 0, 0],
				"cubes": [
					{"origin": [-4, 11.21185, 18.67655], "size": [8, 12, 8], "uv": [0, 33]}
				]
			},
			{
				"name": "plate11",
				"parent": "tail1",
				"pivot": [0, -3, 3],
				"rotation": [50, 0, 0],
				"cubes": [
					{"origin": [-2.4, -3, 35], "size": [1, 4, 4], "uv": [0, 135]}
				]
			},
			{
				"name": "plate12",
				"parent": "tail1",
				"pivot": [0, -3, 3],
				"rotation": [50, 0, 0],
				"cubes": [
					{"origin": [1.6, -3, 35], "size": [1, 4, 4], "uv": [72, 127]}
				]
			},
			{
				"name": "tail2",
				"parent": "tail1",
				"pivot": [0, -3, 3],
				"rotation": [-5, 0, 0],
				"cubes": [
					{"origin": [-3, 14.24601, 23.93603], "size": [6, 10, 8], "uv": [62, 33]}
				]
			},
			{
				"name": "tail3",
				"parent": "tail1",
				"pivot": [0, -3, 3],
				"cubes": [
					{"origin": [-2, 12.25743, 32.1975], "size": [4, 8, 5], "uv": [60, 88]}
				]
			},
			{
				"name": "tail4",
				"parent": "tail1",
				"pivot": [0, 1, -1],
				"rotation": [5, 0, 0],
				"cubes": [
					{"origin": [-1, 10.24601, 37.45897], "size": [2, 5, 11], "uv": [0, 53]}
				]
			},
			{
				"name": "spike3",
				"parent": "tail4",
				"pivot": [0, 1, -1],
				"rotation": [0, 0, -10],
				"cubes": [
					{"origin": [3, 13.5, 46], "size": [8, 1, 1], "uv": [0, 127]}
				]
			},
			{
				"name": "spike4",
				"parent": "tail4",
				"pivot": [0, 1, -1],
				"rotation": [0, 0, 10],
				"cubes": [
					{"origin": [-10, 13.5, 43], "size": [7, 1, 1], "uv": [56, 127]}
				]
			},
			{
				"name": "spike2",
				"parent": "tail4",
				"pivot": [0, 1, -1],
				"rotation": [0, 0, 10],
				"cubes": [
					{"origin": [-11, 13.5, 46], "size": [8, 1, 1], "uv": [68, 122]}
				]
			},
			{
				"name": "spike5",
				"parent": "tail4",
				"pivot": [0, 1, -1],
				"rotation": [0, 0, -10],
				"cubes": [
					{"origin": [3, 13.5, 43], "size": [7, 1, 1], "uv": [82, 127]}
				]
			},
			{
				"name": "foot0",
				"pivot": [6, 17, -4],
				"cubes": [
					{"origin": [3.5, 0, -5.7], "size": [3, 2, 3], "uv": [32, 135]}
				]
			},
			{
				"name": "anckle0",
				"parent": "foot0",
				"pivot": [10, 0, 0],
				"rotation": [-20, 0, 0],
				"cubes": [
					{"origin": [3.5, 0, -6], "size": [3, 9, 3], "uv": [44, 115]}
				]
			},
			{
				"name": "leg0",
				"parent": "foot0",
				"pivot": [10, 0, 0],
				"rotation": [15, 0, 0],
				"cubes": [
					{"origin": [3, 8, -2], "size": [4, 9, 5], "uv": [42, 88]}
				]
			},
			{
				"name": "foot2",
				"pivot": [7, 21, 14],
				"cubes": [
					{"origin": [4.5, 0, 13.5], "size": [3, 2, 4], "uv": [18, 127]}
				]
			},
			{
				"name": "leg2",
				"parent": "foot2",
				"pivot": [0, 0, 0],
				"rotation": [-15, 0, 0],
				"cubes": [
					{"origin": [4, 11.60008, 7.42074], "size": [4, 12, 7], "uv": [48, 53]}
				]
			},
			{
				"name": "anckle2",
				"parent": "foot2",
				"pivot": [0, 0, 0],
				"rotation": [15, 0, 0],
				"cubes": [
					{"origin": [4.5, -2.5, 13.5], "size": [3, 9, 4], "uv": [54, 102]}
				]
			},
			{
				"name": "foot3",
				"pivot": [-7, 21, 14],
				"cubes": [
					{"origin": [-7.5, 0, 13.5], "size": [3, 2, 4], "uv": [0, 129]}
				]
			},
			{
				"name": "anckle3",
				"parent": "foot3",
				"pivot": [0, 0, 0],
				"rotation": [15, 0, 0],
				"cubes": [
					{"origin": [-7.5, -2.5, 13.5], "size": [3, 9, 4], "uv": [40, 102]}
				]
			},
			{
				"name": "leg3",
				"parent": "foot3",
				"pivot": [0, 0, 0],
				"rotation": [-15, 0, 0],
				"cubes": [
					{"origin": [-8, 11.60008, 7.42074], "size": [4, 12, 7], "uv": [26, 53]}
				]
			}
		]
	}
}