{
	"format_version": "1.8.0",
	"geometry.thescelosaurus": {
		"texturewidth": 112,
		"textureheight": 112,
		"visible_bounds_width": 5,
		"visible_bounds_height": 2,
		"visible_bounds_offset": [0, 1, 0],
		"bones": [
			{
				"name": "foot0",
				"pivot": [0, 0, 0],
				"cubes": [
					{"origin": [4, 0, -1], "size": [3, 2, 4], "uv": [38, 81]}
				]
			},
			{
				"name": "anckle0",
				"pivot": [0, 0, 0],
				"rotation": [-15, 0, 0],
				"cubes": [
					{"origin": [4.5, 1, 1], "size": [2, 7, 2], "uv": [0, 91]}
				]
			},
			{
				"name": "anckle1",
				"pivot": [0, 0, 0],
				"rotation": [30, 0, 0],
				"cubes": [
					{"origin": [4, 3, 5], "size": [3, 8, 3], "uv": [32, 68]}
				]
			},
			{
				"name": "thigh0",
				"pivot": [0, 0, 0],
				"rotation": [-30, 0, 0],
				"cubes": [
					{"origin": [3.5, 9, -7], "size": [4, 9, 4], "uv": [16, 68]}
				]
			},
			{
				"name": "foot1",
				"pivot": [0, 0, 0],
				"cubes": [
					{"origin": [-7, 0, -1], "size": [3, 2, 4], "uv": [24, 81]}
				]
			},
			{
				"name": "anckle2",
				"pivot": [0, 0, 0],
				"rotation": [-15, 0, 0],
				"cubes": [
					{"origin": [-6.5, 1, 1], "size": [2, 7, 2], "uv": [8, 91]}
				]
			},
			{
				"name": "anckle3",
				"pivot": [0, 0, 0],
				"rotation": [30, 0, 0],
				"cubes": [
					{"origin": [-7, 3, 5], "size": [3, 8, 3], "uv": [44, 68]}
				]
			},
			{
				"name": "thigh1",
				"pivot": [0, 0, 0],
				"rotation": [-30, 0, 0],
				"cubes": [
					{"origin": [-7.5, 9, -7], "size": [4, 9, 4], "uv": [0, 68]}
				]
			},
			{
				"name": "body1",
				"pivot": [0, 0, 0],
				"rotation": [-5, 0, 0],
				"cubes": [
					{"origin": [-4.5, 10, -3], "size": [9, 12, 10], "uv": [0, 0]}
				]
			},
			{
				"name": "body0",
				"pivot": [0, 0, 0],
				"cubes": [
					{"origin": [-4, 11, -6], "size": [8, 11, 6], "uv": [56, 22]}
				]
			},
			{
				"name": "body2",
				"pivot": [0, 0, 0],
				"rotation": [5, 0, 0],
				"cubes": [
					{"origin": [-3.5, 12, -10], "size": [7, 10, 7], "uv": [28, 22]}
				]
			},
			{
				"name": "body3",
				"pivot": [0, 0, 0],
				"rotation": [-15, 0, 0],
				"cubes": [
					{"origin": [-3, 10, -17], "size": [6, 7, 7], "uv": [0, 39]}
				]
			},
			{
				"name": "neck0",
				"pivot": [0, 0, 0],
				"rotation": [-25, 0, 0],
				"cubes": [
					{"origin": [-2.5, 8, -24], "size": [5, 6, 7], "uv": [24, 54]}
				]
			},
			{
				"name": "neck1",
				"pivot": [0, 0, 0],
				"rotation": [-45, 0, 0],
				"cubes": [
					{"origin": [-2, 0, -32], "size": [4, 5, 7], "uv": [48, 54]}
				]
			},
			{
				"name": "head",
				"pivot": [0, 0, 0],
				"rotation": [5, 0, 0],
				"cubes": [
					{"origin": [-3, 21.91665, -23.09096], "size": [6, 6, 7], "uv": [26, 39]}
				]
			},
			{
				"name": "snout0",
				"parent": "head",
				"pivot": [0, 0, 0],
				"rotation": [10, 0, 0],
				"cubes": [
					{"origin": [-2, 25.77526, -23.29289], "size": [4, 5, 6], "uv": [70, 54]}
				]
			},
			{
				"name": "snout1",
				"parent": "head",
				"pivot": [0, 0, 0],
				"rotation": [15, 0, 0],
				"cubes": [
					{"origin": [-1.5, 31.71829, -19.40233], "size": [3, 1, 5], "uv": [56, 68]}
				]
			},
			{
				"name": "snout2",
				"parent": "head",
				"pivot": [0, 0, 0],
				"rotation": [25, 0, 0],
				"cubes": [
					{"origin": [-1.5, 32.13397, -15.63397], "size": [3, 3, 2], "uv": [16, 91]}
				]
			},
			{
				"name": "armR0",
				"pivot": [0, 0, 0],
				"rotation": [25, 0, 0],
				"cubes": [
					{"origin": [2, 11, -4], "size": [3, 7, 3], "uv": [12, 81]}
				]
			},
			{
				"name": "armR1",
				"pivot": [0, 0, 0],
				"rotation": [-45, 0, 0],
				"cubes": [
					{"origin": [2.5, -5, -13], "size": [2, 7, 2], "uv": [52, 81]}
				]
			},
			{
				"name": "hand0",
				"parent": "armR1",
				"pivot": [0, 0, 0],
				"cubes": [
					{"origin": [2.5, -5.5, -12.5], "size": [2, 1, 3], "uv": [16, 96]}
				]
			},
			{
				"name": "armL0",
				"pivot": [0, 0, 0],
				"rotation": [25, 0, 0],
				"cubes": [
					{"origin": [-5, 11, -4], "size": [3, 7, 3], "uv": [0, 81]}
				]
			},
			{
				"name": "armL1",
				"pivot": [0, 0, 0],
				"rotation": [-45, 0, 0],
				"cubes": [
					{"origin": [-4.5, -5, -13], "size": [2, 7, 2], "uv": [60, 81]}
				]
			},
			{
				"name": "hand1",
				"parent": "armL1",
				"pivot": [0, 0, 0],
				"cubes": [
					{"origin": [-4.5, -5.5, -12.5], "size": [2, 1, 3], "uv": [26, 91]}
				]
			},
			{
				"name": "tail0",
				"pivot": [0, 0, 0],
				"cubes": [
					{"origin": [-3.5, 11, 5], "size": [7, 10, 9], "uv": [38, 0]}
				]
			},
			{
				"name": "tail1",
				"pivot": [0, 0, 0],
				"rotation": [5, 0, 0],
				"cubes": [
					{"origin": [-2.5, 11, 14], "size": [5, 8, 9], "uv": [0, 22]}
				]
			},
			{
				"name": "tail2",
				"pivot": [0, 0, 0],
				"cubes": [
					{"origin": [-1.5, 14, 21], "size": [3, 6, 9], "uv": [52, 39]}
				]
			},
			{
				"name": "tail3",
				"pivot": [0, 0, 0],
				"rotation": [-5, 0, 0],
				"cubes": [
					{"origin": [-0.5, 18, 28], "size": [1, 3, 11], "uv": [0, 54]}
				]
			}
		]
	}
}