{
	"format_version": "1.10.0",
	"geometry.tyrannosaurus": {
		"texturewidth": 256,
		"textureheight": 256,
		"visible_bounds_width": 7,
		"visible_bounds_height": 2,
		"visible_bounds_offset": [0, 1, 0],
		"bones": [
			{
				"name": "foot0",
				"pivot": [7, 3, 3],
				"cubes": [
					{"origin": [5, 0, 0], "size": [4, 3, 4], "uv": [16, 127]}
				]
			},
			{
				"name": "toe0",
				"parent": "foot0",
				"pivot": [0, 0, 0],
				"rotation": [0, 10, 0],
				"cubes": [
					{"origin": [3.8, 0, -1], "size": [2, 2, 4], "uv": [32, 127]},
					{"origin": [4.3, 0, -2], "size": [1, 1, 2], "uv": [30, 140]}
				]
			},
			{
				"name": "toe1",
				"parent": "foot0",
				"pivot": [0, 0, 0],
				"cubes": [
					{"origin": [6, 0, -2], "size": [2, 2, 4], "uv": [0, 134]},
					{"origin": [6.5, 0, -3], "size": [1, 1, 2], "uv": [42, 140]}
				]
			},
			{
				"name": "toe2",
				"parent": "foot0",
				"pivot": [0, 0, 0],
				"rotation": [0, -10, 0],
				"cubes": [
					{"origin": [8, 0, -3.3], "size": [2, 2, 4], "uv": [44, 127]},
					{"origin": [8.5, 0, -4], "size": [1, 1, 2], "uv": [48, 140]}
				]
			},
			{
				"name": "anckle0",
				"pivot": [7, 10, 6],
				"rotation": [-20, 0, 0],
				"cubes": [
					{"origin": [5.5, 0, 4], "size": [3, 10, 3], "uv": [56, 113]}
				]
			},
			{
				"name": "anckle1",
				"pivot": [-7, 10, 6],
				"rotation": [-20, 0, 0],
				"cubes": [
					{"origin": [-8.5, 0, 4], "size": [3, 10, 3], "uv": [68, 113]}
				]
			},
			{
				"name": "foot1",
				"pivot": [-7, 3, 3],
				"cubes": [
					{"origin": [-9, 0, 0], "size": [4, 3, 4], "uv": [0, 127]}
				]
			},
			{
				"name": "toe3",
				"parent": "foot1",
				"pivot": [0, 0, 0],
				"rotation": [0, 10, 0],
				"cubes": [
					{"origin": [-9.98731, 0, -3.43107], "size": [2, 2, 4], "uv": [56, 127]},
					{"origin": [-9.48731, 0, -4.43107], "size": [1, 1, 2], "uv": [24, 140]}
				]
			},
			{
				"name": "toe4",
				"parent": "foot1",
				"pivot": [0, 0, 0],
				"cubes": [
					{"origin": [-8, 0, -2], "size": [2, 2, 4], "uv": [68, 127]},
					{"origin": [-7.5, 0, -3], "size": [1, 1, 2], "uv": [18, 140]}
				]
			},
			{
				"name": "toe5",
				"parent": "foot1",
				"pivot": [0, 0, 0],
				"rotation": [0, -10, 0],
				"cubes": [
					{"origin": [-5.78731, 0, -0.86893], "size": [2, 2, 4], "uv": [80, 127]},
					{"origin": [-5.28731, 0, -1.56893], "size": [1, 1, 2], "uv": [36, 140]}
				]
			},
			{
				"name": "anckle2",
				"pivot": [9, 15, 0],
				"rotation": [30, 0, 0],
				"cubes": [
					{"origin": [5, 6, 0], "size": [4, 10, 4], "uv": [0, 113]}
				]
			},
			{
				"name": "anckle3",
				"pivot": [-7, 15, 0],
				"rotation": [30, 0, 0],
				"cubes": [
					{"origin": [-9, 6, 0], "size": [4, 10, 4], "uv": [72, 99]}
				]
			},
			{
				"name": "thigh0",
				"pivot": [7, 23, 7],
				"rotation": [-35, 0, 0],
				"cubes": [
					{"origin": [4.5, 11, 4], "size": [5, 12, 6], "uv": [22, 81]}
				]
			},
			{
				"name": "thigh2",
				"pivot": [7, 23, 7],
				"rotation": [-35, 0, 0],
				"cubes": [
					{"origin": [-9.5, 11, 4], "size": [5, 12, 6], "uv": [0, 81]}
				]
			},
			{
				"name": "body1",
				"pivot": [0, 0, 0],
				"rotation": [-5, 0, 0],
				"cubes": [
					{"origin": [-5.5, 12, -3], "size": [12, 13, 13], "uv": [0, 0]}
				]
			},
			{
				"name": "body0",
				"pivot": [0, 0, 0],
				"cubes": [
					{"origin": [-4.5, 13, -10], "size": [10, 12, 10], "uv": [0, 26]}
				]
			},
			{
				"name": "body2",
				"pivot": [0, 0, 0],
				"cubes": [
					{"origin": [-3.5, 13.5, -15], "size": [8, 11, 7], "uv": [64, 48]}
				]
			},
			{
				"name": "body3",
				"pivot": [0, 0, 0],
				"rotation": [-20, 0, 0],
				"cubes": [
					{"origin": [-3, 8.5, -22], "size": [7, 9, 6], "uv": [0, 66]},
					{"origin": [-2, 8.8, -29], "size": [5, 3, 8], "uv": [0, 99]}
				]
			},
			{
				"name": "neck0",
				"pivot": [0, 0, 0],
				"rotation": [-15, 0, 0],
				"cubes": [
					{"origin": [-2.5, 12, -26], "size": [6, 8, 7], "uv": [26, 66]}
				]
			},
			{
				"name": "head",
				"pivot": [0, 27, -27],
				"rotation": [10, 0, 0],
				"cubes": [
					{"origin": [-3, 17.59193, -34.33579], "size": [7, 9, 9], "uv": [0, 48]},
					{"origin": [-2.5, 19.59193, -43.33579], "size": [6, 6, 10], "uv": [32, 48]},
					{"origin": [-2, 24.09193, -42.33579], "size": [5, 2, 9], "uv": [44, 81]},
					{"origin": [-1.5, 24.39193, -41.33579], "size": [4, 2, 8], "uv": [26, 99]}
				]
			},
			{
				"name": "jaw",
				"parent": "head",
				"pivot": [0, 18, -35],
				"rotation": [-5, 0, 0],
				"cubes": [
					{"origin": [-2, 17.80666, -42.74614], "size": [5, 2, 9], "uv": [72, 81]}
				]
			},
			{
				"name": "crest0",
				"parent": "head",
				"pivot": [0, -5, -4],
				"rotation": [5, 5, 0],
				"cubes": [
					{"origin": [4.7678, 27.94314, -36.95582], "size": [2, 1, 8], "uv": [16, 113]}
				]
			},
			{
				"name": "crest1",
				"parent": "head",
				"pivot": [0, -5, -4],
				"rotation": [5, -5, 0],
				"cubes": [
					{"origin": [-5.7678, 27.94314, -36.95582], "size": [2, 1, 8], "uv": [36, 113]}
				]
			},
			{
				"name": "crest2",
				"parent": "head",
				"pivot": [0, -5, -4],
				"rotation": [0, 15, 0],
				"cubes": [
					{"origin": [9.31045, 25.69193, -30.42657], "size": [2, 1, 3], "uv": [52, 134]}
				]
			},
			{
				"name": "crest3",
				"parent": "head",
				"pivot": [0, -5, -4],
				"rotation": [0, -10, 0],
				"cubes": [
					{"origin": [-1.53737, 25.69193, -29.87627], "size": [2, 1, 4], "uv": [12, 134]}
				]
			},
			{
				"name": "crest4",
				"parent": "head",
				"pivot": [0, -5, -4],
				"rotation": [0, -15, 0],
				"cubes": [
					{"origin": [-10.31045, 25.69193, -30.42657], "size": [2, 1, 3], "uv": [62, 134]}
				]
			},
			{
				"name": "crest5",
				"parent": "head",
				"pivot": [0, -5, -4],
				"rotation": [0, 10, 0],
				"cubes": [
					{"origin": [0.53737, 25.69193, -29.87627], "size": [2, 1, 4], "uv": [24, 134]}
				]
			},
			{
				"name": "teeth0",
				"parent": "head",
				"pivot": [0, -5, -4],
				"rotation": [40, 0, 0],
				"cubes": [
					{"origin": [2.3, 38, -18], "size": [1, 1, 1], "uv": [70, 140]},
					{"origin": [2.3, 37, -17], "size": [1, 1, 1], "uv": [74, 140]},
					{"origin": [2.3, 36, -16], "size": [1, 1, 1], "uv": [0, 144]},
					{"origin": [2.3, 35, -15], "size": [1, 2, 2], "uv": [88, 134]},
					{"origin": [2.3, 34, -13.8], "size": [1, 2, 2], "uv": [6, 140]}
				]
			},
			{
				"name": "teeth2",
				"parent": "head",
				"pivot": [0, -5, -4],
				"rotation": [40, 0, 0],
				"cubes": [
					{"origin": [-2.3, 38, -18], "size": [1, 1, 1], "uv": [70, 142]},
					{"origin": [-2.3, 37, -17], "size": [1, 1, 1], "uv": [4, 144]},
					{"origin": [-2.3, 36, -16], "size": [1, 1, 1], "uv": [74, 142]},
					{"origin": [-2.3, 35, -15], "size": [1, 2, 2], "uv": [12, 140]},
					{"origin": [-2.3, 34, -13.8], "size": [1, 2, 2], "uv": [0, 140]}
				]
			},
			{
				"name": "neck1",
				"pivot": [0, 0, 0],
				"rotation": [-5, 0, 0],
				"cubes": [
					{"origin": [-2.5, 16.3, -29], "size": [6, 8, 7], "uv": [52, 66]}
				]
			},
			{
				"name": "armR0",
				"pivot": [0, 0, 0],
				"rotation": [15, 0, 0],
				"cubes": [
					{"origin": [4, 16, -10], "size": [2, 3, 2], "uv": [80, 134]}
				]
			},
			{
				"name": "armR1",
				"parent": "armR0",
				"pivot": [0, 3, 4],
				"rotation": [-10, 0, 0],
				"cubes": [
					{"origin": [4, 10, -11.9], "size": [2, 4, 2], "uv": [44, 134]}
				]
			},
			{
				"name": "hand0",
				"parent": "armR1",
				"pivot": [0, 3, 4],
				"rotation": [30, 0, 0],
				"cubes": [
					{"origin": [5.3, 15, -6], "size": [1, 2, 1], "uv": [54, 140]},
					{"origin": [3.8, 15, -6], "size": [1, 2, 1], "uv": [62, 140]}
				]
			},
			{
				"name": "armL0",
				"pivot": [0, 0, 0],
				"rotation": [15, 0, 0],
				"cubes": [
					{"origin": [-4, 16, -10], "size": [2, 3, 2], "uv": [72, 134]}
				]
			},
			{
				"name": "armL1",
				"parent": "armL0",
				"pivot": [0, 3, 4],
				"rotation": [-10, 0, 0],
				"cubes": [
					{"origin": [-4, 10, -11.9], "size": [2, 4, 2], "uv": [36, 134]}
				]
			},
			{
				"name": "hand0",
				"parent": "armL1",
				"pivot": [0, 3, 4],
				"rotation": [30, 0, 0],
				"cubes": [
					{"origin": [-2.7, 15, -6], "size": [1, 2, 1], "uv": [66, 140]},
					{"origin": [-4.2, 15, -6], "size": [1, 2, 1], "uv": [58, 140]}
				]
			},
			{
				"name": "tail0",
				"pivot": [0, 24, 13],
				"rotation": [5, 0, 0],
				"cubes": [
					{"origin": [-4.5, 13, 10], "size": [10, 11, 13], "uv": [50, 0]}
				]
			},
			{
				"name": "tail1",
				"parent": "tail0",
				"pivot": [0, 23, 23],
				"rotation": [5, 0, 0],
				"cubes": [
					{"origin": [-3.5, 14, 22], "size": [8, 9, 11], "uv": [40, 26]}
				]
			},
			{
				"name": "tail2",
				"parent": "tail0",
				"pivot": [0, 22, 42],
				"rotation": [-5, 0, 0],
				"cubes": [
					{"origin": [-1.5, 17, 40], "size": [4, 5, 9], "uv": [78, 66]}
				]
			},
			{
				"name": "tail3",
				"parent": "tail0",
				"pivot": [0, 23, 34],
				"cubes": [
					{"origin": [-2.5, 16, 30], "size": [6, 7, 11], "uv": [78, 26]}
				]
			},
			{
				"name": "tail4",
				"parent": "tail0",
				"pivot": [0, 21, 49],
				"rotation": [-10, 0, 0],
				"cubes": [
					{"origin": [-0.5, 18, 48], "size": [2, 3, 9], "uv": [50, 99]}
				]
			}
		]
	}
}