{
	"format_version": "1.10.0",
	"animation_controllers": {
		"controller.animation.zuul.general": {
			"initial_state": "default",
			"states": {
				"default": {
					"animations": [
						"setup"
					],
					"transitions": [
						{
							"move": "query.modified_move_speed && variable.attack_time == 0 && query.ground_speed > 0"
						},
						{
							"attack": "variable.attack_time > 0"
						}
					],
					"blend_transition": 0
				},
				"move": {
					"animations": [
						"move"
					],
					"transitions": [
						{
							"default": "variable.attack_time == 0 && query.ground_speed == 0"
						},
						{
							"attack": "variable.attack_time > 0"
						}
					],
					"blend_transition": 0
				},
				"attack": {
					"animations": [
						"attack"
					],
					"transitions": [
						{
							"default": "variable.attack_time == 0 && query.ground_speed == 0"
						},
						{
							"move": "query.modified_move_speed && variable.attack_time == 0 && query.ground_speed > 0"
						}
					],
					"blend_transition": 0
				}
			}
		}
	}
}