{
  "format_version": "1.16.100",
  "minecraft:item": {
    "description": {
      "category": "equipment",
      "identifier": "jurassic:sabre_knife"
    },
    "components": {
      "minecraft:icon": {
        "texture": "jurassic:sabre_knife"
      },
      "minecraft:creative_category": {
        "parent": "itemGroup.name.sword"
      },
      "minecraft:max_stack_size": 1,
      "minecraft:hand_equipped": true,
      "minecraft:allow_off_hand": true,
      "minecraft:foil": false,
      "minecraft:durability": {
        "max_durability": 250,
        "damage_chance": {
          "min": 60,
          "max": 100
        }
      },
      "minecraft:repairable": {
        "repair_items": [
          {
            "items": [
              "minecraft:emerald",
              "jurassic:sabre_knife"
            ],
            "repair_amount": 10
          }
        ]
      },
      "minecraft:mining_speed": 1,
      "minecraft:damage": 6,
      "minecraft:enchantable": {
        "value": 15,
        "slot": "sword"
      },
      "minecraft:can_destroy_in_creative": false,
      "minecraft:digger": {
        "use_efficiency": true,
        "destroy_speeds": [
          {
            "block": "minecraft:bamboo",
            "speed": 2
          },
          {
            "block": "minecraft:web",
            "speed": 2
          }
        ]
      },
      "minecraft:weapon": {},
      "minecraft:render_offsets": "tools",
      "tag:minecraft:is_sword": {},
      "minecraft:display_name": {}
    }
  }
}