{
  "format_version": "1.12",
  "minecraft:recipe_shaped": {
    "description": {
      "identifier": "jurassic:electric_fence_make"
    },
    "tags": [
      "crafting_table"
    ],
    "pattern": [
      " A ",
      "ABA",
      " A "
    ],
    "key": {
      "A": {
        "item": "minecraft:redstone",
        "data": 0
      },
      "B": {
        "item": "jurassic:metal_fence",
        "data": 0
      }
    },
    "result": {
      "item": "jurassic:electric_fence",
      "count": 1
    }
  }
}