{
  "format_version": "1.12",
  "minecraft:recipe_shaped": {
    "description": {
      "identifier": "jurassic:sifter0"
    },
    "tags": [
      "crafting_table"
    ],
    "pattern": [
      "A",
      "B",
      "C"
    ],
    "key": {
      "A": {
        "item": "jurassic:unknown_fossil",
        "data": 0
      },
      "B": {
        "item": "minecraft:carpet",
        "data": 8
      },
      "C": {
        "item": "minecraft:crafting_table",
        "data": 0
      }
    },
    "result": {
      "item": "jurassic:sifter_block",
      "count": 1,
      "data": 0
    }
  }
}