{
  "format_version": "1.8.0",
  "minecraft:client_entity": {
    "description": {
      "identifier": "prehistoric:brachiosaurus",
      "materials": { "default": "brachiosaurus" },
      "textures": {
        "default": "textures/entity/brachiosaurus/brachiosaurus_male"
      },
      "geometry": {
        "default": "geometry.brachiosaurus"
      },
      "animations": {
        "default_pose": "animation.brachiosaurus.default_pose",
        "move": "animation.brachiosaurus.move",
        "look_at_target": "animation.brachiosaurus.look_at_target"
      },
     "scripts": {
        "animate": [
          "general",
          { "move": "query.modified_move_speed" },
          "default_pose",
          "look_at_target",
          { "baby_transform": "query.is_baby" }
        ]
      },
      "render_controllers": [ "controller.render.brachiosaurus" ],
      "spawn_egg": {
				"base_color": "#6a625b",
				"overlay_color": "#c9a788"
			}
    }
  }
}