{
  "format_version": "1.8.0",
  "minecraft:client_entity": {
    "description": {
      "identifier": "prehistoric:carnotaurus",
      "materials": {
        "default": "carnotaurus"
      },
      "textures": {
        "default": "textures/entity/carnotaurus/carnotaurus_male"
      },
      "geometry": {
        "default": "geometry.carnotaurus"
      },
      "animations": {
        "walk": "animation.carnotaurus.walk",
        "idle": "animation.carnotaurus.idle",
        "look_at_target": "animation.carnotaurus.look_at_target",
        "attack": "animation.carnotaurus.attack"
      },
      "animation_controllers": [
        {
          "walk": "controller.animation.carnotaurus.walk"
        },
        {
          "attack": "controller.animation.carnotaurus.attack"
        }
      ],
      "render_controllers": [
        "controller.render.carnotaurus"
      ],
      "spawn_egg": {
				"base_color": "#4b2417",
				"overlay_color": "#af987a"
			}
    }
  }
}