{
  "format_version": "1.8.0",
  "minecraft:client_entity": {
    "description": {
      "identifier": "prehistoric:compsognathus",
      "materials": {
        "default": "compsognathus"
      },
      "textures": {
        "default": "textures/entity/compsognathus/compsognathus_male"
      },
      "geometry": {
        "default": "geometry.compsognathus"
      },
      "animations": {
        "walk": "animation.compsognathus.walk",
        "idle": "animation.compsognathus.idle",
        "look_at_target": "animation.compsognathus.look_at_target",
        "attack": "animation.compsognathus.attack"
      },
      "animation_controllers": [
        {
          "walk": "controller.animation.compsognathus.walk"
        },
        {
          "attack": "controller.animation.compsognathus.attack"
        }
      ],
      "render_controllers": [
        "controller.render.compsognathus"
      ],
      "spawn_egg": {
				"base_color": "#3cd10f",
				"overlay_color": "#af987a"
			}
    }
  }
}