{
  "format_version": "1.10.0",
  "minecraft:client_entity": {
    "description": {
      "identifier": "prehistoric:leptictidium",
      "materials": {
        "default": "leptictidium"
      },
      "textures": {
        "default": "textures/entity/leptictidium/leptictidium"
      },
      "geometry": {
        "default": "geometry.leptictidium"
      },
      "animations": {
        "default_pose": "animation.leptictidium.default_pose",
				"look_at_target": "animation.leptictidium.look_at_target",
				"move": "animation.leptictidium.move"
      },
      "scripts": {
        "animate": [
          "general",
          { "move": "query.modified_move_speed" },
          "default_pose",
          "look_at_target",
          { "baby_transform": "query.is_baby" }
        ]
      },
      "render_controllers": [ "controller.render.leptictidium" ],
      "spawn_egg": {
				"base_color": "#6f4a1f",
				"overlay_color": "#9c8b77"
			}
    }
  }
}
