{
  "format_version": "1.10.0",
  "minecraft:client_entity": {
    "description": {
      "identifier": "prehistoric:parasaurlophus",
      "materials": {
        "default": "parasaurlophus"
      },
      "textures": {
        "variant_0": "textures/entity/parasaurlophus/parasaurlophus",
        "variant_1": "textures/entity/parasaurlophus/parasaurlophus_male"
      },
      "geometry": {
        "default": "geometry.parasaurlophus"
      },
      "animations": {
        "idle": "animation.parasaurlophus.idle",
				"look_at_target": "animation.parasaurlophus.look_at_target",
				"walk": "animation.parasaurlophus.walk"
      },
      "scripts": {
        "animate": [
          "general",
          { "walk": "query.modified_move_speed" },
          "idle",
          "look_at_target",
          { "baby_transform": "query.is_baby" }
        ]
      },
      "render_controllers": [ "controller.render.parasaurlophus" ],
      "spawn_egg": {
				"base_color": "#aca237",
				"overlay_color": "#f7ec6e"
			}
    }
  }
}
