{
  "format_version": "1.10.0",
  "minecraft:client_entity": {
    "description": {
      "identifier": "prehistoric:spinosaurus",
      "materials": {
        "default": "spinosaurus"
      },
      "textures": {
        "default": "textures/entity/spinosaurus/spinosaurus_male"
      },
      "geometry": {
        "default": "geometry.spinosaurus"
      },
      "animations": {
        "default_pose": "animation.spinosaurus.default_pose",
				"look_at_target": "animation.spinosaurus.look_at_target",
				"move": "animation.spinosaurus.move"
      },
      "scripts": {
        "animate": [
          "general",
          { "move": "query.modified_move_speed" },
          "default_pose",
          "look_at_target",
          { "baby_transform": "query.is_baby" }
        ]
      },
      "render_controllers": [ "controller.render.spinosaurus" ],
      "spawn_egg": {
				"base_color": "#990000",
				"overlay_color": "#999966"
			}
    }
  }
}
