{
  "format_version": "1.8.0",
  "minecraft:client_entity": {
    "description": {
      "identifier": "prehistoric:triceratops",
      "materials": {
        "default": "triceratops"
      },
      "textures": {
        "default": "textures/entity/triceratops/triceratops_male"
      },
      "geometry": {
        "default": "geometry.triceratops"
      },
	  "scripts": {
        "pre_animation": [
          "variable.legSpeedMultiplier = query.has_rider ? 2.0 : 5.0;"
        ]
      },
      "animations": {
        "idle": "animation.triceratops.idle",
        "walk": "animation.triceratops.walk",
        "look_at_target": "animation.triceratops.look_at_target",
        "attack": "animation.triceratops.attack"
      },
      "animation_controllers": [
        { "idle": "controller.animation.triceratops.idle" },
        { "attack": "controller.animation.triceratops.attack" },
        { "walk": "controller.animation.triceratops.walk" }
      ],
      "render_controllers": [
        "controller.render.triceratops"
      ],
      "spawn_egg": {
				"base_color": "#132649",
				"overlay_color": "#c8ad9b"
			}
    }
  }
}