{
  "format_version": "1.8.0",
  "minecraft:client_entity": {
    "description": {
      "identifier": "prehistoric:tyrannosaurus",
      "materials": {
        "default": "tyrannosaurus"
      },
      "textures": {
        "default": "textures/entity/tyrannosaurus/tyrannosaurus"
      },
      "geometry": {
        "default": "geometry.tyrannosaurus"
      },
      "animations": {
        "move": "animation.tyrannosaurus.move",
        "idle": "animation.tyrannosaurus.idle",
        "look_at_target": "animation.tyrannosaurus.look_at_target",
        "roar": "animation.tyrannosaurus.roar"
      },
      "scripts": {
        "scale": "1.2"
      },
      "animation_controllers": [
        {
          "move": "controller.animation.tyrannosaurus.move"
        },
        {
          "roar": "controller.animation.tyrannosaurus.roar"
        }
      ],
      "render_controllers": [
        "controller.render.tyrannosaurus"
      ],
      "spawn_egg": {
				"base_color": "#194d19",
				"overlay_color": "#e69900"
			}
    }
  }
}