{
  "format_version": "1.8.0",
  "animations": {
  "animation.allosaurus.default_pose": {
			"loop": true,
			"animation_length": 0.68667,
			"bones": {
				"body1": {
					"rotation": {
						"0.0": [0, 0, 0],
						"0.3333": [0, 0, 0],
						"0.6833": [0, 0, 0]
					},
					"position": {
						"0.0": [0, 0, 0],
						"0.3333": [0, 0.2, 0],
						"0.6833": [0, 0, 0]
					}
				},
				"body2": {
					"rotation": {
						"0.0": [0, 0, 0],
						"0.3333": [0, 0, 0],
						"0.6833": [0, 0, 0]
					},
					"position": {
						"0.0": [0, 0, 0],
						"0.3333": [0, 0.2, 0],
						"0.6833": [0, 0, 0]
					}
				},
				"body3": {
					"rotation": {
						"0.0": [0, 0, 0],
						"0.3333": [0, 0, 0],
						"0.6833": [0, 0, 0]
					},
					"position": {
						"0.0": [0, 0, 0],
						"0.3333": [0, 0.2, 0],
						"0.6833": [0, 0, 0]
					}
				},
				"body4": {
					"rotation": {
						"0.0": [0, 0, 0],
						"0.3333": [0, 0, 0],
						"0.6833": [0, 0, 0]
					},
					"position": {
						"0.0": [0, 0, 0],
						"0.3333": [0, 0.2, 0],
						"0.6833": [0, 0, 0]
					}
				},
				"neck1": {
					"rotation": {
						"0.0": [0, 0, 0],
						"0.3333": [0, 0, 0],
						"0.6833": [0, 0, 0]
					},
					"position": {
						"0.0": [0, 0, 0],
						"0.3333": [0, 0.2, 0],
						"0.6833": [0, 0, 0]
					}
				},
				"neck2": {
					"rotation": {
						"0.0": [0, 0, 0],
						"0.3333": [0, 0, 0],
						"0.6833": [0, 0, 0]
					},
					"position": {
						"0.0": [0, 0, 0],
						"0.3333": [0, 0.2, 0],
						"0.6833": [0, 0, 0]
					}
				},
				"neck3": {
					"rotation": {
						"0.0": [0, 0, 0],
						"0.3333": [0, 0, 0],
						"0.6833": [0, 0, 0]
					},
					"position": {
						"0.0": [0, 0, 0],
						"0.3333": [0, 0.2, 0],
						"0.6833": [0, 0, 0]
					}
				},
				"head": {
					"rotation": {
						"0.0": [0, 0, 0],
						"0.3333": [0, 0, 0],
						"0.6833": [0, 0, 0]
					},
					"position": {
						"0.0": [0, 0, 0],
						"0.3333": [0, 0.2, 0],
						"0.6833": [0, 0, 0]
					}
				},
				"jaw": {
					"rotation": {
						"0.0": [30, 0, 0],
						"0.3333": [30, 0, 0]
					},
					"position": {
						"0.0": [0, 22, 9],
						"0.3333": [0, 22, 9]
					}
				},
				"tail1": {
					"rotation": {
						"0.0": [0, 0, 0],
						"0.3333": [0, 0, 0],
						"0.6833": [0, 0, 0]
					},
					"position": {
						"0.0": [0, 0, 0],
						"0.3333": [0, 0.2, 0],
						"0.6833": [0, 0, 0]
					}
				},
				"tail0": {
					"rotation": {
						"0.0": [0, 0, 0],
						"0.3333": [0, 0, 0],
						"0.6833": [0, 0, 0]
					},
					"position": {
						"0.0": [0, 0, 0],
						"0.3333": [0, 0.2, 0],
						"0.6833": [0, 0, 0]
					}
				},
				"tail2": {
					"rotation": {
						"0.0": [0, 0, 0],
						"0.3333": [0, 0, 0],
						"0.6833": [0, 0, 0]
					},
					"position": {
						"0.0": [0, 0, 0],
						"0.3333": [0, 0.2, 0],
						"0.6833": [0, 0, 0]
					}
				},
				"tail3": {
					"rotation": {
						"0.0": [0, 0, 0],
						"0.3333": [0, 0, 0],
						"0.6833": [0, 0, 0]
					},
					"position": {
						"0.0": [0, 0, 0],
						"0.3333": [0, 0.2, 0],
						"0.6833": [0, 0, 0]
					}
				},
				"tail4": {
					"rotation": {
						"0.0": [0, 0, 0],
						"0.3333": [0, 0, 0],
						"0.6833": [0, 0, 0]
					},
					"position": {
						"0.0": [0, 0, 0],
						"0.3333": [0, 0.2, 0],
						"0.6833": [0, 0, 0]
					}
				}
			}
		},
  "animation.allosaurus.look_at_target": {
      "loop": true,
      "bones": {
        "head": {
          "relative_to": { "rotation": "entity" },
          "rotation": [ "Math.clamp(query.target_x_rotation, -4, 3)", "Math.clamp(query.target_y_rotation, -3, 3)", 0 ]
        }
      }
    },
	
    "animation.allosaurus.move": {
			"loop": true,
			"animation_length": 0.69333,
			"bones": {
				"foot0": {
					"rotation": {
						"0.0": [0, 0, 0],
						"0.1833": [35, 0, 0],
						"0.3333": [0, 0, 0],
						"0.5": [0, 0, 0],
						"0.7": [0, 0, 0]
					},
					"position": {
						"0.0": [0, 0, 0],
						"0.1833": [0, 7, 0],
						"0.3333": [0, 0, 0],
						"0.5": [0, 0, 8],
						"0.7": [0, 0, 0]
					}
				},
				"anckle0": {
					"rotation": {
						"0.0": [0, 0, 0],
						"0.1833": [0, 0, 0],
						"0.3333": [0, 0, 0],
						"0.5": [0, 0, 0],
						"0.7": [0, 0, 0]
					},
					"position": {
						"0.0": [0, 0, 0],
						"0.1833": [0, 7, -1],
						"0.3333": [0, 0, 0],
						"0.5": [0, 0, 8],
						"0.7": [0, 0, 0]
					}
				},
				"anckle1": {
					"rotation": {
						"0.0": [0, 0, 0],
						"0.1833": [35, 0, 0],
						"0.3333": [0, 0, 0],
						"0.5": [0, 0, 0],
						"0.7": [0, 0, 0]
					},
					"position": {
						"0.0": [0, 0, 0],
						"0.1833": [0, 6, 5],
						"0.3333": [0, 0, 0],
						"0.5": [0, 0, 8],
						"0.7": [0, 0, 0]
					}
				},
				"thigh0": {
					"rotation": {
						"0.0": [0, 0, 0],
						"0.1833": [-30, 0, 0],
						"0.3333": [0, 0, 0],
						"0.5": [45, 0, 0],
						"0.7": [0, 0, 0]
					},
					"position": {
						"0.0": [0, 0, 0],
						"0.1833": [0, 8, -11],
						"0.3333": [0, 0, 0],
						"0.5": [0, 6, 20],
						"0.7": [0, 0, 0]
					}
				},
				"foot1": {
					"rotation": {
						"0.0": [0, 0, 0],
						"0.1833": [0, 0, 0],
						"0.3333": [0, 0, 0],
						"0.5": [35, 0, 0],
						"0.7": [0, 0, 0]
					},
					"position": {
						"0.0": [0, 0, 0],
						"0.1833": [0, 0, 8],
						"0.3333": [0, 0, 0],
						"0.5": [0, 7, 0],
						"0.7": [0, 0, 0]
					}
				},
				"anckle2": {
					"rotation": {
						"0.0": [0, 0, 0],
						"0.1833": [0, 0, 0],
						"0.3333": [0, 0, 0],
						"0.5": [0, 0, 0],
						"0.7": [0, 0, 0]
					},
					"position": {
						"0.0": [0, 0, 0],
						"0.1833": [0, 0, 8],
						"0.3333": [0, 0, 0],
						"0.5": [0, 7, -1],
						"0.7": [0, 0, 0]
					}
				},
				"anckle3": {
					"rotation": {
						"0.0": [0, 0, 0],
						"0.1833": [0, 0, 0],
						"0.3333": [0, 0, 0],
						"0.5": [35, 0, 0],
						"0.7": [0, 0, 0]
					},
					"position": {
						"0.0": [0, 0, 0],
						"0.1833": [0, 0, 8],
						"0.3333": [0, 0, 0],
						"0.5": [0, 6, 5],
						"0.7": [0, 0, 0]
					}
				},
				"thigh1": {
					"rotation": {
						"0.0": [0, 0, 0],
						"0.1833": [45, 0, 0],
						"0.3333": [0, 0, 0],
						"0.5": [-30, 0, 0],
						"0.7": [0, 0, 0]
					},
					"position": {
						"0.0": [0, 0, 0],
						"0.1833": [0, 6, 20],
						"0.3333": [0, 0, 0],
						"0.5": [0, 8, -11],
						"0.7": [0, 0, 0]
					}
				},
				"body1": {
					"rotation": {
						"0.0": [0, 0, 0],
						"0.1833": [0, 0, 0],
						"0.3333": [0, 0, 0],
						"0.5": [0, 0, 0],
						"0.7": [0, 0, 0]
					},
					"position": {
						"0.0": [0, 0, 0],
						"0.1833": [0, 2, 0],
						"0.3333": [0, 0, 0],
						"0.5": [0, 2, 0],
						"0.7": [0, 0, 0]
					}
				},
				"body2": {
					"rotation": {
						"0.0": [0, 0, 0],
						"0.1833": [0, 0, 0],
						"0.3333": [0, 0, 0],
						"0.5": [0, 0, 0],
						"0.7": [0, 0, 0]
					},
					"position": {
						"0.0": [0, 0, 0],
						"0.1833": [0, 2, 0],
						"0.3333": [0, 0, 0],
						"0.5": [0, 2, 0],
						"0.7": [0, 0, 0]
					}
				},
				"body3": {
					"rotation": {
						"0.0": [0, 0, 0],
						"0.1833": [0, 0, 0],
						"0.3333": [0, 0, 0],
						"0.5": [0, 0, 0],
						"0.7": [0, 0, 0]
					},
					"position": {
						"0.0": [0, 0, 0],
						"0.1833": [0, 2, 0],
						"0.3333": [0, 0, 0],
						"0.5": [0, 2, 0],
						"0.7": [0, 0, 0]
					}
				},
				"body4": {
					"rotation": {
						"0.0": [0, 0, 0],
						"0.1833": [0, 0, 0],
						"0.3333": [0, 0, 0],
						"0.5": [0, 0, 0],
						"0.7": [0, 0, 0]
					},
					"position": {
						"0.0": [0, 0, 0],
						"0.1833": [0, 2, 0],
						"0.3333": [0, 0, 0],
						"0.5": [0, 2, 0],
						"0.7": [0, 0, 0]
					}
				},
				"neck1": {
					"rotation": {
						"0.0": [0, 0, 0],
						"0.1833": [0, 0, 0],
						"0.3333": [0, 0, 0],
						"0.5": [0, 0, 0],
						"0.7": [0, 0, 0]
					},
					"position": {
						"0.0": [0, 0, 0],
						"0.1833": [0, 2, 0],
						"0.3333": [0, 0, 0],
						"0.5": [0, 2, 0],
						"0.7": [0, 0, 0]
					}
				},
				"neck2": {
					"rotation": {
						"0.0": [0, 0, 0],
						"0.1833": [0, 0, 0],
						"0.3333": [0, 0, 0],
						"0.5": [0, 0, 0],
						"0.7": [0, 0, 0]
					},
					"position": {
						"0.0": [0, 0, 0],
						"0.1833": [0, 2, 0],
						"0.3333": [0, 0, 0],
						"0.5": [0, 2, 0],
						"0.7": [0, 0, 0]
					}
				},
				"neck3": {
					"rotation": {
						"0.0": [0, 0, 0],
						"0.1833": [0, 0, 0],
						"0.3333": [0, 0, 0],
						"0.5": [0, 0, 0],
						"0.7": [0, 0, 0]
					},
					"position": {
						"0.0": [0, 0, 0],
						"0.1833": [0, 2, 0],
						"0.3333": [0, 0, 0],
						"0.5": [0, 2, 0],
						"0.7": [0, 0, 0]
					}
				},
				"head": {
					"rotation": {
						"0.0": [0, 0, 0],
						"0.1833": [0, 0, 0],
						"0.3333": [0, 0, 0],
						"0.5": [0, 0, 0],
						"0.7": [0, 0, 0]
					},
					"position": {
						"0.0": [0, 0, 0],
						"0.1833": [0, 2, 0],
						"0.3333": [0, 0, 0],
						"0.5": [0, 2, 0],
						"0.7": [0, 0, 0]
					}
				},
				"armR0": {
					"rotation": {
						"0.0": [0, 0, 0],
						"0.1833": [0, 0, 0],
						"0.3333": [0, 0, 0],
						"0.5": [0, 0, 0],
						"0.7": [0, 0, 0]
					},
					"position": {
						"0.0": [0, 0, 0],
						"0.1833": [0, 2, 0],
						"0.3333": [0, 0, 0],
						"0.5": [0, 2, 0],
						"0.7": [0, 0, 0]
					}
				},
				"armR1": {
					"rotation": {
						"0.0": [0, 0, 0],
						"0.1833": [0, 0, 0],
						"0.3333": [0, 0, 0],
						"0.5": [0, 0, 0],
						"0.7": [0, 0, 0]
					},
					"position": {
						"0.0": [0, 0, 0],
						"0.1833": [0, 2, 0],
						"0.3333": [0, 0, 0],
						"0.5": [0, 2, 0],
						"0.7": [0, 0, 0]
					}
				},
				"armL0": {
					"rotation": {
						"0.0": [0, 0, 0],
						"0.1833": [0, 0, 0],
						"0.3333": [0, 0, 0],
						"0.5": [0, 0, 0],
						"0.7": [0, 0, 0]
					},
					"position": {
						"0.0": [0, 0, 0],
						"0.1833": [0, 2, 0],
						"0.3333": [0, 0, 0],
						"0.5": [0, 2, 0],
						"0.7": [0, 0, 0]
					}
				},
				"armL1": {
					"rotation": {
						"0.0": [0, 0, 0],
						"0.1833": [0, 0, 0],
						"0.3333": [0, 0, 0],
						"0.5": [0, 0, 0],
						"0.7": [0, 0, 0]
					},
					"position": {
						"0.0": [0, 0, 0],
						"0.1833": [0, 2, 0],
						"0.3333": [0, 0, 0],
						"0.5": [0, 2, 0],
						"0.7": [0, 0, 0]
					}
				},
				"armR2": {
					"rotation": {
						"0.0": [0, 0, 0],
						"0.1833": [0, 0, 0],
						"0.3333": [0, 0, 0],
						"0.5": [0, 0, 0],
						"0.7": [0, 0, 0]
					},
					"position": {
						"0.0": [0, 0, 0],
						"0.1833": [0, 2, 0],
						"0.3333": [0, 0, 0],
						"0.5": [0, 2, 0],
						"0.7": [0, 0, 0]
					}
				},
				"armL2": {
					"rotation": {
						"0.0": [0, 0, 0],
						"0.1833": [0, 0, 0],
						"0.3333": [0, 0, 0],
						"0.5": [0, 0, 0],
						"0.7": [0, 0, 0]
					},
					"position": {
						"0.0": [0, 0, 0],
						"0.1833": [0, 2, 0],
						"0.3333": [0, 0, 0],
						"0.5": [0, 2, 0],
						"0.7": [0, 0, 0]
					}
				},
				"tail1": {
					"rotation": {
						"0.0": [0, 0, 0],
						"0.1833": [0, 0, 0],
						"0.3333": [0, 0, 0],
						"0.5": [0, 0, 0],
						"0.7": [0, 0, 0]
					},
					"position": {
						"0.0": [0, 0, 0],
						"0.1833": [0, 2, 0],
						"0.3333": [0, 0, 0],
						"0.5": [0, 2, 0],
						"0.7": [0, 0, 0]
					}
				},
				"tail0": {
					"rotation": {
						"0.0": [0, 0, 0],
						"0.1833": [0, 0, 0],
						"0.3333": [0, 0, 0],
						"0.5": [0, 0, 0],
						"0.7": [0, 0, 0]
					},
					"position": {
						"0.0": [0, 0, 0],
						"0.1833": [0, 2, 0],
						"0.3333": [0, 0, 0],
						"0.5": [0, 2, 0],
						"0.7": [0, 0, 0]
					}
				},
				"tail2": {
					"rotation": {
						"0.0": [0, 0, 0],
						"0.1833": [0, 0, 0],
						"0.3333": [0, 0, 0],
						"0.5": [0, 0, 0],
						"0.7": [0, 0, 0]
					},
					"position": {
						"0.0": [0, 0, 0],
						"0.1833": [0, 2, 0],
						"0.3333": [0, 0, 0],
						"0.5": [0, 2, 0],
						"0.7": [0, 0, 0]
					}
				},
				"tail3": {
					"rotation": {
						"0.0": [0, 0, 0],
						"0.1833": [0, 0, 0],
						"0.3333": [0, 0, 0],
						"0.5": [0, 0, 0],
						"0.7": [0, 0, 0]
					},
					"position": {
						"0.0": [0, 0, 0],
						"0.1833": [0, 2, 0],
						"0.3333": [0, 0, 0],
						"0.5": [0, 2, 0],
						"0.7": [0, 0, 0]
					}
				},
				"tail4": {
					"rotation": {
						"0.0": [0, 0, 0],
						"0.1833": [0, 0, 0],
						"0.3333": [0, 0, 0],
						"0.5": [0, 0, 0],
						"0.7": [0, 0, 0]
					},
					"position": {
						"0.0": [0, 0, 0],
						"0.1833": [0, 2, 0],
						"0.3333": [0, 0, 0],
						"0.5": [0, 2, 0],
						"0.7": [0, 0, 0]
					}
				}
			}
		}
  }
}
