{
  "format_version": "1.8.0",
  "animations": {
  "animation.gallimimus.default_pose": {
  "loop": true,
      "bones": {
	  
	  "tail0": { "position": [ 0, "Math.sin(query.anim_time * 100) * -0.2", 0 ], "rotation": [ 0, "-5 * Math.cos(query.anim_time * 50)", 0 ] },
        "tail1": { "position": [ 0, "Math.sin(query.anim_time * 100) * -0.2", 0 ], "rotation": [ 0, "-5 * Math.cos(query.anim_time * 50)", 0 ] },
        "tail2": { "position": [ 0, "Math.sin(query.anim_time * 100) * -0.2", 0 ], "rotation": [ 0, "-5 * Math.cos(query.anim_time * 50)", 0 ] },
        "tail3": { "position": [ 0, "Math.sin(query.anim_time * 100) * -0.2", 0 ], "rotation": [ 0, "-5 * Math.cos(query.anim_time * 50)", 0 ] },
		"tail4": { "position": [ 0, "Math.sin(query.anim_time * 100) * -0.2", 0 ], "rotation": [ 0, "-5 * Math.cos(query.anim_time * 50)", 0 ] },
	  
	  
	  "body": { "position": [ 0, "Math.sin(query.anim_time * 100) * -0.2", 0 ] },
	  
	  "head": { "position": [ 0, "Math.sin(query.anim_time * 100) * -0.2", 0 ] },
	  "snout0": { "position": [ 0, "Math.sin(query.anim_time * 100) * -0.2", 0 ] },
	  "snout1": { "position": [ 0, "Math.sin(query.anim_time * 100) * -0.2", 0 ] },
	  "jaw": { "position": [ 0, "Math.sin(query.anim_time * 100) * -0.2", 0 ] },
     
	  "leftArm": { "position": [ 0, "Math.sin(query.anim_time * 100) * -0.2", 0 ] },
	  "rightArm": { "position": [ 0, "Math.sin(query.anim_time * 100) * -0.2", 0 ] }
	  
	  }
  },
  "animation.gallimimus.look_at_target": {
      "loop": true,
      "bones": {
        "head": {
          "relative_to": { "rotation": "entity" },
          "rotation": [ "Math.clamp(query.target_x_rotation, -6, 5)", "Math.clamp(query.target_y_rotation, -5, 5)", 0 ]
        }
      }
    },
    "animation.gallimimus.move": {
			"loop": true,
			"animation_length": 0.69333,
			"bones": {
				"body": {
					"rotation": {
						"0.0": [0, 0, 0],
						"0.1833": [5, 0, 0],
						"0.3333": [0, 0, 0],
						"0.5": [5, 0, 0],
						"0.6667": [0, 0, 0]
					},
					"position": {
						"0.0": [0, 0, 0],
						"0.1833": [0, 1, 0],
						"0.3333": [0, 0, 0],
						"0.5": [0, 1, 0],
						"0.6667": [0, 0, 0]
					}
				},
				"head": {
					"rotation": {
						"0.0": [0, 0, 0],
						"0.2": [5, 0, 0],
						"0.3333": [0, 0, 0],
						"0.5": [5, 0, 0],
						"0.7": [0, 0, 0]
					},
					"position": {
						"0.0": [0, 0, 0],
						"0.2": [0, 1, 1],
						"0.3333": [0, 0, 0],
						"0.5": [0, 1, 1],
						"0.7": [0, 0, 0]
					}
				},
				"rightLeg": {
					"rotation": {
						"0.0167": [0, 0, 0],
						"0.1833": [-30, 0, 0],
						"0.35": [0, 0, 0],
						"0.5167": [20, 0, 0],
						"0.6833": [0, 0, 0]
					},
					"position": {
						"0.0167": [0, 0, 0],
						"0.1833": [0, 3, 2],
						"0.35": [0, 0, 0],
						"0.5167": [0, -2, 0],
						"0.6833": [0, 0, 0]
					}
				},
				"leftArm": {
					"rotation": {
						"0.0": [0, 0, 0],
						"0.1667": [-10, 0, 0],
						"0.35": [0, 0, 0],
						"0.5167": [15, 0, 0],
						"0.7": [0, 0, 0]
					},
					"position": {
						"0.0": [0, 0, 0],
						"0.1667": [0, 1, -1],
						"0.35": [0, 0, 0],
						"0.5167": [0, 1, 1],
						"0.7": [0, 0, 0]
					}
				},
				"rightArm": {
					"rotation": {
						"0.0": [0, 0, 0],
						"0.1833": [15, 0, 0],
						"0.35": [0, 0, 0],
						"0.5167": [-10, 0, 0],
						"0.6667": [0, 0, 0]
					},
					"position": {
						"0.0": [0, 0, 0],
						"0.1833": [0, 1, 1],
						"0.35": [0, 0, 0],
						"0.5167": [0, 1, -1],
						"0.6667": [0, 0, 0]
					}
				},
				"thighR": {
					"rotation": {
						"0.0167": [0, 0, 0],
						"0.1833": [-25, 0, 0],
						"0.35": [0, 0, 0],
						"0.5167": [30, 0, 0],
						"0.6833": [0, 0, 0]
					},
					"position": {
						"0.0167": [0, 0, 0],
						"0.1833": [0, 4, -5],
						"0.35": [0, 0, 0],
						"0.5167": [0, 1, 4],
						"0.6833": [0, 0, 0]
					}
				},
				"anckle0": {
					"rotation": {
						"0.0167": [0, 0, 0],
						"0.1833": [15, 0, 0],
						"0.35": [0, 0, 0],
						"0.5167": [10, 0, 0],
						"0.6833": [0, 0, 0]
					},
					"position": {
						"0.0167": [0, 0, 0],
						"0.1833": [0, 1, 1],
						"0.35": [0, 0, 0],
						"0.5167": [0, 0, 2],
						"0.6833": [0, 0, 0]
					}
				},
				"thighL": {
					"rotation": {
						"0.0167": [0, 0, 0],
						"0.1833": [30, 0, 0],
						"0.35": [0, 0, 0],
						"0.5167": [-25, 0, 0],
						"0.6833": [0, 0, 0]
					},
					"position": {
						"0.0167": [0, 0, 0],
						"0.1833": [0, 1, 4],
						"0.35": [0, 0, 0],
						"0.5167": [0, 4, -5],
						"0.6833": [0, 0, 0]
					}
				},
				"anckle1": {
					"rotation": {
						"0.0167": [0, 0, 0],
						"0.2": [10, 0, 0],
						"0.35": [0, 0, 0],
						"0.5167": [15, 0, 0],
						"0.6833": [0, 0, 0]
					},
					"position": {
						"0.0167": [0, 0, 0],
						"0.2": [0, 0, 2],
						"0.35": [0, 0, 0],
						"0.5167": [0, 1, 1],
						"0.6833": [0, 0, 0]
					}
				},
				"leftLeg": {
					"rotation": {
						"0.0167": [0, 0, 0],
						"0.2": [20, 0, 0],
						"0.35": [0, 0, 0],
						"0.5167": [-30, 0, 0],
						"0.6833": [0, 0, 0]
					},
					"position": {
						"0.0167": [0, 0, 0],
						"0.2": [0, -2, 0],
						"0.35": [0, 0, 0],
						"0.5167": [0, 3, 2],
						"0.6833": [0, 0, 0]
					}
				},
				"tail0": {
					"rotation": {
						"0.0": [0, 0, 0],
						"0.1667": [5, 10, 0],
						"0.3333": [0, 0, 0],
						"0.5": [5, -10, 0],
						"0.7": [0, 0, 0]
					},
					"position": {
						"0.0": [0, 0, 0],
						"0.1667": [0, 1, 2],
						"0.3333": [0, 0, 0],
						"0.5": [0, 1, 2],
						"0.7": [0, 0, 0]
					}
				},
				"tail1": {
					"rotation": {
						"0.0": [0, 0, 0],
						"0.1833": [5, 15, 0],
						"0.3333": [0, 0, 0],
						"0.5": [5, -15, 0],
						"0.6667": [0, 0, 0]
					},
					"position": {
						"0.0": [0, 0, 0],
						"0.1833": [0, 1, 2],
						"0.3333": [0, 0, 0],
						"0.5": [0, 1, 2],
						"0.6667": [0, 0, 0]
					}
				},
				"tail2": {
					"rotation": {
						"0.0": [0, 0, 0],
						"0.1667": [0, 20, 0],
						"0.35": [0, 0, 0],
						"0.5": [0, -20, 0],
						"0.6833": [0, 0, 0]
					},
					"position": {
						"0.0": [0, 0, 0],
						"0.1667": [1, 1, 1.5],
						"0.35": [0, 0, 0],
						"0.5": [-0.5, 1, 1],
						"0.6833": [0, 0, 0]
					}
				},
				"tail3": {
					"rotation": {
						"0.0": [0, 0, 0],
						"0.2": [0, 25, 0],
						"0.35": [0, 0, 0],
						"0.5": [0, -25, 0],
						"0.6833": [0, 0, 0]
					},
					"position": {
						"0.0": [0, 0, 0],
						"0.2": [2, 1, 1],
						"0.35": [0, 0, 0],
						"0.5": [-2, 1, 1],
						"0.6833": [0, 0, 0]
					}
				},
				"tail4": {
					"rotation": {
						"0.0": [0, 0, 0],
						"0.1667": [0, 30, 0],
						"0.3333": [0, 0, 0],
						"0.5167": [0, -30, 0],
						"0.7": [0, 0, 0]
					},
					"position": {
						"0.0": [0, 0, 0],
						"0.1667": [4, 1, 2],
						"0.3333": [0, 0, 0],
						"0.5167": [-4, 1, 2],
						"0.7": [0, 0, 0]
					}
				}
			}
		}
  }
}
