{
	"format_version": "1.8.0",
	"animations": {
		"animation.tyrannosaurus.look_at_target": {
			"loop": true,
			"bones": {
				"head": {
					"rotation": ["Math.clamp(query.target_x_rotation, -6, 5)", "Math.clamp(query.target_y_rotation, -2, 2)", 0]
				}
			}
		},
		"animation.tyrannosaurus.idle": {
			"loop": true,
			"animation_length": 2.00667,
			"bones": {
				"body1": {
					"rotation": {
						"0.0": [0, 0, 0],
						"1.0": [0, 0, 0],
						"2.0": [0, 0, 0]
					},
					"position": {
						"0.0": [0, 0, 0],
						"1.0": [0, 0.4, 0],
						"2.0": [0, 0, 0]
					}
				},
				"body0": {
					"rotation": {
						"0.0": [0, 0, 0],
						"1.0": [0, 0, 0],
						"2.0": [0, 0, 0]
					},
					"position": {
						"0.0": [0, 0, 0],
						"1.0": [0, 0.4, 0],
						"2.0": [0, 0, 0]
					}
				},
				"body2": {
					"rotation": {
						"0.0": [0, 0, 0],
						"1.0": [0, 0, 0],
						"2.0": [0, 0, 0]
					},
					"position": {
						"0.0": [0, 0, 0],
						"1.0": [0, 0.4, 0],
						"2.0": [0, 0, 0]
					}
				},
				"body3": {
					"rotation": {
						"0.0": [0, 0, 0],
						"1.0": [0, 0, 0],
						"2.0": [0, 0, 0]
					},
					"position": {
						"0.0": [0, 0, 0],
						"1.0": [0, 0.4, 0],
						"2.0": [0, 0, 0]
					}
				},
				"neck0": {
					"rotation": {
						"0.0": [0, 0, 0],
						"1.0": [0, 0, 0],
						"2.0": [0, 0, 0]
					},
					"position": {
						"0.0": [0, 0, 0],
						"1.0": [0, 0.4, 0],
						"2.0": [0, 0, 0]
					}
				},
				"head": {
					"rotation": {
						"0.0": [0, 0, 0],
						"1.0": [5, 0, 0],
						"2.0": [0, 0, 0]
					},
					"position": {
						"0.0": [0, 0, 0],
						"1.0": [0, 0.4, 0],
						"2.0": [0, 0, 0]
					}
				},
				"jaw": {
					"rotation": {
						"0.0": [0, 0, 0],
						"1.0": [15, 0, 0],
						"2.0": [0, 0, 0]
					},
					"position": {
						"0.0": [0, 0, 0],
						"1.0": [0, 0, 0],
						"2.0": [0, 0, 0]
					}
				},
				"neck1": {
					"rotation": {
						"0.0": [0, 0, 0],
						"1.0": [0, 0, 0],
						"2.0": [0, 0, 0]
					},
					"position": {
						"0.0": [0, 0, 0],
						"1.0": [0, 0.4, 0],
						"2.0": [0, 0, 0]
					}
				},
				"armR0": {
					"rotation": {
						"0.0": [0, 0, 0],
						"1.0": [0, 0, 0],
						"2.0": [0, 0, 0]
					},
					"position": {
						"0.0": [0, 0, 0],
						"1.0": [0, 0.4, 0],
						"2.0": [0, 0, 0]
					}
				},
				"armL0": {
					"rotation": {
						"0.0": [0, 0, 0],
						"1.0": [0, 0, 0],
						"2.0": [0, 0, 0]
					},
					"position": {
						"0.0": [0, 0, 0],
						"1.0": [0, 0.4, 0],
						"2.0": [0, 0, 0]
					}
				},
				"tail0": {
					"rotation": {
						"0.0": [0, -10, 0],
						"1.0": [0, 10, 0],
						"2.0": [0, -10, 0]
					},
					"position": {
						"0.0": [0, 0, 0],
						"1.0": [0, 0.4, 0],
						"2.0": [0, 0, 0]
					}
				}
			}
		},
		"animation.tyrannosaurus.roar": {
			"loop": true,
			"animation_length": 2.00667,
			"bones": {
				"body0": {
					"rotation": {
						"0.0": [0, 0, 0],
						"1.0": [0, 0, 0],
						"2.0": [0, 0, 0]
					},
					"position": {
						"0.0": [0, 0, 0],
						"1.0": [0, -1, 1],
						"2.0": [0, 0, 0]
					}
				},
				"body2": {
					"rotation": {
						"0.0": [0, 0, 0],
						"1.0": [0, 0, 0],
						"2.0": [0, 0, 0]
					},
					"position": {
						"0.0": [0, 0, 0],
						"1.0": [0, -1, 0],
						"2.0": [0, 0, 0]
					}
				},
				"body3": {
					"rotation": {
						"0.0": [0, 0, 0],
						"1.0": [0, 0, 0],
						"2.0": [0, 0, 0]
					},
					"position": {
						"0.0": [0, 0, 0],
						"1.0": [0, -1, 0],
						"2.0": [0, 0, 0]
					}
				},
				"neck0": {
					"rotation": {
						"0.0": [0, 0, 0],
						"1.0": [0, 0, 0],
						"2.0": [0, 0, 0]
					},
					"position": {
						"0.0": [0, 0, 0],
						"1.0": [0, -1, 0],
						"2.0": [0, 0, 0]
					}
				},
				"head": {
					"rotation": {
						"0.0": [0, 0, 0],
						"1.0": [-5, 0, 10],
						"2.0": [0, 0, 0]
					},
					"position": {
						"0.0": [0, 0, 0],
						"1.0": [-1, 0, -1],
						"2.0": [0, 0, 0]
					}
				},
				"jaw": {
					"rotation": {
						"0.0": [0, 0, 0],
						"1.0": [30, 0, 0],
						"2.0": [0, 0, 0]
					},
					"position": {
						"0.0": [0, 0, 0],
						"1.0": [0, 0, 0],
						"2.0": [0, 0, 0]
					}
				},
				"neck1": {
					"rotation": {
						"0.0": [0, 0, 0],
						"1.0": [0, 0, 0],
						"2.0": [0, 0, 0]
					},
					"position": {
						"0.0": [0, 0, 0],
						"1.0": [0, -1, 0],
						"2.0": [0, 0, 0]
					}
				},
				"armR0": {
					"rotation": {
						"0.0": [0, 0, 0],
						"1.0": [5, 0, 0],
						"2.0": [0, 0, 0]
					},
					"position": {
						"0.0": [0, 0, 0],
						"1.0": [0, 0, 2],
						"2.0": [0, 0, 0]
					}
				},
				"armL0": {
					"rotation": {
						"0.0": [0, 0, 0],
						"1.0": [5, 0, 0],
						"2.0": [0, 0, 0]
					},
					"position": {
						"0.0": [0, 0, 0],
						"1.0": [0, 0, 1],
						"2.0": [0, 0, 0]
					}
				}
			}
		},
		"animation.tyrannosaurus.move": {
			"loop": true,
			"animation_length": 2.00667,
			"bones": {
				"foot0": {
					"rotation": {
						"0.0": [30, 0, 0],
						"1.0": [0, 0, 0],
						"2.0": [30, 0, 0]
					},
					"position": {
						"0.0": [0, 3, -1],
						"1.0": [0, 0, 0],
						"2.0": [0, 3, -1]
					}
				},
				"toe2": {
					"position": [0, 0, 0]
				},
				"anckle0": {
					"rotation": {
						"0.0": [-5, 0, 0],
						"1.0": [0, 0, 0],
						"2.0": [-5, 0, 0]
					},
					"position": {
						"0.0": [0, 3, 0],
						"1.0": [0, 0, 0],
						"2.0": [0, 3, 0]
					}
				},
				"anckle1": {
					"rotation": {
						"0.0": [0, 0, 0],
						"1.0": [-5, 0, 0],
						"2.0": [0, 0, 0]
					},
					"position": {
						"0.0": [0, 0, 0],
						"1.0": [0, 3, 0],
						"2.0": [0, 0, 0]
					}
				},
				"foot1": {
					"rotation": {
						"0.0": [0, 0, 0],
						"1.0": [30, 0, 0],
						"2.0": [0, 0, 0]
					},
					"position": {
						"0.0": [0, 0, 0],
						"1.0": [0, 3, -1],
						"2.0": [0, 0, 0]
					}
				},
				"anckle2": {
					"rotation": {
						"0.0": [30, 0, 0],
						"1.0": [0, 0, 0],
						"2.0": [30, 0, 0]
					},
					"position": {
						"0.0": [0, 0, -2],
						"1.0": [0, 0, 0],
						"2.0": [0, 0, -2]
					}
				},
				"anckle3": {
					"rotation": {
						"0.0": [0, 0, 0],
						"1.0": [30, 0, 0],
						"2.0": [0, 0, 0]
					},
					"position": {
						"0.0": [0, 0, 0],
						"1.0": [0, 0, -2],
						"2.0": [0, 0, 0]
					}
				},
				"thigh0": {
					"rotation": {
						"0.0": [-20, 0, 0],
						"1.0": [0, 0, 0],
						"2.0": [-20, 0, 0]
					},
					"position": {
						"0.0": [0, 0, 0],
						"1.0": [0, 0, 0],
						"2.0": [0, 0, 0]
					}
				},
				"thigh2": {
					"rotation": {
						"0.0": [0, 0, 0],
						"1.0": [-20, 0, 0],
						"2.0": [0, 0, 0]
					},
					"position": {
						"0.0": [0, 0, 0],
						"1.0": [0, 0, 0],
						"2.0": [0, 0, 0]
					}
				},
				"body1": {
					"rotation": {
						"0.0": [0, 0, 0],
						"1.0": [0, 0, 0],
						"2.0": [0, 0, 0]
					},
					"position": {
						"0.0": [0, 1, 0],
						"1.0": [0, 0, 0],
						"2.0": [0, 1, 0]
					}
				},
				"body0": {
					"rotation": {
						"0.0": [0, 0, 0],
						"1.0": [0, 0, 0],
						"2.0": [0, 0, 0]
					},
					"position": {
						"0.0": [0, 1, 0],
						"1.0": [0, 0, 0],
						"2.0": [0, 1, 0]
					}
				},
				"body2": {
					"rotation": {
						"0.0": [0, 0, 0],
						"1.0": [0, 0, 0],
						"2.0": [0, 0, 0]
					},
					"position": {
						"0.0": [0, 1, 0],
						"1.0": [0, 0, 0],
						"2.0": [0, 1, 0]
					}
				},
				"body3": {
					"rotation": {
						"0.0": [0, 0, 0],
						"1.0": [0, 0, 0],
						"2.0": [0, 0, 0]
					},
					"position": {
						"0.0": [0, 1, 0],
						"1.0": [0, 0, 0],
						"2.0": [0, 1, 0]
					}
				},
				"neck0": {
					"rotation": {
						"0.0": [0, 0, 0],
						"1.0": [0, 0, 0],
						"2.0": [0, 0, 0]
					},
					"position": {
						"0.0": [0, 1, 0],
						"1.0": [0, 0, 0],
						"2.0": [0, 1, 0]
					}
				},
				"head": {
					"rotation": {
						"0.0": [5, 0, 0],
						"1.0": [0, 0, 0],
						"2.0": [5, 0, 0]
					},
					"position": {
						"0.0": [0, 1, 0],
						"1.0": [0, 0, 0],
						"2.0": [0, 1, 0]
					}
				},
				"neck1": {
					"rotation": {
						"0.0": [0, 0, 0],
						"1.0": [0, 0, 0],
						"2.0": [0, 0, 0]
					},
					"position": {
						"0.0": [0, 1, 0],
						"1.0": [0, 0, 0],
						"2.0": [0, 1, 0]
					}
				},
				"armR0": {
					"rotation": {
						"0.0": [0, 0, 0],
						"1.0": [0, 0, 0],
						"2.0": [0, 0, 0]
					},
					"position": {
						"0.0": [0, 1, 0],
						"1.0": [0, 0, 0],
						"2.0": [0, 1, 0]
					}
				},
				"armL0": {
					"rotation": {
						"0.0": [0, 0, 0],
						"1.0": [0, 0, 0],
						"2.0": [0, 0, 0]
					},
					"position": {
						"0.0": [0, 1, 0],
						"1.0": [0, 0, 0],
						"2.0": [0, 1, 0]
					}
				},
				"tail0": {
					"rotation": {
						"0.0": [0, -5, 0],
						"1.0": [0, 5, 0],
						"2.0": [0, -5, 0]
					},
					"position": {
						"0.0": [0, 1, 0],
						"1.0": [0, 0, 0],
						"2.0": [0, 1, 0]
					}
				},
				"tail1": {
					"rotation": {
						"0.0": [0, -5, 0],
						"1.0": [0, 5, 0],
						"2.0": [0, -5, 0]
					},
					"position": {
						"0.0": [0, 0, 0],
						"1.0": [0, 0, 0],
						"2.0": [0, 0, 0]
					}
				},
				"tail2": {
					"rotation": {
						"0.0": [0, -15, 0],
						"1.0": [0, 15, 0],
						"2.0": [0, -15, 0]
					},
					"position": {
						"0.0": [2, 0, 0],
						"1.0": [-3, 0, 0],
						"2.0": [2, 0, 0]
					}
				},
				"tail3": {
					"rotation": {
						"0.0": [0, -10, 0],
						"1.0": [0, 10, 0],
						"2.0": [0, -10, 0]
					},
					"position": {
						"0.0": [1, 0, 0],
						"1.0": [-1, 0, 0],
						"2.0": [1, 0, 0]
					}
				},
				"tail4": {
					"rotation": {
						"0.0": [0, -20, 0],
						"1.0": [0, 20, 0],
						"2.0": [0, -20, 0]
					},
					"position": {
						"0.0": [4, 0, 0],
						"1.0": [-5, 0, 0],
						"2.0": [4, 0, 0]
					}
				}
			}
		}
	}
}