{
	"format_version": "1.16.0",
	"minecraft:entity": {
		"description": {
			"identifier": "jurassic:nautilus",
			"is_spawnable": true,
			"is_summonable": true,
			"is_experimental": false
		},
		"component_groups": {
			"minecraft:nautilus_baby": {
				"minecraft:is_baby": {},
				"minecraft:scale": {
					"value": 0.5
				}
			}
		},
		"components": {
			"minecraft:experience_reward": {
				"on_death": "!query.is_baby && query.last_hit_by_player ? Math.Random(1,3) : 0"
			},
			"minecraft:nameable": {
				"allow_name_tag_renaming": true
			},
			"minecraft:type_family": {
				"family": [
					"squid",
					"nautilus"
				]
			},
			"minecraft:collision_box": {
				"width": 0.4,
				"height": 0.4
			},
			"minecraft:health": {
				"value": 10,
				"max": 10
			},
			"minecraft:hurt_on_condition": {
				"damage_conditions": [
					{
						"filters": {
							"test": "in_lava",
							"subject": "self",
							"operator": "==",
							"value": true
						},
						"cause": "lava",
						"damage_per_tick": 4
					}
				]
			},
			"minecraft:loot": {
				"table": "loot_tables/entities/jurassic:nautilus.json"
			},
			"minecraft:breathable": {
				"total_supply": 15,
				"suffocate_time": 0,
				"breathes_air": false,
				"breathes_water": true
			},
			"minecraft:movement": {
				"value": 0.2
			},
			"minecraft:underwater_movement": {
				"value": 0.1
			},
			"minecraft:navigation.generic": {
				"is_amphibious": false,
				"can_path_over_water": false,
				"can_swim": true,
				"can_walk": false,
				"can_breach": false,
				"can_sink": false
			},
			"minecraft:movement.sway": {
				"sway_amplitude": 0
			},
			"minecraft:behavior.swim_idle": {
				"priority": 5,
				"idle_time": 5,
				"success_rate": 0.1
			},
			"minecraft:behavior.random_swim": {
				"priority": 3,
				"speed_multiplier": 1,
				"xz_dist": 6,
				"y_dist": 4,
				"interval": 0,
				"avoid_surface": true
			},
			"minecraft:behavior.swim_wander": {
				"priority": 4,
				"interval": 0.1,
				"look_ahead": 2,
				"speed_multiplier": 1,
				"wander_time": 5
			},
			"minecraft:flocking": {
				"in_water": true,
				"match_variants": false,
				"use_center_of_mass": true,
				"low_flock_limit": 4,
				"high_flock_limit": 8,
				"goal_weight": 2,
				"loner_chance": 0.1,
				"influence_radius": 3,
				"breach_influence": 7,
				"separation_weight": 1.75,
				"separation_threshold": 0.95,
				"cohesion_weight": 2,
				"cohesion_threshold": 1.95,
				"innner_cohesion_threshold": 1.25,
				"min_height": 1.5,
				"max_height": 6,
				"block_distance": 2,
				"block_weight": 0.85
			},
			"minecraft:jump.static": {},
			"minecraft:can_climb": {},
			"minecraft:leashable": {
				"soft_distance": 4,
				"hard_distance": 6,
				"max_distance": 10
			},
			"minecraft:physics": {
				"has_gravity": true,
				"has_collision": true
			},
			"minecraft:pushable": {
				"is_pushable": true,
				"is_pushable_by_piston": true
			}
		},
		"events": {
			"minecraft:entity_spawned": {
				"randomize": [
					{
						"weight": 95,
						"remove": {},
						"add": {}
					},
					{
						"weight": 5,
						"remove": {},
						"add": {
							"component_groups": [
								"minecraft:nautilus_baby"
							]
						}
					}
				]
			}
		}
	}
}