{
	"format_version": "1.16.0",
	"minecraft:entity": {
		"description": {
			"identifier": "jurassic:plesiosaurus",
			"runtime_identifier": "dolphin",
			"is_spawnable": true,
			"is_summonable": true,
			"is_experimental": false
		},
		"component_groups": {
			"minecraft:plesiosaurus_baby": {
				"minecraft:is_baby": {},
				"minecraft:scale": {
					"value": 0.3
				},
				"minecraft:ageable": {
					"duration": 1200,
					"feed_items": [
						"minecraft:fish",
						"minecraft:cooked_fish",
						"minecraft:salmon",
						"minecraft:cooked_salmon",
						"minecraft:clownfish",
						"minecraft:pufferfish",
						"jurassic:raw_coelacanth",
						"jurassic:raw_nautilus",
						"jurassic:cooked_nautilus"
					],
					"grow_up": {
						"event": "minecraft:ageable_grow_up",
						"target": "self"
					}
				},
				"minecraft:scale_by_age": {
					"start_scale": 0.3,
					"end_scale": 0.9
				},
				"minecraft:behavior.follow_parent": {
					"priority": 1,
					"speed_multiplier": 0.3
				},
				"minecraft:behavior.panic": {
					"priority": 1,
					"damage_sources": "entity_attack",
					"speed_multiplier": 0.5
				},
				"minecraft:type_family": {
					"family": [
						"plesiosaurus",
						"ples_baby"
					]
				}
			},
			"minecraft:plesiosaurus_baby_scared": {
				"minecraft:angry": {
					"broadcast_anger": true,
					"broadcast_range": 60,
					"duration": 1,
					"calm_event": {
						"event:minecraft:baby_on_calm": {},
						"target": "self"
					}
				}
			},
			"minecraft:plesiosaurus_baby_wild": {
				"minecraft:on_target_acquired": {
					"event": "minecraft:on_scared"
				},
				"minecraft:behavior.nearest_attackable_target": {
					"priority": 6,
					"reselect_targets": true,
					"within_radius": 30,
					"must_see": true,
					"entity_types": [
						{
							"filters": {
								"any_of": [
									{
										"test": "is_family",
										"subject": "other",
										"value": "veloci_adult"
									},
									{
										"test": "is_family",
										"subject": "other",
										"value": "pteranodon"
									},
									{
										"test": "is_family",
										"subject": "other",
										"value": "player"
									}
								]
							}
						}
					]
				},
				"minecraft:tameable": {
					"probability": 0.33,
					"tame_items": "minecraft:nautilus_shell",
					"tame_event": {
						"event": "minecraft:on_tame",
						"target": "self"
					}
				}
			},
			"minecraft:plesiosaurus_adult": {
				"minecraft:experience_reward": {
					"on_bred": "Math.Random(1,7)",
					"on_death": "query.last_hit_by_player ? Math.Random(1,3) : 0"
				},
				"minecraft:loot": {
					"table": "loot_tables/entities/jurassic_plesiosaurus.json"
				},
				"minecraft:breedable": {
					"require_tame": true,
					"require_full_health": true,
					"breeds_with": {
						"mate_type": "jurassic:plesiosaurus",
						"baby_type": "jurassic:plesiosaurus",
						"breed_event": {
							"event": "minecraft:entity_born",
							"target": "baby"
						}
					},
					"breed_items": [
						"minecraft:fish",
						"minecraft:cooked_fish",
						"minecraft:salmon",
						"minecraft:cooked_salmon",
						"minecraft:clownfish",
						"minecraft:pufferfish",
						"jurassic:raw_coelacanth",
						"jurassic:raw_nautilus",
						"jurassic:cooked_nautilus"
					]
				},
				"minecraft:scale": {
					"value": 0.8
				},
				"minecraft:type_family": {
					"family": [
						"plesiosaurus",
						"medcarno",
						"ples_adult"
					]
				}
			},
			"minecraft:plesiosaurus_angry": {
				"minecraft:angry": {
					"duration": 25,
					"broadcast_anger": false,
					"broadcast_range": 20,
					"calm_event": {
						"event": "minecraft:on_calm",
						"target": "self"
					}
				},
				"minecraft:on_target_acquired": {}
			},
			"minecraft:plesiosaurus_wild": {
				"minecraft:tameable": {
					"probability": 0.33,
					"tame_items": "minecraft:nautilus_shell",
					"tame_event": {
						"event": "minecraft:on_tame",
						"target": "self"
					}
				},
				"minecraft:behavior.nearest_attackable_target": {
					"priority": 4,
					"reselect_targets": true,
					"must_see": true,
					"within_radius": 30,
					"entity_types": [
						{
							"filters": {
								"any_of": [
									{
										"test": "is_family",
										"subject": "other",
										"value": "cod"
									},
									{
										"test": "is_family",
										"subject": "other",
										"value": "salmon"
									},
									{
										"test": "is_family",
										"subject": "other",
										"value": "tropicalfish"
									}
								]
							},
							"max_dist": 16
						}
					]
				},
				"minecraft:on_target_acquired": {
					"event": "minecraft:become_angry",
					"target": "self"
				}
			},
			"minecraft:plesiosaurus_tame": {
				"minecraft:is_tamed": {},
				"minecraft:health": {
					"value": 25,
					"max": 25
				},
				"minecraft:attack": {
					"damage": 7
				},
				"minecraft:behavior.breed": {
					"priority": 2,
					"speed_multiplier": 1
				},
				"minecraft:sittable": {},
				"minecraft:leashable": {
					"soft_distance": 4,
					"hard_distance": 6,
					"max_distance": 10,
					"on_leash": {
						"event": "minecraft:on_leash",
						"target": "self"
					},
					"on_unleash": {
						"event": "minecraft:on_unleash",
						"target": "self"
					}
				},
				"minecraft:interact": {
					"interactions": [
						{
							"interact_text": "Follow",
							"on_interact": {
								"event": "minecraft:follow",
								"filters": {
									"all_of": [
										{
											"domain": "hand",
											"operator": "==",
											"subject": "other",
											"test": "has_equipment",
											"value": "minecraft:nautilus_shell"
										},
										{
											"test": "has_component",
											"value": "minecraft:is_tamed"
										},
										{
											"test": "is_family",
											"subject": "other",
											"value": "player"
										}
									]
								},
								"target": "self"
							},
							"use_item": false
						}
					]
				}
			},
			"minecraft:plesiosaurus_male": {
				"minecraft:variant": {
					"value": 0
				}
			},
			"minecraft:plesiosaurus_female": {
				"minecraft:variant": {
					"value": 1
				}
			},
			"minecraft:follow": {
				"minecraft:behavior.follow_owner": {
					"priority": 2
				},
				"minecraft:behavior.owner_hurt_by_target": {
					"priority": 1
				},
				"minecraft:behavior.owner_hurt_target": {
					"priority": 3
				},
				"minecraft:interact": {
					"interactions": [
						{
							"interact_text": "Free Roam",
							"on_interact": {
								"event": "minecraft:free_roam",
								"filters": {
									"all_of": [
										{
											"domain": "hand",
											"operator": "==",
											"subject": "other",
											"test": "has_equipment",
											"value": "minecraft:nautilus_shell"
										},
										{
											"test": "has_component",
											"value": "minecraft:is_tamed"
										},
										{
											"test": "is_family",
											"subject": "other",
											"value": "player"
										}
									]
								},
								"target": "self"
							},
							"use_item": false
						}
					]
				}
			},
			"minecraft:interaction": {
				"minecraft:interact": {
					"interactions": [
						{
							"interact_text": "Follow",
							"on_interact": {
								"event": "minecraft:follow",
								"filters": {
									"all_of": [
										{
											"domain": "hand",
											"operator": "==",
											"subject": "other",
											"test": "has_equipment",
											"value": "minecraft:nautilus_shell"
										},
										{
											"test": "has_component",
											"value": "minecraft:is_tamed"
										},
										{
											"test": "is_family",
											"subject": "other",
											"value": "player"
										}
									]
								},
								"target": "self"
							},
							"use_item": false
						}
					]
				}
			}
		},
		"components": {
			"minecraft:nameable": {
				"allow_name_tag_renaming": true
			},
			"minecraft:type_family": {
				"family": [
					"medcarno",
					"plesiosaurus"
				]
			},
			"minecraft:breathable": {
				"total_supply": 50,
				"suffocate_time": 0,
				"breathes_water":true,
				"breathes_air":false,
				"generates_bubbles":false
			},
			"minecraft:collision_box": {
				"width": 1.1,
				"height": 2
			},
			"minecraft:health": {
				"value": 15,
				"max": 15
			},
			"minecraft:hurt_on_condition": {
				"damage_conditions": [
					{
						"filters": {
							"test": "in_lava",
							"subject": "self",
							"operator": "==",
							"value": true
						},
						"cause": "lava",
						"damage_per_tick": 4
					}
				]
			},
			"minecraft:water_movement": {
				"value": 0.2
			},
			"minecraft:underwater_movement": {
			    "value": 0.3
			},
			"minecraft:movement": {
			    "value": 0.3
			},
			"minecraft:navigation.generic": {
				"can_path_over_water": false,
				"avoid_damage_blocks": true,
				"can_sink": false,
				"can_swim": true,
				"can_walk": false,
				"can_breach": true,
				"is_amphibious": false
			},
			"minecraft:behavior.random_swim": {
        "priority": 7,
        "interval": 10,
        "xz_dist": 20,
        "y_dist": 15,
        "speed_multiplier": 0.2,
        "probability": 0.2
      },
      "minecraft:behavior.swim_wander": {
        "priority": 4,
        "speed_multiplier": 0.1,
        "interval": 60
      },
			"minecraft:movement.basic": {},
			"minecraft:jump.static": {},
			"minecraft:can_climb": {},
			"minecraft:attack": {
				"damage": 6
			},
			"minecraft:healable": {
				"items": [
					{
						"item": "minecraft:fish",
						"heal_amount": 3
					},
					{
						"item": "minecraft:cooked_fish",
						"heal_amount": 8
					},
					{
						"item": "minecraft:salmon",
						"heal_amount": 3
					},
					{
						"item": "minecraft:cooked_salmon",
						"heal_amount": 8
					},
					{
						"item": "minecraft:clownfish",
						"heal_amount": 2
					},
					{
						"item": "minecraft:pufferfish",
						"heal_amount": 2
					},
					{
						"item": "jurassic:raw_coelacanth",
						"heal_amount": 2
					},
					{
						"item": "jurassic:raw_nautilus",
						"heal_amount": 3
					},
					{
						"item": "jurassic:cooked_nautilus",
						"heal_amount": 6
					}
				]
			},
			"minecraft:behavior.mount_pathing": {
				"priority": 1,
				"speed_multiplier": 1.25,
				"target_dist": 0,
				"track_target": true
			},
			"minecraft:behavior.stay_while_sitting": {
				"priority": 3
			},
			"minecraft:behavior.melee_attack": {
				"priority": 5
			},
			"minecraft:behavior.random_stroll": {
				"priority": 8,
				"speed_multiplier": 1
			},
			"minecraft:behavior.look_at_player": {
				"priority": 6,
				"target_distance": 6,
				"probability": 0.02
			},
			"minecraft:behavior.beg": {
				"priority": 9,
				"look_distance": 8,
				"look_time": [
					2,
					4
				],
				"items": [
					"minecraft:nautilus_shell",
					"minecraft:fish",
					"minecraft:cooked_fish",
					"minecraft:salmon",
					"minecraft:cooked_salmon",
					"minecraft:clownfish",
					"minecraft:pufferfish",
					"jurassic:raw_coelacanth",
					"jurassic:raw_nautilus",
					"jurassic:cooked_nautilus"
				]
			},
			"minecraft:behavior.hurt_by_target": {
				"priority": 3
			},
			"minecraft:physics": {
				"has_collision": true,
				"has_gravity": true
			},
			"minecraft:pushable": {
				"is_pushable": true,
				"is_pushable_by_piston": true
			},
			"minecraft:behavior.delayed_attack": {
				"priority": 3,
				"speed_multiplier": 1.9,
				"track_target": true,
				"hit_delay_pct": 0.3,
				"attack_duration": 2.1,
				"reach_multiplier": 1.8
			},
			"minecraft:behavior.pickup_items": {
				"priority": 11,
				"max_dist": 3,
				"goal_radius": 2,
				"speed_multiplier": 0.5
			},
			"minecraft:behavior.eat_carried_item": {
				"priority": 12,
				"delay_before_eating": 28
			},
			"minecraft:shareables": {
				"all_items": false,
				"all_items_max_amount": 1,
				"items": [
					{
						"consume_item": true,
						"item": "minecraft:fish"
					},
					{
						"consume_item": true,
						"item": "minecraft:salmon"
					},
					{
						"consume_item": true,
						"item": "minecraft:clownfish"
					},
					{
						"item": "minecraft:pufferfish",
						"consume_item": true
					},
					{
						"item": "jurassic:raw_coelacanth",
						"consume_item": true
					},
					{
					    "item": "jurassic:raw_nautilus",
					    "consume_item": true
					}
				]
			},
			"minecraft:behavior.nap": {
				"priority": 1,
				"cooldown_min": 15,
				"cooldown_max": 30,
				"mob_detect_dist": 6,
				"mob_detect_height": 6,
				"can_nap_filters": {
					"test": "is_daytime",
					"value": false
				},
				"wake_mob_exceptions": {
					"any_of": [
						{
							"test": "is_owner",
							"subject": "player",
							"operator": "equals",
							"value": true
						},
						{
							"test": "is_family",
							"subject": "other",
							"operator": "==",
							"value": "plesiosaurus"
						},
						{
							"test": "is_sneaking",
							"subject": "other",
							"operator": "==",
							"value": true
						}
					]
				}
			}
		},
		"events": {
			"minecraft:entity_spawned": {
				"randomize": [
					{
						"weight": 40,
						"remove": {},
						"add": {
							"component_groups": [
								"minecraft:plesiosaurus_adult",
								"minecraft:plesiosaurus_wild",
								"minecraft:plesiosaurus_male"
							]
						}
					},
					{
						"weight": 40,
						"remove": {},
						"add": {
							"component_groups": [
								"minecraft:plesiosaurus_wild",
								"minecraft:plesiosaurus_adult",
								"minecraft:plesiosaurus_female"
							]
						}
					},
					{
						"weight": 10,
						"remove": {},
						"add": {
							"component_groups": [
								"minecraft:plesiosaurus_baby",
								"minecraft:plesiosaurus_male",
								"minecraft:plesiosaurus_baby_wild"
							]
						}
					},
					{
						"weight": 10,
						"remove": {},
						"add": {
							"component_groups": [
								"minecraft:plesiosaurus_baby",
								"minecraft:plesiosaurus_female",
								"minecraft:plesiosaurus_baby_wild"
							]
						}
					}
				]
			},
			"minecraft:entity_born": {
				"randomize": [
					{
						"weight": 50,
						"add": {
							"component_groups": [
								"minecraft:plesiosaurus_baby",
								"minecraft:plesiosaurus_male",
								"minecraft:plesiosaurus_baby_wild"
							]
						},
						"remove": {}
					},
					{
						"weight": 50,
						"remove": {},
						"add": {
							"component_groups": [
								"minecraft:plesiosaurus_baby",
								"minecraft:plesiosaurus_female",
								"minecraft:plesiosaurus_baby_wild"
							]
						}
					}
				]
			},
			"minecraft:ageable_grow_up": {
				"remove": {
					"component_groups": [
						"minecraft:plesiosaurus_baby"
					]
				},
				"add": {
					"component_groups": [
						"minecraft:plesiosaurus_adult"
					]
				}
			},
			"minecraft:ageable_set_baby": {
				"remove": {
					"component_groups": [
						"minecraft:plesiosaurus_adult"
					]
				},
				"add": {
					"component_groups": [
						"minecraft:plesiosaurus_baby"
					]
				}
			},
			"minecraft:on_tame": {
				"remove": {
					"component_groups": [
						"minecraft:plesiosaurus_wild",
						"minecraft:plesiosaurus_baby_wild"
					]
				},
				"add": {
					"component_groups": [
						"minecraft:plesiosaurus_tame"
					]
				}
			},
			"minecraft:become_angry": {
				"remove": {
					"component_groups": [
						"minecraft:plesiosaurus_wild"
					]
				},
				"add": {
					"component_groups": [
						"minecraft:plesiosaurus_angry"
					]
				}
			},
			"minecraft:on_calm": {
				"remove": {
					"component_groups": [
						"minecraft:plesiosaurus_angry"
					]
				},
				"add": {
					"component_groups": [
						"minecraft:plesiosaurus_wild"
					]
				}
			},
			"minecraft:on_scared": {
				"remove": {
					"component_groups": [
						"minecraft:plesiosaurus_baby_wild"
					]
				},
				"add": {
					"component_groups": [
						"minecraft:plesiosaurus_baby_scared"
					]
				}
			},
			"minecraft:baby_on_calm": {
				"remove": {
					"component_groups": [
						"minecraft:plesiosaurus_baby_scared"
					]
				},
				"add": {
					"component_groups": [
						"minecraft:plesiosaurus_baby_wild"
					]
				}
			},
			"minecraft:follow": {
				"add": {
					"component_groups": [
						"minecraft:follow"
					]
				},
				"remove": {
					"component_groups": [
						"minecraft:interaction"
					]
				}
			},
			"minecraft:free_roam": {
				"add": {
					"component_groups": [
						"minecraft:interaction"
					]
				},
				"remove": {
					"component_groups": [
						"minecraft:follow"
					]
				}
			}
		}
	}
}