{
  "format_version": "1.8.0",
  "minecraft:client_entity": {
    "description": {
      "identifier": "time:anquilo",
      "materials": { "default": "bee" },
      "textures": {
        "vari1": "textures/entity/anquilo/femea",
        "vari2": "textures/entity/anquilo/macho",
        "vari3": "textures/entity/anquilo/bumpy",
        "vari4": "textures/entity/anquilo/femea",
        "null": "textures/entity/null/null",
        "null": "textures/entity/null/null"
      },
      "geometry": {
        "default": "geometry.anquilo"
      },
      "animations": {
        "casting": "animation.anqui.casting",
        "move": "animation.anqui.move",
        "default": "animation.anqui.idle",
        "look_at_target": "animation.anqui.look_at_target",
        "sitting": "animation.anqui.stay",
        "attack": "animation.anqui.attack"
      },
      "animation_controllers": [
        { "general": "controller.animation.dinos.general" }
      ],
      "render_controllers": [ "controller.render.vari2" ],
      "spawn_egg": {
        "base_color": "#6a8b82",
        "overlay_color": "#d5c19b"
      }
    }
  }
}
