{
  "format_version": "1.8.0",
  "minecraft:client_entity": {
    "description": {
      "identifier": "time:apato",
      "materials": { "default": "skeleton" },
      "textures": {
        "vari1": "textures/entity/apato/femea1",
        "vari2": "textures/entity/apato/macho",
        "vari3": "textures/entity/apato/femea2",
        "null": "textures/entity/null/null",
        "null": "textures/entity/null/null",
        "null": "textures/entity/null/null",
        "null": "textures/entity/null/null"
      },
      "geometry": {
        "default": "geometry.apato"
      },
      "animations": {
        "move": "animation.apato.move",
        "default": "animation.apato.idle",
        "attack": "animation.apato.attack",
        "look_at_target": "animation.apato.look_at_target",
        "sitting": "animation.apato.stay",
        "null": "animation.apato.null",
        "null": "animation.apato.null",
        "null": "animation.apato.null"
      },
      "animation_controllers": [
        { "general": "controller.animation.dinos.general" },
        { "null": "controller.animation.apato.null" },
        { "null": "controller.animation.apato.null" },
        { "null": "controller.animation.apato.null" }
      ],
      "render_controllers": [ "controller.render.vari2" ],
      "spawn_egg": {
         "base_color": "#505445",
        "overlay_color": "#7f846d"
      }
    }
  }
}
