{
  "format_version": "1.8.0",
  "minecraft:client_entity": {
    "description": {
      "identifier": "time:bary",
      "materials": { "default": "skeleton" },
      "textures": {
        "vari1": "textures/entity/bary/femea",
        "vari2": "textures/entity/bary/macho",
        "null": "textures/entity/null/null",
        "null": "textures/entity/null/null",
        "null": "textures/entity/null/null",
        "null": "textures/entity/null/null",
        "null": "textures/entity/null/null"
      },
      "geometry": {
        "default": "geometry.bary"
      },
      "animations": {
        "move": "animation.bary.move",
        "default": "animation.bary.idle",
        "casting": "animation.bary.roar",
        "look_at_target": "animation.bary.look_at_target",
        "roar": "animation.bary.casting",
        "sitting": "animation.bary.stay",
        "attack": "animation.bary.attack",
        "swin": "animation.bary.swin"
      },
      "animation_controllers": [
        { "general": "controller.animation.semiaqua.general" },
        { "null": "controller.animation.null.null" },
        { "null": "controller.animation.null.null" },
        { "null": "controller.animation.null.null" }
      ],
      "render_controllers": [ "controller.render.vari2" ],
      "spawn_egg": {
        "base_color": "#1f2830",
        "overlay_color": "#425363"
      }
    }
  }
}
