{
  "format_version": "1.8.0",
  "minecraft:client_entity": {
    "description": {
      "identifier": "time:brachi",
      "materials": { "default": "skeleton" },
      "textures": {
        "vari1": "textures/entity/brachi/femea2001",
        "vari2": "textures/entity/brachi/macho2001",
        "vari3": "textures/entity/brachi/brachi2018",
        "vari4": "textures/entity/brachi/brachi20181",
        "vari5": "textures/entity/brachi/brachi1993",
        "null": "textures/entity/null/null",
        "null": "textures/entity/null/null"
      },
      "geometry": {
        "default": "geometry.brachi"
      },
      "animations": {
        "move": "animation.braqui.move",
        "default": "animation.braqui.idle",
        "roar": "animation.braqui.jump",
        "look_at_target": "animation.braqui.look_at_target",
        "sitting": "animation.braqui.stay",
        "attack": "animation.braqui.attack",
        "casting": "animation.braqui.roar",
        "null": "animation.null.null"
      },
      "animation_controllers": [
        { "general": "controller.animation.dinos.general" },
        { "null": "controller.animation.brachi.null" },
        { "null": "controller.animation.brachi.null" },
        { "null": "controller.animation.brachi.null" }
      ],
      "render_controllers": [ "controller.render.vari2" ],
      "spawn_egg": {
        "base_color": "#50a329",
        "overlay_color": "#db1919"
      }
    }
  }
}
