{
  "format_version": "1.8.0",
  "minecraft:client_entity": {
    "description": {
      "identifier": "time:carno",
      "materials": { "default": "skeleton" },
      "textures": {
        "vari1": "textures/entity/carno/femea",
        "vari2": "textures/entity/carno/macho",
        "vari3": "textures/entity/carno/macho2",
        "null": "textures/entity/carno/null",
        "null": "textures/entity/null/null",
        "null": "textures/entity/null/null",
        "null": "textures/entity/null/null"
      },
      "geometry": {
        "default": "geometry.carno"
      },
      "animations": {
        "move": "animation.carno.move",
        "default": "animation.carno.idle",
        "casting": "animation.carno.roar",
        "look_at_target": "animation.carno.look_at_target",
        "roar": "animation.carno.roar",
        "sitting": "animation.carno.stay",
        "attack": "animation.carno.attack",
        "null": "animation.carno.null"
      },
      "animation_controllers": [
        { "general": "controller.animation.dinos.general" },
        { "null": "controller.animation.carno.null" },
        { "null": "controller.animation.carno.null" },
        { "null": "controller.animation.carno.null" }
      ],
      "render_controllers": [ "controller.render.vari2" ],
      "spawn_egg": {
        "base_color": "#292d2e",
        "overlay_color": "#852620"
      }
    }
  }
}
