{
  "format_version": "1.8.0",
  "minecraft:client_entity": {
    "description": {
      "identifier": "time:cerato",
      "materials": { "default": "skeleton" },
      "textures": {
        "vari1": "textures/entity/cerato/femea",
        "vari2": "textures/entity/cerato/macho",
        "null": "textures/entity/null/null",
        "null": "textures/entity/null/null",
        "null": "textures/entity/null/null",
        "null": "textures/entity/null/null",
        "null": "textures/entity/null/null"
      },
      "geometry": {
        "default": "geometry.cerato"
      },
      "animations": {
        "move": "animation.cerato.move",
        "default": "animation.cerato.idle",
        "casting": "animation.cerato.roar",
        "look_at_target": "animation.cerato.look_at_target",
        "roar": "animation.cerato.roar",
        "sitting": "animation.cerato.stay",
        "attack": "animation.cerato.attack",
        "null": "animation.cerato.null"
      },
      "animation_controllers": [
        { "general": "controller.animation.dinos.general" },
        { "null": "controller.animation.cerato.null" },
        { "null": "controller.animation.cerato.null" },
        { "null": "controller.animation.cerato.null" }
      ],
      "render_controllers": [ "controller.render.vari2" ],
      "spawn_egg": {
         "base_color": "#a74441",
        "overlay_color": "#988163"
      }
    }
  }
}
