{
  "format_version": "1.8.0",
  "minecraft:client_entity": {
    "description": {
      "identifier": "time:compy",
      "materials": { "default": "skeleton" },
      "textures": {
        "vari1": "textures/entity/compy/femea",
        "vari2": "textures/entity/compy/macho",
        "null": "textures/entity/null/null",
        "null": "textures/entity/null/null",
        "null": "textures/entity/null/null",
        "null": "textures/entity/null/null",
        "null": "textures/entity/null/null"
      },
      "geometry": {
        "default": "geometry.compy"
      },
      "animations": {
        "move": "animation.compy.move",
        "default": "animation.compy.idle",
        "casting": "animation.compy.roar",
        "look_at_target": "animation.compy.look_at_target",
        "null": "animation.compy.null",
        "null": "animation.compy.null",
        "attack": "animation.compy.attack",
        "null": "animation.null.null"
      },
      "animation_controllers": [
        { "general": "controller.animation.dinos.general" },
        { "null": "controller.animation.compy.null" },
        { "null": "controller.animation.compy.null" },
        { "null": "controller.animation.compy.null" }
      ],
      "render_controllers": [ "controller.render.vari2" ],
      "spawn_egg": {
         "base_color": "#728333",
        "overlay_color": "#b6b07c"
      }
    }
  }
}
