{
  "format_version": "1.8.0",
  "minecraft:client_entity": {
    "description": {
      "identifier": "time:dimor",
      "materials": { "default": "bee" },       "textures": {
        "default": "textures/entity/dimor/default"
      },
      "geometry": {
        "default": "geometry.dimor"
      },
      "animations": {
		"flyattack": "animation.dimor.fly_attack",
		"landattack": "animation.dimor.floor_attack",
		"fly": "animation.dimor.fly",
		"default": "animation.dimor.idle",
		"sit": "animation.dimor.stay",
		"walk": "animation.dimor.move",
		"takedown": "animation.dimor.landing",
        "look_at_target": "animation.dimor.look_at_target"
      },
      "animation_controllers": [
        { "general": "controller.animation.fly2.general" }
      ],
      "render_controllers": [ "controller.render.default" ],
      "spawn_egg": {
         "base_color": "#666254",
        "overlay_color": "#9d9488"
      }
    }
  }
}