{
  "format_version": "1.8.0",
  "minecraft:client_entity": {
    "description": {
      "identifier": "time:edmonto",
      "materials": { "default": "bee" },
      "textures": {
        "vari1": "textures/entity/edmonto/femea",
        "vari2": "textures/entity/edmonto/macho",
        "null": "textures/entity/null/null",
        "null": "textures/entity/null/null",
        "null": "textures/entity/null/null",
        "null": "textures/entity/null/null"
      },
      "geometry": {
        "default": "geometry.edmonto"
      },
      "animations": {
        "roar": "animation.edmonto.casting",
        "move": "animation.edmonto.move",
        "default": "animation.edmonto.idle",
        "look_at_target": "animation.edmonto.look_at_target",
        "sit": "animation.edmonto.stay",
        "null": "animation.edmonto.null"
      },
      "animation_controllers": [
        { "general": "controller.animation.dinos.general" }
      ],
      "render_controllers": [ "controller.render.vari2" ],
      "spawn_egg": {
        "base_color": "#c8893e",
        "overlay_color": "#6fc494"
      }
    }
  }
}
