{
  "format_version": "1.8.0",
  "minecraft:client_entity": {
    "description": {
      "identifier": "time:gali",
      "materials": { "default": "bee" },
      "textures": {
        "vari1": "textures/entity/gali/femea",
        "vari2": "textures/entity/gali/macho",
        "vari3": "textures/entity/gali/femea2",
        "vari4": "textures/entity/gali/femea3",
        "null": "textures/entity/null/null",
        "null": "textures/entity/null/null"
      },
      "geometry": {
        "default": "geometry.gali"
      },
      "animations": {
        "null": "animation.galli.null",
        "move": "animation.galli.move",
        "default": "animation.galli.idle",
        "look_at_target": "animation.galli.look_at_target",
        "sitting": "animation.galli.stay",
        "roar": "animation.galli.roar"
      },
      "animation_controllers": [
        { "general": "controller.animation.dinos.general" }
      ],
      "render_controllers": [ "controller.render.vari2" ],
      "spawn_egg": {
        "base_color": "#a47549",
        "overlay_color": "#574338"
      }
    }
  }
}
