{
  "format_version": "1.8.0",
  "minecraft:client_entity": {
    "description": {
      "identifier": "time:giga",
      "materials": { "default": "skeleton" },
      "textures": {
        "vari1": "textures/entity/giga/femea",
        "vari2": "textures/entity/giga/macho",
        "null": "textures/entity/null/null",
        "null": "textures/entity/null/null",
        "null": "textures/entity/null/null",
        "null": "textures/entity/null/null",
        "null": "textures/entity/null/null"
      },
      "geometry": {
        "default": "geometry.giga"
      },
      "animations": {
        "move": "animation.giga.move",
        "default": "animation.giga.idle",
        "casting": "animation.giga.roar",
        "look_at_target": "animation.giga.look_at_target",
        "roar": "animation.giga.roar",
        "sitting": "animation.giga.stay",
        "attack": "animation.giga.attack",
        "null": "animation.giga.null"
      },
      "animation_controllers": [
        { "general": "controller.animation.dinos.general" },
        { "null": "controller.animation.giga.null" },
        { "null": "controller.animation.giga.null" },
        { "null": "controller.animation.giga.null" }
      ],
      "render_controllers": [ "controller.render.vari2" ],
      "spawn_egg": {
         "base_color": "#aaa045",
        "overlay_color": "#c5b684"
      }
    }
  }
}
