{
  "format_version": "1.8.0",
  "minecraft:client_entity": {
    "description": {
      "identifier": "time:indom",
      "materials": { "default": "bee" },
      "textures": {
        "default": "textures/entity/indom/indom_null"
      },
      "geometry": {
        "default": "geometry.indom"
      },
      "animations": {
        "move": "animation.indom.move",
        "default": "animation.indom.idle",
        "casting": "animation.indom.roar",
        "look_at_target": "animation.indom.look_at_target",
        "roar": "animation.indom.roar",
        "sitting": "animation.indom.stay",
        "attack": "animation.indom.attack",
        "lying": "animation.indom.lying"
      },
      "animation_controllers": [
        { "general": "controller.animation.dinos.general" },
        { "null": "controller.animation.indom.null" },
        { "null": "controller.animation.indom.null" },
        { "null": "controller.animation.indom.null" }
      ],
      "render_controllers": [ "controller.render.default" ],
      "spawn_egg": {
         "base_color": "#c6c4b8",
        "overlay_color": "#696864"
      }
    }
  }
}
