{
  "format_version": "1.8.0",
  "minecraft:client_entity": {
    "description": {
      "identifier": "time:nasuto",
      "materials": { "default": "bee" },
      "textures": {
        "vari1": "textures/entity/nasuto/femea",
        "vari2": "textures/entity/nasuto/macho",
        "null": "textures/entity/null/null",
        "null": "textures/entity/null/null",
        "null": "textures/entity/null/null",
        "null": "textures/entity/null/null"
      },
      "geometry": {
        "default": "geometry.nasuto"
      },
      "animations": {
        "roar": "animation.nasuto.casting",
        "move": "animation.nasuto.move",
        "default": "animation.nasuto.idle",
        "look_at_target": "animation.nasuto.look_at_target",
        "sit": "animation.nasuto.stay",
        "attack": "animation.nasuto.attack"
      },
      "animation_controllers": [
        { "general": "controller.animation.dinos.general" }
      ],
      "render_controllers": [ "controller.render.vari2" ],
      "spawn_egg": {
        "base_color": "#837c70",
        "overlay_color": "#97503f"
      }
    }
  }
}
