{
  "format_version": "1.8.0",
  "minecraft:client_entity": {
    "description": {
      "identifier": "time:paqui",
      "materials": { "default": "bee" },
      "textures": {
        "vari1": "textures/entity/paqui/femea",
        "vari2": "textures/entity/paqui/macho",
        "null": "textures/entity/null/null",
        "null": "textures/entity/null/null",
        "null": "textures/entity/null/null",
        "null": "textures/entity/null/null"
      },
      "geometry": {
        "default": "geometry.paqui"
      },
      "animations": {
        "roar": "animation.paqui.casting",
        "move": "animation.paqui.move",
        "default": "animation.paqui.idle",
        "look_at_target": "animation.paqui.look_at_target",
        "sitting": "animation.paqui.stay",
        "attack": "animation.paqui.attack"
      },
      "animation_controllers": [
        { "general": "controller.animation.dinos.general" }
      ],
      "render_controllers": [ "controller.render.vari2" ],
      "spawn_egg": {
        "base_color": "#905727",
        "overlay_color": "#909c73"
      }
    }
  }
}
