{
  "format_version": "1.8.0",
  "minecraft:client_entity": {
    "description": {
      "identifier": "time:para",
      "materials": { "default": "bee" },
      "textures": {
        "vari1": "textures/entity/para/macho",
        "vari2": "textures/entity/para/femea",
        "vari3": "textures/entity/para/macho2",
        "vari4": "textures/entity/para/femea2",
        "null": "textures/entity/null/null",
        "null": "textures/entity/null/null"
      },
      "geometry": {
        "default": "geometry.para"
      },
      "animations": {
        "roar": "animation.para.casting",
        "move": "animation.para.move",
        "default": "animation.para.idle",
        "look_at_target": "animation.para.look_at_target",
        "sitting": "animation.para.stay",
        "casting": "animation.para.casting"
      },
      "animation_controllers": [
        { "general": "controller.animation.dinos.general" }
      ],
      "render_controllers": [ "controller.render.vari2" ],
      "spawn_egg": {
        "base_color": "#595b2b",
        "overlay_color": "#242d34"
      }
    }
  }
}
