{
	"format_version": "1.10.0",
	"minecraft:client_entity": {
		"description": {
			"identifier": "time:ptera_egg",
			"spawn_egg": {
        "texture": "pterossauro",
        "texture_index": 0
			},
			"render_controllers": [
				"controller.render.default"
			],
			"geometry": {
				"default": "geometry.egg_6"
			},
			"textures": {
				"default": "textures/entity/eggs/egg_6"
			},
			"materials": {
				"default": "entity"
      },
      "animations": {
        "eggs.general": "animation.eggs.general",
		
        "general": "controller.animation.eggs.general"
      },
      "scripts": {
        "animate": [
          "general"
        ]
	  }
		}
	}
}