{
  "format_version": "1.8.0",
  "minecraft:client_entity": {
    "description": {
      "identifier": "time:ptera",
      "materials": { "default": "bee" },       "textures": {
        "vari1": "textures/entity/ptera/1997",
        "vari2": "textures/entity/ptera/2015",
        "vari3": "textures/entity/ptera/2015",
        "vari4": "textures/entity/ptera/2015_f",
        "null1": "textures/entity/null/null",
        "null": "textures/entity/null/null"
      },
      "geometry": {
        "default": "geometry.ptera"
      },
      "animations": {
		"flyattack": "animation.ptera.fly_attack",
		"landattack": "animation.ptera.floor_attack",
		"fly": "animation.ptera.fly",
		"default": "animation.ptera.idle",
		"sit": "animation.ptera.stay",
		"walk": "animation.ptera.move",
		"takedown": "animation.ptera.landing",
        "look_at_target": "animation.ptera.look_at_target"
      },
      "animation_controllers": [
        { "general": "controller.animation.fly2.general" }
      ],
      "render_controllers": [ "controller.render.vari2" ],
      "spawn_egg": {
         "base_color": "#3A3A3A",
        "overlay_color": "#CF0404"
      }
    }
  }
}