{
  "format_version": "1.8.0",
  "minecraft:client_entity": {
    "description": {
      "identifier": "time:raptor_ingen2",
      "materials": { "default": "skeleton" },
      "textures": {
        "vari1": "textures/entity/raptor_ingen2/velo1",
        "vari2": "textures/entity/raptor_ingen2/velo2",
        "null": "textures/entity/null/null",
        "null": "textures/entity/null/null",
        "null": "textures/entity/null/null",
        "null": "textures/entity/null/null",
        "null": "textures/entity/null/null"
      },
      "geometry": {
        "default": "geometry.raptor_ingen"
      },
      "animations": {
        "move": "animation.raptor_ingen.move",
        "default": "animation.raptor_ingen.idle",
        "casting": "animation.raptor_ingen.roar",
        "look_at_target": "animation.raptor_ingen.look_at_target",
        "roar": "animation.raptor_ingen.casting",
        "sitting": "animation.raptor_ingen.stay",
        "attack": "animation.raptor_ingen.attack",
        "null": "animation.null.null"
      },
      "animation_controllers": [
        { "general": "controller.animation.dinos.general" },
        { "null": "controller.animation.raptor_ingen1.null" },
        { "null": "controller.animation.raptor_ingen1.null" },
        { "null": "controller.animation.raptor_ingen1.null" }
      ],
      "render_controllers": [ "controller.render.vari2" ],
      "spawn_egg": {
        "base_color": "#cac5bd",
        "overlay_color": "#5d514d"
      }
    }
  }
}
