{
  "format_version": "1.8.0",
  "minecraft:client_entity": {
    "description": {
      "identifier": "time:rex",
      "materials": { "default": "skeleton" },
      "textures": {
        "vari1": "textures/entity/rex/doe",
        "vari2": "textures/entity/rex/buck",
        "vari3": "textures/entity/rex/rex",
        "vari4": "textures/entity/rex/bull",
        "null": "textures/entity/null/null",
        "null": "textures/entity/null/null",
        "null": "textures/entity/null/null"
      },
      "geometry": {
        "default": "geometry.rex"
      },
      "animations": {
        "move": "animation.rex.move",
        "default": "animation.rex.idle",
        "casting": "animation.rex.roar1",
        "look_at_target": "animation.rex.look_at_target",
        "roar": "animation.rex.roar2",
        "sitting": "animation.rex.stay",
        "attack": "animation.rex.attack",
        "null": "animation.rex.null"
      },
      "animation_controllers": [
        { "general": "controller.animation.dinos.general" },
        { "null": "controller.animation.rex.null" },
        { "null": "controller.animation.rex.null" },
        { "null": "controller.animation.rex.null" }
      ],
      "render_controllers": [ "controller.render.vari2" ],
      "spawn_egg": {
        "base_color": "#70533f",
        "overlay_color": "#bc9b80"
      }
    }
  }
}
