{
  "format_version": "1.8.0",
  "minecraft:client_entity": {
    "description": {
      "identifier": "time:stygi",
      "materials": { "default": "bee" },
      "textures": {
        "vari1": "textures/entity/stygi/femea",
        "vari2": "textures/entity/stygi/macho",
        "null": "textures/entity/null/null",
        "null": "textures/entity/null/null",
        "null": "textures/entity/null/null",
        "null": "textures/entity/null/null"
      },
      "geometry": {
        "default": "geometry.stygi"
      },
      "animations": {
        "null": "animation.stygi.null",
        "move": "animation.stygi.move",
        "default": "animation.stygi.idle",
        "look_at_target": "animation.stygi.look_at_target",
        "sitting": "animation.stygi.stay",
        "attack": "animation.stygi.attack"
      },
      "animation_controllers": [
        { "general": "controller.animation.dinos.general" }
      ],
      "render_controllers": [ "controller.render.vari2" ],
      "spawn_egg": {
        "base_color": "#a55f3d",
        "overlay_color": "#d5bda1"
      }
    }
  }
}
