{
  "format_version": "1.8.0",
  "minecraft:client_entity": {
    "description": {
      "identifier": "time:sucho",
      "materials": { "default": "bee" },
      "textures": {
        "vari1": "textures/entity/sucho/macho",
        "vari2": "textures/entity/sucho/femea",
        "ull": "textures/entity/sucho/null",
        "null": "textures/entity/sucho/null",
        "null": "textures/entity/null/null",
        "null": "textures/entity/null/null",
        "null": "textures/entity/null/null"
      },
      "geometry": {
        "default": "geometry.sucho"
      },
      "animations": {
        "move": "animation.sucho.move",
        "default": "animation.sucho.idle",
        "casting": "animation.sucho.roar",
        "look_at_target": "animation.sucho.look_at_target",
        "roar": "animation.sucho.roar",
        "sitting": "animation.sucho.stay",
        "attack": "animation.sucho.attack",
        "swin": "animation.sucho.swin"
      },
      "animation_controllers": [
        { "general": "controller.animation.semiaqua.general" },
        { "null": "controller.animation.null.null" },
        { "null": "controller.animation.null.null" },
        { "null": "controller.animation.null.null" }
      ],
      "render_controllers": [ "controller.render.vari2" ],
      "spawn_egg": {
        "base_color": "#0f5c98",
        "overlay_color": "#c3c722"
      }
    }
  }
}
