{
  "format_version": "1.8.0",
  "minecraft:client_entity": {
    "description": {
      "identifier": "time:trike",
      "materials": { "default": "bee" },
      "textures": {
        "vari1": "textures/entity/trike/femea",
        "vari2": "textures/entity/trike/macho",
        "vari3": "textures/entity/trike/femea2",
        "vari4": "textures/entity/trike/macho2",
        "null": "textures/entity/null/null",
        "null": "textures/entity/null/null"
      },
      "geometry": {
        "default": "geometry.trike"
      },
      "animations": {
        "roar": "animation.trike.casting",
        "move": "animation.trike.move",
        "default": "animation.trike.idle",
        "look_at_target": "animation.trike.look_at_target",
        "sitting": "animation.trike.stay",
        "attack": "animation.trike.attack"
      },
      "animation_controllers": [
        { "general": "controller.animation.dinos.general" }
      ],
      "render_controllers": [ "controller.render.vari2" ],
      "spawn_egg": {
        "base_color": "#766465",
        "overlay_color": "#998580"
      }
    }
  }
}
