{
  "format_version": "1.16.100",
  "minecraft:item": {
    "description": {
      "identifier": "jurassictime:plant3",
      "category": "Nature"
    },
    "components": {
      "minecraft:max_stack_size": 64,
      "minecraft:block_placer": {
        "block": "jurassictime:plant3"
      },
      "minecraft:creative_category": {
        "parent": "itemGroup.name.miscFood"
      },
      "minecraft:icon": {
        "texture": "time:plant3"
      },
      "minecraft:render_offsets": "stew",
      "minecraft:display_name": {}
    }
  }
}
