{
	"format_version": "1.8.0",
	"animations": {
		"animation.allo1.move": {
			"loop": true,
			"animation_length": 2.08,
			"bones": {
				"Jaw": {
					"rotation": [12.5, 0, 0]
				},
				"Leg1": {
					"rotation": {
						"0.0": [-30, 0, 0],
						"1.04": [30, 0, 0],
						"1.44": [-36.54, 0, 0],
						"1.72": [-41.18, 0, 0],
						"1.96": [-31.38, 0, 0],
						"2.08": [-30, 0, 0]
					},
					"position": {
						"0.0": [0, -0.3, 0],
						"0.16": [0, 1.35, 0.58],
						"0.4": [0, 1.29, 1.16],
						"0.6": [0, 0.11, 1.74],
						"0.8": [0, -2.26, 2.31],
						"1.04": [0, -7.3, 3],
						"1.24": [0, 0.88, 2.71],
						"1.44": [0, 3.05, 2.42],
						"2.08": [0, -0.3, 0]
					}
				},
				"bone": {
					"rotation": {
						"1.04": [0, 0, 0],
						"1.44": [32.5, 0, 0],
						"1.76": [6.25, 0, 0],
						"1.92": [8.13, 0, 0],
						"2.08": [0, 0, 0]
					}
				},
				"bone2": {
					"rotation": {
						"0.0": [0, 0, 0],
						"1.04": [22.5, 0, 0],
						"1.44": [-10, 0, 0],
						"1.76": [-13.75, 0, 0],
						"2.08": [0, 0, 0]
					}
				},
				"bone3": {
					"rotation": {
						"0.0": [30, 0, 0],
						"1.04": [-52.5, 0, 0],
						"1.24": [19.62, 0, 0],
						"1.44": [119.23, 0, 0],
						"1.6": [61.16, 0, 0],
						"1.8": [44.83, 0, 0],
						"2.08": [30, 0, 0]
					}
				},
				"Leg2": {
					"rotation": {
						"0.0": [30, 0, 0],
						"0.4": [-36.54, 0, 0],
						"0.68": [-41.18, 0, 0],
						"0.92": [-31.38, 0, 0],
						"1.04": [-30, 0, 0],
						"2.08": [30, 0, 0]
					},
					"position": {
						"0.0": [0, -7.3, 3],
						"0.2": [0, 0.88, 2.71],
						"0.4": [0, 3.05, 2.42],
						"1.04": [0, -0.3, 0],
						"1.24": [0, 1.35, 0.58],
						"1.48": [0, 1.29, 1.16],
						"1.68": [0, 0.11, 1.74],
						"1.88": [0, -2.26, 2.31],
						"2.08": [0, -7.3, 3]
					}
				},
				"bone4": {
					"rotation": {
						"0.0": [0, 0, 0],
						"0.4": [32.5, 0, 0],
						"0.72": [6.25, 0, 0],
						"0.88": [8.13, 0, 0],
						"1.04": [0, 0, 0]
					}
				},
				"bone5": {
					"rotation": {
						"0.0": [22.5, 0, 0],
						"0.4": [-10, 0, 0],
						"0.72": [-13.75, 0, 0],
						"1.04": [0, 0, 0],
						"2.08": [22.5, 0, 0]
					}
				},
				"bone6": {
					"rotation": {
						"0.0": [-52.5, 0, 0],
						"0.2": [19.62, 0, 0],
						"0.4": [119.23, 0, 0],
						"0.56": [61.16, 0, 0],
						"0.76": [44.83, 0, 0],
						"1.04": [30, 0, 0],
						"2.08": [-52.5, 0, 0]
					}
				},
				"body": {
					"rotation": {
						"0.0": [0, 0, 0],
						"1.04": [12.5, 0, 0],
						"2.08": [0, 0, 0]
					}
				},
				"Tail4": {
					"rotation": {
						"0.0": [0, -2.5, 0],
						"0.8": [0, 2.5, 0],
						"1.6": [0, -2.5, 0]
					}
				},
				"Tail7": {
					"rotation": {
						"0.0": [0, -5, 0],
						"0.8": [0, 5, 0],
						"1.6": [0, -5, 0]
					}
				},
				"head": {
					"rotation": {
						"0.0": [0, 0, 0],
						"1.04": [5, 0, 0],
						"2.08": [0, 0, 0]
					}
				},
				"arm3": {
					"rotation": {
						"0.0": [0, 0, 0],
						"1.04": [-27.5, 0, 0],
						"2.08": [0, 0, 0]
					}
				},
				"arm2": {
					"rotation": {
						"0.0": [0, 0, 0],
						"1.04": [-27.5, 0, 0],
						"2.08": [0, 0, 0]
					}
				},
				"Neck": {
					"rotation": {
						"0.0": [0, 0, 0],
						"1.04": [-12.5, 0, 0],
						"2.08": [0, 0, 0]
					}
				},
				"Tail1": {
					"rotation": {
						"0.0": ["5+2.5 * math.sin(query.life_time * 343.774)", 0, 0],
						"0.08": [7.61, 1.19, 0],
						"0.16": [9.38, 2.58, 0],
						"0.24": [11.54, 4.16, 0],
						"0.32": [14, 5.98, 0],
						"0.4": [16.61, 8.1, 0],
						"0.48": [18.53, 10.26, 0],
						"0.52": ["17.5+2.5 * math.sin(query.life_time * 343.774)", 10, 0],
						"0.6": [15.09, 9, 0],
						"0.68": [13.64, 7.86, 0],
						"0.76": [11.85, 6.61, 0],
						"0.84": [9.8, 5.21, 0],
						"0.92": [7.66, 3.63, 0],
						"1.0": [6.24, 1.76, 0],
						"1.04": ["7.5+2.5 * math.sin(query.life_time * 343.774)", 0, 0],
						"1.12": [9.9, -1.28, 0],
						"1.2": [11.38, -2.67, 0],
						"1.28": [13.21, -4.23, 0],
						"1.36": [15.32, -6.03, 0],
						"1.44": [17.56, -8.13, 0],
						"1.52": [19.05, -10.26, 0],
						"1.56": ["17.5+2.5 * math.sin(query.life_time * 343.774)", -10, 0],
						"1.64": [14.99, -8.9, 0],
						"1.72": [13.35, -7.64, 0],
						"1.8": [11.36, -6.22, 0],
						"1.88": [9.1, -4.61, 0],
						"1.96": [6.72, -2.76, 0],
						"2.04": [4.86, -0.75, 0],
						"2.08": ["5+2.5 * math.sin(query.life_time * 343.774)", 0, 0]
					}
				}
			}
		},
		"animation.allo1.roar": {
			"animation_length": 3,
			"bones": {
				"body": {
					"rotation": {
						"0.0": [0, 0, 0],
						"0.6": [22.5, 0, 0],
						"2.4": [7.5, 0, 0],
						"3.0": [0, 0, 0]
					}
				},
				"Body2": {
					"rotation": {
						"0.0": [0, 0, 0],
						"0.6": [0, 17.5, 0],
						"2.4": [0, -17.5, 0],
						"3.0": [0, 0, 0]
					}
				},
				"arm3": {
					"rotation": {
						"0.0": [0, 0, 0],
						"0.6": [-37.5, 0, 0],
						"1.48": [-67.5, 0, 0],
						"2.4": [-37.5, 0, 0],
						"3.0": [0, 0, 0]
					}
				},
				"arm2": {
					"rotation": {
						"0.0": [0, 0, 0],
						"0.6": [-67.5, 0, 0],
						"1.48": [-37.5, 0, 0],
						"2.4": [-67.5, 0, 0],
						"3.0": [0, 0, 0]
					}
				},
				"Neck": {
					"rotation": {
						"0.0": [0, 0, 0],
						"0.6": [-15, 0, 0],
						"1.48": [-20.11, 0, 0],
						"2.4": [-5, 0, 0],
						"3.0": [0, 0, 0]
					}
				},
				"head": {
					"rotation": {
						"0.0": [0, 0, 0],
						"0.6": [-25, 0, 12.5],
						"1.48": [-25, 0, -12.5],
						"2.4": [-35, 0, 12.5],
						"3.0": [0, 0, 0]
					}
				},
				"Jaw": {
					"rotation": {
						"0.0": [0, 0, 0],
						"0.6": [35, 0, 0],
						"2.4": [35, 0, 0],
						"3.0": [0, 0, 0]
					}
				},
				"Tail1": {
					"rotation": {
						"0.0": [0, 0, 0],
						"0.6": [0, -10, 0],
						"1.2": [0, 10, 0],
						"1.8": [0, -10, 0],
						"2.4": [0, 10, 0],
						"3.0": [0, 0, 0]
					}
				},
				"Tail2": {
					"rotation": {
						"0.0": [0, 0, 0],
						"0.6": [0, -10, 0],
						"1.2": [0, 10, 0],
						"1.8": [0, -10, 0],
						"2.4": [0, 10, 0],
						"3.0": [0, 0, 0]
					}
				},
				"Tail3": {
					"rotation": {
						"0.0": [0, 0, 0],
						"0.6": [0, -10, 0],
						"1.2": [0, 10, 0],
						"1.8": [0, -10, 0],
						"2.4": [0, 10, 0],
						"3.0": [0, 0, 0]
					}
				},
				"Tail4": {
					"rotation": {
						"0.0": [0, 0, 0],
						"0.6": [0, -10, 0],
						"1.2": [0, 10, 0],
						"1.8": [0, -10, 0],
						"2.4": [0, 10, 0],
						"3.0": [0, 0, 0]
					}
				},
				"Tail5": {
					"rotation": {
						"0.0": [0, 0, 0],
						"0.6": [0, -10, 0],
						"1.2": [0, 10, 0],
						"1.8": [0, -10, 0],
						"2.4": [0, 10, 0],
						"3.0": [0, 0, 0]
					}
				},
				"Tail6": {
					"rotation": {
						"0.0": [0, 0, 0],
						"0.6": [0, -10, 0],
						"1.2": [0, 10, 0],
						"1.8": [0, -10, 0],
						"2.4": [0, 10, 0],
						"3.0": [0, 0, 0]
					}
				}
			}
		},
		"animation.allo1.attack1": {
			"animation_length": 1.6,
			"bones": {
				"body": {
					"rotation": {
						"0.0": [0, 0, 0],
						"0.8": [-15, 7.5, 0],
						"1.0": [22.5, -2.5, 0],
						"1.6": [0, 0, 0]
					}
				},
				"head": {
					"rotation": {
						"0.0": [0, 0, 0],
						"0.8": [0, 20, 0],
						"1.0": [0, -32.5, 0],
						"1.6": [0, 0, 0]
					}
				},
				"Jaw": {
					"rotation": {
						"0.0": [0, 0, 0],
						"0.8": [42.5, 0, 0],
						"1.0": [0, 0, 0]
					}
				},
				"Tail1": {
					"rotation": {
						"0.0": [0, 0, 0],
						"0.8": [0, -15, 0],
						"1.0": [0, 15, 0],
						"1.6": [0, 0, 0]
					}
				},
				"Tail2": {
					"rotation": {
						"0.0": [0, 0, 0],
						"0.8": [0, -15, 0],
						"1.0": [0, 15, 0],
						"1.6": [0, 0, 0]
					}
				},
				"Tail3": {
					"rotation": {
						"0.0": [0, 0, 0],
						"0.8": [0, -15, 0],
						"1.0": [0, 15, 0],
						"1.6": [0, 0, 0]
					}
				},
				"Tail4": {
					"rotation": {
						"0.0": [0, 0, 0],
						"0.8": [0, -15, 0],
						"1.0": [0, 15, 0],
						"1.6": [0, 0, 0]
					}
				},
				"Tail5": {
					"rotation": {
						"0.0": [0, 0, 0],
						"0.8": [0, -15, 0],
						"1.0": [0, 15, 0],
						"1.6": [0, 0, 0]
					}
				},
				"Tail6": {
					"rotation": {
						"0.0": [0, 0, 0],
						"0.8": [0, -15, 0],
						"1.0": [0, 15, 0],
						"1.6": [0, 0, 0]
					}
				},
				"Tail7": {
					"rotation": {
						"0.0": [0, 0, 0],
						"0.8": [0, -15, 0],
						"1.0": [0, 15, 0],
						"1.6": [0, 0, 0]
					}
				}
			}
		},
		"animation.allo1.look_at_target": {
			"loop": true,
			"bones": {
				"head": {
					"rotation": ["query.target_x_rotation", "query.target_y_rotation", 0]
				}
			}
		},
		"animation.allo1.idle": {
			"loop": true,
			"animation_length": 4,
			"bones": {
				"body": {
					"rotation": {
						"0.0": [0, 0, 0],
						"2.0": [10, 0, 0],
						"4.0": [0, 0, 0]
					}
				},
				"Neck": {
					"rotation": {
						"0.0": [0, 0, 0],
						"2.0": [-12.5, 0, 0],
						"4.0": [0, 0, 0]
					}
				},
				"head": {
					"rotation": {
						"0.0": [0, 0, 0],
						"2.0": [7.5, 0, 0],
						"4.0": [0, 0, 0]
					}
				},
				"Jaw": {
					"rotation": {
						"0.0": [0, 0, 0],
						"2.0": [10, 0, 0],
						"4.0": [0, 0, 0]
					}
				},
				"Tail3": {
					"rotation": {
						"0.0": [0, 0, 0],
						"2.0": [-10, 0, 0],
						"4.0": [0, 0, 0]
					}
				},
				"Tail4": {
					"rotation": {
						"0.0": [0, 0, 0],
						"2.0": [-10, 0, 0],
						"4.0": [0, 0, 0]
					}
				}
			}
		},
		"animation.allo1.stay": {
			"loop": true,
			"bones": {
				"Leg1": {
					"rotation": [-55, 22.5, 0],
					"position": [-2, -7, 0]
				},
				"bone": {
					"rotation": [30, 0, 0]
				},
				"bone2": {
					"rotation": [-25, 0, 0]
				},
				"bone3": {
					"rotation": [50, 0, 0]
				},
				"Leg2": {
					"rotation": [-55, -22.5, 0],
					"position": [2, -7, 0]
				},
				"bone4": {
					"rotation": [30, 0, 0]
				},
				"bone5": {
					"rotation": [-25, 0, 0]
				},
				"bone6": {
					"rotation": [50, 0, 0]
				},
				"body": {
					"rotation": [-10, 0, 0],
					"position": [0, -14, 0]
				},
				"Body2": {
					"rotation": [12.5, 0, 0]
				},
				"arm3": {
					"rotation": [-47.5, 0, 0]
				},
				"arm2": {
					"rotation": [-47.5, 0, 0]
				},
				"head": {
					"rotation": [12.5, 0, 0],
					"position": [0, 0, 1]
				},
				"Jaw": {
					"rotation": [15, 0, 0]
				},
				"Tail1": {
					"rotation": [5, -10, 0]
				},
				"Tail2": {
					"rotation": [2.5, -5, 0]
				},
				"Tail3": {
					"rotation": [0, -7.5, 0]
				},
				"Tail4": {
					"rotation": [-5, -7.5, 0]
				},
				"Tail5": {
					"rotation": [0, -5, 0]
				},
				"Tail6": {
					"rotation": [7.5, -7.5, 0]
				},
				"Tail7": {
					"rotation": [2.5, 0, 0]
				}
			}
		}
	}
}