{
	"format_version": "1.8.0",
	"animations": {
		"animation.anqui.move": {
			"loop": true,
			"animation_length": 1.6,
			"bones": {
				"body": {
					"rotation": {
						"0.0": [0, 0, 7],
						"0.8": [0, 0, -7],
						"1.6": [0, 0, 7]
					}
				},
				"bone9": {
					"rotation": {
						"0.0": [0, 12.5, 0],
						"0.8": [0, -12.5, 0],
						"1.6": [0, 12.5, 0]
					}
				},
				"bone11": {
					"rotation": {
						"0.0": [0, 12.5, 0],
						"0.8": [0, -12.5, 0],
						"1.6": [0, 12.5, 0]
					}
				},
				"bone12": {
					"rotation": {
						"0.0": [0, 12.5, 0],
						"0.8": [0, -12.5, 0],
						"1.6": [0, 12.5, 0]
					}
				},
				"leg1": {
					"rotation": {
						"0.0": [27.5, 0, 0],
						"0.4": [-40, 0, 0],
						"0.8": [-22.5, 0, 0],
						"1.2": [2.5, 0, 0],
						"1.6": [27.5, 0, 0]
					},
					"position": {
						"0.0": [0, -1, 3],
						"0.4": [0, 0, -1],
						"0.8": [0, 1, -3],
						"1.2": [0, -0.45, 0],
						"1.6": [0, -1, 3]
					}
				},
				"bone": {
					"rotation": {
						"0.0": [-10, 0, 0],
						"0.4": [-22.5, 0, 0],
						"0.8": [-10, 0, 0],
						"1.2": [0, 0, 0],
						"1.6": [-10, 0, 0]
					},
					"position": {
						"0.0": [0, 0, 0],
						"0.4": [0, 1.75, -1.5],
						"0.8": [0, 0, 0],
						"1.2": [0, 0, 0],
						"1.6": [0, 0, 0]
					}
				},
				"bone2": {
					"rotation": {
						"0.0": [-17.5, 0, 0],
						"0.4": [32.5, 0, 0],
						"0.8": [32.5, 0, 0],
						"1.2": [-2.5, 0, 0],
						"1.6": [-17.5, 0, 0]
					},
					"position": {
						"0.0": [0, -1.3, -0.75],
						"0.4": [0, 3.7, -0.25],
						"0.8": [0, 3.5, 0],
						"1.2": [0, 0.1, -0.17],
						"1.6": [0, -1.3, -0.75]
					}
				},
				"leg2": {
					"rotation": {
						"0.0": [-22.5, 0, 0],
						"0.4": [2.5, 0, 0],
						"0.8": [27.5, 0, 0],
						"1.2": [-40, 0, 0],
						"1.6": [-22.5, 0, 0]
					},
					"position": {
						"0.0": [0, 1, -3],
						"0.4": [0, -0.45, 0],
						"0.8": [0, -1, 3],
						"1.2": [0, 0, -1],
						"1.6": [0, 1, -3]
					}
				},
				"bone3": {
					"rotation": {
						"0.0": [-10, 0, 0],
						"0.4": [0, 0, 0],
						"0.8": [-10, 0, 0],
						"1.2": [-22.5, 0, 0],
						"1.6": [-10, 0, 0]
					},
					"position": {
						"0.0": [0, 0, 0],
						"0.4": [0, 0, 0],
						"0.8": [0, 0, 0],
						"1.2": [0, 1.75, -1.5],
						"1.6": [0, 0, 0]
					}
				},
				"bone4": {
					"rotation": {
						"0.0": [32.5, 0, 0],
						"0.4": [-2.5, 0, 0],
						"0.8": [-17.5, 0, 0],
						"1.2": [32.5, 0, 0],
						"1.6": [32.5, 0, 0]
					},
					"position": {
						"0.0": [0, 3.5, 0],
						"0.4": [0, 0.1, -0.17],
						"0.8": [0, -1.3, -0.75],
						"1.2": [0, 3.7, -0.25],
						"1.6": [0, 3.5, 0]
					}
				},
				"leg3": {
					"rotation": {
						"0.0": [-22.5, 0, 0],
						"0.4": [2.5, 0, 0],
						"0.8": [27.5, 0, 0],
						"1.2": [-40, 0, 0],
						"1.6": [-22.5, 0, 0]
					},
					"position": {
						"0.0": [0, -2, -3],
						"0.4": [0, -0.45, 0],
						"0.8": [0, -2, 3],
						"1.2": [0, 0, -1],
						"1.6": [0, -2, -3]
					}
				},
				"bone5": {
					"rotation": {
						"0.0": [-10, 0, 0],
						"0.4": [0, 0, 0],
						"0.8": [-10, 0, 0],
						"1.2": [-15, 0, 0],
						"1.6": [-10, 0, 0]
					},
					"position": {
						"0.0": [0, 0, 0],
						"0.4": [0, 0, 0],
						"0.8": [0, 0, 0],
						"1.2": [0, 0.75, -0.75],
						"1.6": [0, 0, 0]
					}
				},
				"bone6": {
					"rotation": {
						"0.0": [32.5, 0, 0],
						"0.4": [-2.5, 0, 0],
						"0.8": [-17.5, 0, 0],
						"1.2": [15, 0, 0],
						"1.6": [32.5, 0, 0]
					},
					"position": {
						"0.0": [0, 5.5, 0],
						"0.4": [0, 0.1, -0.17],
						"0.8": [0, -1.3, -0.75],
						"1.2": [0, 2.7, 0.25],
						"1.6": [0, 5.5, 0]
					}
				},
				"leg4": {
					"rotation": {
						"0.0": [27.5, 0, 0],
						"0.4": [-40, 0, 0],
						"0.8": [-22.5, 0, 0],
						"1.2": [2.5, 0, 0],
						"1.6": [27.5, 0, 0]
					},
					"position": {
						"0.0": [0, -2, 3],
						"0.4": [0, 0, -1],
						"0.8": [0, -2, -3],
						"1.2": [0, -0.45, 0],
						"1.6": [0, -2, 3]
					}
				},
				"bone7": {
					"rotation": {
						"0.0": [-10, 0, 0],
						"0.4": [-15, 0, 0],
						"0.8": [-10, 0, 0],
						"1.2": [0, 0, 0],
						"1.6": [-10, 0, 0]
					},
					"position": {
						"0.0": [0, 0, 0],
						"0.4": [0, 0.75, -0.75],
						"0.8": [0, 0, 0],
						"1.2": [0, 0, 0],
						"1.6": [0, 0, 0]
					}
				},
				"bone8": {
					"rotation": {
						"0.0": [-17.5, 0, 0],
						"0.4": [15, 0, 0],
						"0.8": [32.5, 0, 0],
						"1.2": [-2.5, 0, 0],
						"1.6": [-17.5, 0, 0]
					},
					"position": {
						"0.0": [0, -1.3, -0.75],
						"0.4": [0, 2.7, 0.25],
						"0.8": [0, 5.5, 0],
						"1.2": [0, 0.1, -0.17],
						"1.6": [0, -1.3, -0.75]
					}
				}
			}
		},
		"animation.anqui.idle": {
			"loop": true,
			"animation_length": 4,
			"bones": {
				"body": {
					"rotation": {
						"0.0": [0, 0, 0],
						"2.0": [7.5, 0, 0],
						"4.0": [0, 0, 0]
					}
				},
				"bone9": {
					"rotation": {
						"0.0": [0, 0, 0],
						"2.0": [-7.5, 0, 0],
						"4.0": [0, 0, 0]
					}
				}
			}
		},
		"animation.anqui.look_at_target": {
			"loop": true,
			"bones": {
				"head": {
					"rotation": ["query.target_x_rotation", "query.target_y_rotation", 0]
				}
			}
		},
		"animation.anqui.stay": {
			"loop": true,
			"bones": {
				"body": {
					"rotation": [0, -7.5, 0],
					"position": [0, -6, 0]
				},
				"bone13": {
					"rotation": [0, -25, 0]
				},
				"head": {
					"rotation": [-2.5, -10, 0]
				},
				"tail1": {
					"rotation": [0, 25, 0]
				},
				"bone9": {
					"rotation": [0, 10, 0]
				},
				"bone10": {
					"rotation": [0, 20, 0]
				},
				"bone11": {
					"rotation": [0, 15, 0]
				},
				"bone12": {
					"rotation": [2.5, 0, 0]
				},
				"leg1": {
					"rotation": [-25, 0, 0],
					"position": [0, -4, 0]
				},
				"bone": {
					"rotation": [100, 0, 0],
					"position": [0, -1, 10]
				},
				"bone2": {
					"rotation": [15, 0, 0],
					"position": [0, 2, 0]
				},
				"leg2": {
					"rotation": [-25, 0, 0],
					"position": [0, -4, 0]
				},
				"bone3": {
					"rotation": [100, 0, 0],
					"position": [0, -1, 10]
				},
				"bone4": {
					"rotation": [15, 0, 0],
					"position": [0, 2, 0]
				},
				"leg3": {
					"rotation": [30, 0, 0],
					"position": [0, -6, 0]
				},
				"bone5": {
					"rotation": [-102.5, 0, 0],
					"position": [0, 1.5, -5]
				},
				"leg4": {
					"rotation": [30, 0, 0],
					"position": [0, -6, 0]
				},
				"bone7": {
					"rotation": [-102.5, 0, 0],
					"position": [0, 1.5, -5]
				}
			}
		},
		"animation.anqui.attack": {
			"animation_length": 1.6,
			"bones": {
				"bone15": {
					"rotation": {
						"0.0": [0, 0, 0],
						"0.8": [0, 65, 0],
						"1.04": [0, -85, 0],
						"1.6": [0, 0, 0]
					}
				},
				"body": {
					"rotation": {
						"0.0": [0, 0, 0],
						"0.8": [0, 0, 0],
						"1.04": [10, 0, 0],
						"1.16": [10, 0, 0],
						"1.6": [0, 0, 0]
					}
				},
				"bone13": {
					"rotation": {
						"0.0": [0, 0, 0],
						"0.8": [0, -19.43, 0],
						"1.04": [0, 20, 0],
						"1.6": [0, 0, 0]
					}
				},
				"head": {
					"rotation": {
						"0.0": [0, 0, 0],
						"0.8": [0, -13.04, 0],
						"1.04": [0, 25, 0],
						"1.6": [0, 0, 0]
					}
				},
				"bone9": {
					"rotation": {
						"0.0": [0, 0, 0],
						"0.8": [0, 25, 0],
						"1.04": [0, -22.5, 0],
						"1.6": [0, 0, 0]
					}
				},
				"bone10": {
					"rotation": {
						"0.0": [0, 0, 0],
						"0.8": [0, 25, 0],
						"1.04": [0, -22.5, 0],
						"1.6": [0, 0, 0]
					}
				},
				"bone11": {
					"rotation": {
						"0.0": [0, 0, 0],
						"0.8": [0, 25, 0],
						"1.04": [0, -22.5, 0],
						"1.6": [0, 0, 0]
					}
				},
				"bone12": {
					"rotation": {
						"0.0": [0, 0, 0],
						"0.8": [0, 25, 0],
						"1.04": [0, -22.5, 0],
						"1.6": [0, 0, 0]
					}
				},
				"leg1": {
					"rotation": {
						"0.0": [0, 0, 0],
						"0.52": [-22.5, 0, 0],
						"1.04": [0, 0, 0],
						"1.32": [27.5, 0, 0],
						"1.6": [0, 0, 0]
					}
				},
				"leg2": {
					"rotation": {
						"0.0": [0, 0, 0],
						"0.52": [-22.5, 0, 0],
						"1.04": [0, 0, 0],
						"1.32": [27.5, 0, 0],
						"1.6": [0, 0, 0]
					}
				},
				"leg3": {
					"rotation": {
						"0.0": [0, 0, 0],
						"0.52": [27.5, 0, 0],
						"1.04": [0, 0, 0],
						"1.32": [-27.5, 0, 0],
						"1.6": [0, 0, 0]
					}
				},
				"leg4": {
					"rotation": {
						"0.0": [0, 0, 0],
						"0.52": [-22.5, 0, 0],
						"1.04": [0, 0, 0],
						"1.32": [27.5, 0, 0],
						"1.6": [0, 0, 0]
					}
				}
			}
		},
		"animation.anqui.casting": {
			"animation_length": 1.6,
			"bones": {
				"body": {
					"rotation": {
						"0.0": [0, 0, 0],
						"0.4": [0, 0, -7.5],
						"0.8": [0, 0, 7.5],
						"1.2": [0, 0, -7.5],
						"1.6": [0, 0, 0]
					}
				},
				"bone13": {
					"rotation": {
						"0.0": [0, 0, 0],
						"0.4": [0, 0, -7.5],
						"0.8": [0, 0, 7.5],
						"1.2": [0, 0, -7.5],
						"1.6": [0, 0, 0]
					}
				},
				"head": {
					"rotation": {
						"0.0": [0, 0, 0],
						"0.4": [0, 0, -7.5],
						"0.8": [0, 0, 7.5],
						"1.2": [0, 0, -7.5],
						"1.6": [0, 0, 0]
					}
				},
				"tail1": {
					"rotation": {
						"0.0": [0, 0, 0],
						"0.4": [0, 10, 0],
						"0.8": [0, -10, 0],
						"1.2": [0, 10, 0],
						"1.6": [0, 0, 0]
					}
				},
				"bone9": {
					"rotation": {
						"0.0": [0, 0, 0],
						"0.4": [0, 10, 0],
						"0.8": [0, -10, 0],
						"1.2": [0, 10, 0],
						"1.6": [0, 0, 0]
					}
				},
				"bone10": {
					"rotation": {
						"0.0": [0, 0, 0],
						"0.4": [0, 10, 0],
						"0.8": [0, -10, 0],
						"1.2": [0, 10, 0],
						"1.6": [0, 0, 0]
					}
				},
				"bone11": {
					"rotation": {
						"0.0": [0, 0, 0],
						"0.4": [0, 10, 0],
						"0.8": [0, -10, 0],
						"1.2": [0, 10, 0],
						"1.6": [0, 0, 0]
					}
				},
				"bone12": {
					"rotation": {
						"0.0": [0, 0, 0],
						"0.4": [0, 10, 0],
						"0.8": [0, -10, 0],
						"1.2": [0, 10, 0],
						"1.6": [0, 0, 0]
					}
				}
			}
		}
	}
}