{
	"format_version": "1.8.0",
	"animations": {
		"animation.carno.move": {
			"loop": true,
			"animation_length": 1.6,
			"bones": {
				"leg1": {
					"rotation": {
						"0.0": [-30, 0, 0],
						"0.8": [30, 0, 0],
						"1.6": [-30, 0, 0]
					},
					"position": {
						"0.0": [0, -2.5, 0],
						"0.2": [0, -0.9, 0],
						"0.32": [0, -0.7, 0],
						"0.4": [0, -0.97, 0],
						"0.52": [0, -1.37, 0],
						"0.8": [0, -4.8, 0],
						"1.32": [0, -1.29, 0],
						"1.48": [0, -0.57, 0],
						"1.6": [0, -1.35, 0]
					}
				},
				"bone3": {
					"rotation": {
						"0.0": [32.5, 0, 0],
						"0.4": [2.5, 0, 0],
						"0.52": [-4.5, 0, 0],
						"0.8": [-24.17, 0, 0],
						"1.32": [6.42, 0, 0],
						"1.48": [7.04, 0, 0],
						"1.6": [25, 0, 0]
					},
					"position": {
						"0.0": [0, 0, -4],
						"0.4": [0, 0, 0],
						"0.52": [0, -0.25, 0.46],
						"0.8": [0, -1.5, 3.2],
						"1.12": [0, -0.9, 0.42],
						"1.32": [0, -0.53, -0.75],
						"1.48": [0, -0.23, -0.86],
						"1.6": [0, 0, -4]
					}
				},
				"leg2": {
					"rotation": {
						"0.0": [30, 0, 0],
						"0.8": [-30, 0, 0],
						"1.6": [30, 0, 0]
					},
					"position": {
						"0.0": [0, -5.3, 0],
						"0.6": [0, -2.26, 0],
						"0.68": [0, -1.26, 0],
						"0.76": [0, -1.42, 0],
						"0.8": [0, -2.25, 0],
						"1.0": [0, -0.45, 0],
						"1.2": [0, -0.65, 0],
						"1.32": [0, -1.1, 0],
						"1.6": [0, -3.8, 0]
					}
				},
				"bone6": {
					"rotation": {
						"0.0": [-34.17, 0, 0],
						"0.4": [6.42, 0, 0],
						"0.6": [-6.79, 0, 0],
						"0.8": [35, 0, 0],
						"1.2": [5, 0, 0],
						"1.32": [-4.5, 0, 0],
						"1.6": [-26.67, 0, 0]
					},
					"position": {
						"0.0": [0, -2.35, 3.7],
						"0.4": [0, 0, -1],
						"0.6": [0, 0.2, 0.75],
						"0.8": [0, 0, -4],
						"1.2": [0, 0, 0],
						"1.32": [0, -0.25, 0.21],
						"1.6": [0, -2.35, 2.95]
					}
				},
				"body": {
					"rotation": {
						"0.0": [0, 0, 0],
						"0.4": [7.5, 0, 0],
						"0.8": [0, 0, 0],
						"1.2": [7.5, 0, 0],
						"1.6": [0, 0, 0]
					},
					"position": {
						"0.0": [0, 0, 0],
						"0.4": [0, 0, 0],
						"0.8": [0, 0, 0],
						"1.2": [0, 0, 0],
						"1.6": [0, 0, 0]
					}
				},
				"bone": {
					"rotation": {
						"0.0": [5, 0, 0],
						"0.8": [5, 0, 0],
						"1.2": [45, 0, 0],
						"1.6": [5, 0, 0]
					},
					"position": {
						"0.0": [0, 0, 0],
						"0.8": [0, 0, 0],
						"1.2": [0, -0.8, 2],
						"1.6": [0, 0, 0]
					}
				},
				"bone2": {
					"rotation": {
						"0.36": [-7.5, 0, 0],
						"0.88": [-12.5, 0, 0],
						"1.6": [0, 0, 0]
					}
				},
				"bone4": {
					"rotation": {
						"0.0": [5, 0, 0],
						"0.4": [50, 0, 0],
						"0.8": [0, 0, 0],
						"1.6": [5, 0, 0]
					},
					"position": {
						"0.0": [0, 0, 0],
						"0.4": [0, -0.9, 2],
						"0.8": [0, 0, 0],
						"1.6": [0, 0, 0]
					}
				},
				"bone5": {
					"rotation": {
						"0.0": [0, 0, 0],
						"1.2": [-7.5, 0, 0]
					},
					"position": [0, 0, -0.5]
				},
				"Tail1": {
					"rotation": {
						"0.0": [0, 0, 0],
						"0.4": [5, -15, 0],
						"0.8": [0, 0, 0],
						"1.2": [5, 15, 0],
						"1.6": [0, -5, 0]
					}
				},
				"Tail3": {
					"rotation": {
						"0.0": [0, 0, 0],
						"0.4": [5, -15, 0],
						"0.8": [0, 0, 0],
						"1.2": [5, 15, 0],
						"1.6": [0, -5, 0]
					}
				},
				"Tail5": {
					"rotation": {
						"0.0": [0, 0, 0],
						"0.4": [5, -15, 0],
						"0.8": [0, 0, 0],
						"1.2": [5, 15, 0],
						"1.6": [0, -5, 0]
					}
				}
			}
		},
		"animation.carno.idle": {
			"loop": true,
			"animation_length": 4,
			"bones": {
				"body": {
					"rotation": {
						"0.0": [0, 0, 0],
						"2.0": [5, 0, 0],
						"4.0": [0, 0, 0]
					},
					"position": {
						"0.0": [0, 0, 0],
						"2.0": [0, 0, 0],
						"4.0": [0, 0, 0]
					}
				},
				"Tail4": {
					"rotation": {
						"0.0": [0, 0, 0],
						"2.0": [0, 0, 0],
						"4.0": [0, 0, 0]
					},
					"position": {
						"0.0": [0, 0, 0],
						"2.0": [0, 0, 0],
						"4.0": [0, 0, 0]
					}
				}
			}
		},
		"animation.carno.attack": {
			"animation_length": 1.6,
			"bones": {
				"body": {
					"rotation": {
						"0.0": [0, 0, 0],
						"0.6": [20, 0, 0],
						"1.0": [20, 0, 0],
						"1.6": [0, 0, 0]
					},
					"position": {
						"0.0": [0, 0, 0],
						"0.6": [0, -2, 0],
						"1.0": [0, -2, 0],
						"1.6": [0, 0, 0]
					}
				},
				"head": {
					"rotation": {
						"0.0": [0, 0, 0],
						"0.8": [0, 0, 0]
					},
					"position": {
						"0.0": [0, 0, 0],
						"0.8": [0, 0, 0]
					}
				},
				"bone13": {
					"rotation": {
						"0.4": [0, 0, 0],
						"0.68": [55, 0, 0],
						"0.92": [0, 0, 0]
					}
				},
				"Tail2": {
					"rotation": {
						"0.0": [0, 0, 0],
						"0.2": [-5, 0, 0],
						"0.6": [5, 0, 0],
						"0.8": [0, 0, 0]
					}
				},
				"Tail4": {
					"rotation": {
						"0.0": [0, 0, 0],
						"0.2": [-5, 0, 0],
						"0.6": [5, 0, 0],
						"0.8": [0, 0, 0]
					}
				},
				"Tail5": {
					"rotation": {
						"0.0": [0, 0, 0],
						"0.2": [-5, 0, 0],
						"0.6": [5, 0, 0],
						"0.8": [0, 0, 0]
					}
				}
			}
		},
		"animation.carno.roar": {
			"animation_length": 3.04,
			"bones": {
				"body": {
					"rotation": {
						"0.0": [0, 0, 0],
						"0.52": [15, 0, 0],
						"2.52": [15, 0, 0],
						"3.0": [0, 0, 0]
					},
					"position": {
						"0.0": [0, 0, 0],
						"0.52": [0, -2, 0],
						"2.52": [0, -2, 0],
						"3.0": [0, 0, 0]
					}
				},
				"head": {
					"rotation": {
						"0.0": [0, 0, 0],
						"3.0": [0, 0, 0]
					},
					"position": {
						"0.0": [0, 0, 0],
						"3.0": [0, 0, 0]
					}
				},
				"bone13": {
					"rotation": {
						"0.0": [0, 0, 0],
						"0.52": [60, 0, 0],
						"2.48": [60, 0, 0],
						"2.96": [0, 0, 0]
					}
				},
				"Tail1": {
					"rotation": {
						"0.0": [0, 0, 0],
						"0.52": [2.5, 5, 0],
						"1.0": [5, 0, 0],
						"2.52": [2.5, -5, 0],
						"3.0": [0, 0, 0]
					}
				},
				"Tail3": {
					"rotation": {
						"0.0": [0, 0, 0],
						"0.52": [2.5, 5, 0],
						"1.0": [5, 0, 0],
						"2.52": [2.5, -5, 0],
						"3.0": [0, 0, 0]
					}
				},
				"Tail5": {
					"rotation": {
						"0.0": [0, 0, 0],
						"0.52": [2.5, 5, 0],
						"1.0": [5, 0, 0],
						"2.52": [2.5, -5, 0],
						"3.0": [0, 0, 0]
					}
				}
			}
		},
		"animation.carno.stay": {
			"loop": true,
			"animation_length": 8,
			"bones": {
				"leg1": {
					"rotation": [-37.5, 0, 0],
					"position": [0, -8.75, 2]
				},
				"bone": {
					"rotation": [45, 0, 0],
					"position": [0, 0, 4]
				},
				"bone2": {
					"rotation": [-75, 0, 0],
					"position": [0, -7, 4]
				},
				"bone3": {
					"rotation": [67.5, 0, 0],
					"position": [0, -3, -9]
				},
				"leg2": {
					"rotation": [-37.5, 0, 0],
					"position": [0, -8.75, 2]
				},
				"bone4": {
					"rotation": [45, 0, 0],
					"position": [0, 0, 4]
				},
				"bone5": {
					"rotation": [-75, 0, 0],
					"position": [0, -7, 4]
				},
				"bone6": {
					"rotation": [67.5, 0, 0],
					"position": [0, -3, -9]
				},
				"body": {
					"position": [0, -13, 0]
				},
				"neck": {
					"rotation": {
						"0.0": [0, 0, 0],
						"2.0": [5, 0, 0],
						"4.0": [0, 0, 0]
					},
					"position": {
						"0.0": [0, 0, 0],
						"4.0": [0, 0, 0]
					}
				},
				"Tail2": {
					"rotation": [-10, 0, 0],
					"position": [0, -0.5, 0]
				},
				"Tail4": {
					"rotation": [5, 0, 0]
				}
			}
		},
		"animation.carno.look_at_target": {
			"loop": true,
			"bones": {
				"head": {
					"rotation": ["query.target_x_rotation", "query.target_y_rotation", 0]
				}
			}
		}
	}
}
