{
	"format_version": "1.8.0",
	"animations": {
		"animation.compy.attack": {
			"animation_length": 1.2,
			"bones": {
				"neck": {
					"rotation": {
						"0.0": [0, 0, 0],
						"0.24": [20, 0, 0],
						"1.04": [20, 0, 0],
						"1.2": [0, 0, 0]
					},
					"position": {
						"0.0": [0, 0, 0],
						"1.2": [0, 0, 0]
					}
				},
				"bone7": {
					"rotation": {
						"0.0": [0, 0, 0],
						"0.24": [47.5, 0, 0],
						"0.6": [0, 0, 0],
						"0.84": [47.5, 0, 0],
						"1.0": [47.5, 0, 0],
						"1.2": [0, 0, 0]
					},
					"position": {
						"0.0": [0, 0, 0],
						"0.6": [0, 0, 0],
						"1.2": [0, 0, 0]
					}
				}
			}
		},
		"animation.compy.move": {
			"loop": true,
			"animation_length": 1.6,
			"bones": {
				"leg": {
					"rotation": {
						"0.0": [-30, 0, 0],
						"0.52": [9, 0, 0],
						"0.8": [30, 0, 0],
						"1.6": [-30, 0, 0]
					},
					"position": {
						"0.0": [0, -5, 0],
						"0.2": [0, -2.4, 0],
						"0.32": [0, -1.7, 0],
						"0.52": [0, -0.34, 0],
						"0.8": [0, -0.8, 0],
						"1.32": [0, -1.29, 0],
						"1.6": [0, -4.1, 0]
					}
				},
				"bone": {
					"rotation": {
						"0.0": [5, 0, 0],
						"0.8": [5, 0, 0],
						"1.2": [45, 0, 0],
						"1.6": [5, 0, 0]
					},
					"position": {
						"0.0": [0, 0, 0],
						"0.8": [0, 0, 0],
						"1.2": [0, -2, 0],
						"1.6": [0, 0, 0]
					}
				},
				"bone2": {
					"rotation": {
						"0.36": [-7.5, 0, 0],
						"0.88": [-12.5, 0, 0],
						"1.6": [0, 0, 0]
					}
				},
				"bone3": {
					"rotation": {
						"0.0": [32.5, 0, 0],
						"0.4": [0, 0, 0],
						"0.52": [-4.5, 0, 0],
						"0.8": [-21.67, 0, 0],
						"1.32": [6.42, 0, 0],
						"1.6": [25, 0, 0]
					},
					"position": {
						"0.0": [0, 0, 0],
						"0.4": [0, 0, 0],
						"0.52": [0, -0.25, -0.54],
						"0.8": [0, -0.5, -0.4],
						"1.6": [0, 0, 0]
					}
				},
				"leg2": {
					"rotation": {
						"0.0": [30, 0, 0],
						"0.8": [-30, 0, 0],
						"1.6": [30, 0, 0]
					},
					"position": {
						"0.0": [0, 0.2, 0],
						"0.8": [0, -4, 0],
						"1.2": [0, -0.9, 0],
						"1.6": [0, -0.8, 0]
					}
				},
				"bone4": {
					"rotation": {
						"0.0": [5, 0, 0],
						"0.4": [50, 0, 0],
						"0.8": [0, 0, 0],
						"1.6": [5, 0, 0]
					},
					"position": {
						"0.0": [0, 0, 0],
						"0.4": [0, -2.9, 1],
						"0.8": [0, 0, 0],
						"1.6": [0, 0, 0]
					}
				},
				"bone5": {
					"rotation": {
						"0.0": [0, 0, 0],
						"0.8": [7.5, 0, 0],
						"1.2": [-7.5, 0, 0]
					},
					"position": {
						"0.6": [0, 1, -0.5],
						"1.32": [0, 1, -0.5],
						"1.6": [0, 0, -0.5]
					}
				},
				"bone6": {
					"rotation": {
						"0.0": [-34.17, 0, 0],
						"0.4": [6.42, 0, 0],
						"0.6": [-6.79, 0, 0],
						"0.8": [25, 0, 0],
						"1.2": [5, 0, 0],
						"1.32": [-4.5, 0, 0],
						"1.6": [-26.67, 0, 0]
					},
					"position": {
						"0.0": [0, -0.6, -0.8],
						"0.4": [0, 0, 0],
						"0.6": [0, 0.2, -0.5],
						"0.8": [0, -0.2, 0],
						"1.2": [0, 0, 0],
						"1.32": [0, 0.05, 0.06],
						"1.6": [0, 0.2, -0.4]
					}
				},
				"body": {
					"rotation": {
						"0.0": [0, 0, 0],
						"0.8": [7.5, 0, 0],
						"1.6": [0, 0, 0]
					},
					"position": {
						"0.0": [0, 0, 0],
						"1.6": [0, 0, 0]
					}
				},
				"tail1": {
					"rotation": {
						"0.0": [0, 0, 0],
						"0.4": [5, -15, 0],
						"0.8": [0, 0, 0],
						"1.2": [5, 15, 0],
						"1.6": [0, -5, 0]
					}
				},
				"bone8": {
					"rotation": {
						"0.0": [0, 0, 0],
						"0.4": [5, -15, 0],
						"0.8": [0, 0, 0],
						"1.2": [5, 15, 0],
						"1.6": [0, -5, 0]
					}
				},
				"bone9": {
					"rotation": {
						"0.0": [0, 0, 0],
						"0.4": [5, -15, 0],
						"0.8": [0, 0, 0],
						"1.2": [5, 15, 0],
						"1.6": [0, -5, 0]
					}
				}
			}
		},
		"animation.compy.idle": {
			"loop": true,
			"animation_length": 2,
			"bones": {
				"body": {
					"rotation": {
						"0.0": [0, 0, 0],
						"1.0": [7.5, 0, 0],
						"2.0": [0, 0, 0]
					}
				},
				"tail1": {
					"rotation": {
						"0.0": [0, 0, 0],
						"0.52": [-2, -2, 0],
						"1.0": [-2, 0, 0],
						"1.52": [-2, 2, 0],
						"2.0": [0, 0, 0]
					},
					"position": [0, 0, -1]
				},
				"bone8": {
					"rotation": {
						"0.0": [0, 0, 0],
						"0.52": [-2, -2, 0],
						"1.0": [-2, 0, 0],
						"1.52": [-2, 2, 0],
						"2.0": [0, 0, 0]
					},
					"position": [0, 0, -1]
				},
				"bone9": {
					"rotation": {
						"0.0": [0, 0, 0],
						"0.52": [-2, -2, 0],
						"1.0": [-2, 0, 0],
						"1.52": [-2, 2, 0],
						"2.0": [0, 0, 0]
					},
					"position": [0, 0, -1]
				}
			}
		},
		"animation.compy.roar": {
			"animation_length": 4,
			"bones": {
				"body": {
					"rotation": {
						"0.52": [15, 0, 0],
						"2.52": [15, 0, 0],
						"3.0": [0, 0, 0]
					},
					"position": {
						"0.52": [0, 0, -1],
						"2.52": [0, 0, -1],
						"3.0": [0, 0, 0]
					}
				},
				"head2": {
					"rotation": {
						"0.0": [0, 0, 0],
						"0.52": [-10, 0, -15],
						"2.52": [-10, 0, -15],
						"3.0": [0, 0, 0]
					},
					"position": {
						"0.0": [0, 0, 0],
						"0.52": [7, -0.6, -4.6],
						"2.52": [7, -0.6, -4.6],
						"3.0": [0, 0, 0]
					}
				},
				"bone7": {
					"rotation": {
						"0.48": [60, 0, 0],
						"2.44": [60, 0, 0],
						"2.92": [0, 0, 0]
					}
				},
				"tail1": {
					"rotation": {
						"0.0": [0, 0, 0],
						"0.52": [2.5, 5, 0],
						"1.0": [5, 0, 0],
						"2.52": [2.5, -5, 0],
						"3.0": [0, 0, 0]
					},
					"position": [0, 0, 0]
				},
				"bone8": {
					"rotation": {
						"0.0": [0, 0, 0],
						"0.52": [2.5, 5, 0],
						"1.0": [5, 0, 0],
						"2.52": [2.5, -5, 0],
						"3.0": [0, 0, 0]
					}
				},
				"bone9": {
					"rotation": {
						"0.0": [0, 0, 0],
						"0.52": [2.5, 5, 0],
						"1.0": [5, 0, 0],
						"2.52": [2.5, -5, 0],
						"3.0": [0, 0, 0]
					}
				}
			}
		}
	}
}
