{
	"format_version": "1.8.0",
	"animations": {
		"animation.coryto.move": {
			"loop": true,
			"animation_length": 2.08,
			"bones": {
				"Leg1": {
					"rotation": {
						"0.0": [-40, 0, 0],
						"1.04": [40, 0, 0],
						"1.56": [-30, 0, 0],
						"2.08": [-40, 0, 0]
					},
					"position": {
						"0.0": [0, -5.5, 0],
						"0.2": [0, -2.05, -0.38],
						"0.4": [0, -0.1, -0.77],
						"0.6": [0, 0.1, -1.15],
						"0.8": [0, -1.4, -1.54],
						"1.04": [0, -5.2, -2],
						"1.2": [0, -1.09, -1.69],
						"1.56": [0, 1.65, -1],
						"2.08": [0, -5.5, 0]
					}
				},
				"bone": {
					"rotation": {
						"0.0": [0, 0, 0],
						"1.04": [-5, 0, 0],
						"1.56": [32.5, 0, 0],
						"2.08": [0, 0, 0]
					},
					"position": {
						"0.0": [0, 0, 0],
						"1.04": [0, 0, 0],
						"2.08": [0, 0, 0]
					}
				},
				"bone2": {
					"rotation": {
						"0.0": [0, 0, 0],
						"1.04": [-7.5, 0, 0],
						"1.28": [-39.62, 0, 0],
						"1.56": [-33.75, 0, 0],
						"2.08": [0, 0, 0]
					}
				},
				"bone3": {
					"rotation": {
						"0.0": [40, 0, 0],
						"1.04": [-27.5, 0, 0],
						"1.28": [43.46, 0, 0],
						"1.56": [93.75, 0, 0],
						"2.08": [40, 0, 0]
					},
					"position": {
						"0.0": [0, 0, -1],
						"1.04": [0, 0, -0.6],
						"1.56": [0, 0, -1.3],
						"2.08": [0, 0, -1]
					}
				},
				"Body1": {
					"rotation": {
						"0.0": [0, 0, 0],
						"0.52": [10, 0, 0],
						"1.04": [0, 0, 0],
						"1.56": [10, 0, 0],
						"2.08": [0, 0, 0]
					}
				},
				"Leg2": {
					"rotation": {
						"0.0": [40, 0, 0],
						"0.52": [-30, 0, 0],
						"1.04": [-40, 0, 0],
						"2.08": [40, 0, 0]
					},
					"position": {
						"0.0": [0, -5.2, -2],
						"0.16": [0, -1.09, -1.69],
						"0.52": [0, 1.65, -1],
						"1.04": [0, -5.5, 0],
						"1.24": [0, -2.05, -0.38],
						"1.44": [0, -0.1, -0.77],
						"1.64": [0, 0.1, -1.15],
						"1.84": [0, -1.4, -1.54],
						"2.08": [0, -5.2, -2]
					}
				},
				"bone4": {
					"rotation": {
						"0.0": [-5, 0, 0],
						"0.52": [32.5, 0, 0],
						"1.04": [0, 0, 0],
						"2.08": [-5, 0, 0]
					},
					"position": {
						"0.0": [0, 0, 0],
						"1.04": [0, 0, 0],
						"2.08": [0, 0, 0]
					}
				},
				"bone5": {
					"rotation": {
						"0.0": [-7.5, 0, 0],
						"0.24": [-39.62, 0, 0],
						"0.52": [-33.75, 0, 0],
						"1.04": [0, 0, 0],
						"2.08": [-7.5, 0, 0]
					}
				},
				"bone6": {
					"rotation": {
						"0.0": [-27.5, 0, 0],
						"0.24": [43.46, 0, 0],
						"0.52": [93.75, 0, 0],
						"1.04": [40, 0, 0],
						"2.08": [-27.5, 0, 0]
					},
					"position": {
						"0.0": [0, 0, -0.6],
						"0.52": [0, 0, -1.3],
						"1.04": [0, 0, -1],
						"2.08": [0, 0, -0.6]
					}
				},
				"Arm1": {
					"rotation": {
						"0.0": [0, 0, 0],
						"0.52": [-25, 0, 0],
						"1.04": [0, 0, 0],
						"1.56": [-25, 0, 0],
						"2.08": [0, 0, 0]
					}
				},
				"Arm2": {
					"rotation": {
						"0.0": [0, 0, 0],
						"0.52": [-25, 0, 0],
						"1.04": [0, 0, 0],
						"1.56": [-25, 0, 0],
						"2.08": [0, 0, 0]
					}
				},
				"Tail1": {
					"rotation": {
						"0.0": [0, 0, 0],
						"1.04": [0, 0, 0],
						"2.08": [0, 0, 0]
					}
				},
				"bone14": {
					"rotation": {
						"0.0": [0, 0, 0],
						"0.52": [-10, 0, 0],
						"1.04": [3.33, 0, 0],
						"1.56": [-10, 0, 0],
						"2.08": [0, 0, 0]
					}
				},
				"bone15": {
					"rotation": {
						"0.0": [0, 0, 0],
						"0.52": [-5, 0, 0],
						"1.04": [-1.67, 0, 0],
						"1.56": [-5, 0, 0],
						"2.08": [0, 0, 0]
					}
				},
				"bone16": {
					"rotation": {
						"0.0": [0, 0, 0],
						"0.52": [-15, 0, 0],
						"1.04": [-1.67, 0, 0],
						"1.56": [-15, 0, 0],
						"2.08": [0, 0, 0]
					}
				},
				"bone17": {
					"rotation": {
						"0.0": [0, 0, 0],
						"0.52": [-10, 0, 0],
						"1.04": [-1.67, 0, 0],
						"1.56": [-10, 0, 0],
						"2.08": [0, 0, 0]
					}
				},
				"bone18": {
					"rotation": {
						"0.0": [0, 0, 0],
						"0.52": [-17.5, 0, 0],
						"1.04": [-1.67, 0, 0],
						"1.56": [-17.5, 0, 0],
						"2.08": [0, 0, 0]
					}
				},
				"Neck": {
					"rotation": {
						"0.0": [0, 0, 0],
						"0.52": [-12.5, 0, 0],
						"1.04": [0, 0, 0],
						"1.56": [-12.5, 0, 0],
						"2.08": [0, 0, 0]
					}
				},
				"Head": {
					"rotation": {
						"0.0": [0, 0, 0],
						"0.52": [12.5, 0, 0],
						"1.04": [0, 0, 0],
						"1.56": [12.5, 0, 0],
						"2.08": [0, 0, 0]
					}
				}
			}
		},
		"animation.coryto.idle": {
			"loop": true,
			"animation_length": 4,
			"bones": {
				"Body1": {
					"rotation": {
						"0.0": [0, 0, 0],
						"2.0": [7.5, 0, 0],
						"4.0": [0, 0, 0]
					}
				},
				"Tail1": {
					"rotation": {
						"0.0": [0, 15, 0],
						"2.0": [0, -15, 0],
						"4.0": [0, 15, 0]
					}
				},
				"bone14": {
					"rotation": {
						"0.0": [0, 15, 0],
						"2.0": [0, -15, 0],
						"4.0": [0, 15, 0]
					}
				},
				"bone15": {
					"rotation": {
						"0.0": [0, 15, 0],
						"2.0": [0, -15, 0],
						"4.0": [0, 15, 0]
					}
				},
				"bone16": {
					"rotation": {
						"0.0": [0, 15, 0],
						"2.0": [0, -15, 0],
						"4.0": [0, 15, 0]
					}
				},
				"bone17": {
					"rotation": {
						"0.0": [0, 15, 0],
						"2.0": [0, -15, 0],
						"4.0": [0, 15, 0]
					}
				},
				"Neck": {
					"rotation": {
						"0.0": [0, 0, 0],
						"2.0": [-15, 0, 0],
						"4.0": [0, 0, 0]
					}
				},
				"Head": {
					"rotation": {
						"0.0": [0, 0, 0],
						"2.0": [17.5, 0, 0],
						"4.0": [0, 0, 0]
					}
				}
			}
		},
		"animation.coryto.look_at_target": {
			"loop": true,
			"bones": {
				"Head": {
					"rotation": ["query.target_x_rotation", "query.target_y_rotation", 0]
				}
			}
		},
		"animation.coryto.casting": {
			"animation_length": 2.4,
			"bones": {
				"Body1": {
					"rotation": {
						"0.0": [0, 0, 0],
						"0.6": [-15, 0, 0],
						"1.8": [-15, 0, 0],
						"2.4": [0, 0, 0]
					}
				},
				"Arm1": {
					"rotation": {
						"0.0": [0, 0, 0],
						"0.6": [-32.5, 0, 0],
						"1.8": [22.5, 0, 0],
						"2.4": [0, 0, 0]
					}
				},
				"Arm2": {
					"rotation": {
						"0.0": [0, 0, 0],
						"0.6": [22.5, 0, 0],
						"1.8": [-32.5, 0, 0],
						"2.4": [0, 0, 0]
					}
				},
				"Tail1": {
					"rotation": {
						"0.0": [0, 0, 0],
						"0.6": [7.5, 17.5, 0],
						"1.8": [7.5, -20, 0],
						"2.4": [0, 0, 0]
					}
				},
				"bone14": {
					"rotation": {
						"0.0": [0, 0, 0],
						"0.6": [7.5, 17.5, 0],
						"1.8": [7.5, -20, 0],
						"2.4": [0, 0, 0]
					}
				},
				"bone15": {
					"rotation": {
						"0.0": [0, 0, 0],
						"0.6": [7.5, 17.5, 0],
						"1.8": [7.5, -20, 0],
						"2.4": [0, 0, 0]
					}
				},
				"bone16": {
					"rotation": {
						"0.0": [0, 0, 0],
						"0.6": [7.5, 17.5, 0],
						"1.8": [7.5, -20, 0],
						"2.4": [0, 0, 0]
					}
				},
				"bone17": {
					"rotation": {
						"0.0": [0, 0, 0],
						"0.6": [7.5, 17.5, 0],
						"1.8": [7.5, -20, 0],
						"2.4": [0, 0, 0]
					}
				},
				"bone18": {
					"rotation": {
						"0.0": [0, 0, 0],
						"0.6": [7.5, 17.5, 0],
						"1.8": [7.5, -20, 0],
						"2.4": [0, 0, 0]
					}
				},
				"Neck": {
					"rotation": {
						"0.0": [0, 0, 0],
						"0.6": [0, -10, 0],
						"1.8": [0, 10, 0],
						"2.4": [0, 0, 0]
					}
				},
				"Head": {
					"rotation": {
						"0.0": [0, 0, 0],
						"0.6": [0, -15, 0],
						"1.8": [0, 15, 0],
						"2.4": [0, 0, 0]
					}
				},
				"bone22": {
					"rotation": {
						"0.0": [0, 0, 0],
						"0.6": [42.5, 0, 0],
						"1.8": [42.5, 0, 0],
						"2.4": [0, 0, 0]
					}
				}
			}
		},
		"animation.coryto.stay": {
			"loop": true,
			"bones": {
				"Leg1": {
					"rotation": [-77.5, 25, 0],
					"position": [0, -16, 0]
				},
				"bone": {
					"rotation": [22.5, 0, 0]
				},
				"bone2": {
					"rotation": [-7.5, 0, 0]
				},
				"bone3": {
					"rotation": [62.5, 0, 0],
					"position": [0, 0, -1]
				},
				"Body1": {
					"rotation": [17.5, 0, 0],
					"position": [0, -10, -1]
				},
				"Leg2": {
					"rotation": [-77.5, -25, 0],
					"position": [0, -16, 0]
				},
				"bone4": {
					"rotation": [22.5, 0, 0]
				},
				"bone5": {
					"rotation": [-7.5, 0, 0]
				},
				"bone6": {
					"rotation": [62.5, 0, 0],
					"position": [0, 0, -1]
				},
				"Arm1": {
					"rotation": [-37.5, 0, 0]
				},
				"bone10": {
					"rotation": [-20, 0, 0]
				},
				"Arm2": {
					"rotation": [-37.5, 0, 0]
				},
				"bone12": {
					"rotation": [-20, 0, 0]
				},
				"Tail1": {
					"rotation": [-17.5, -20, 0]
				},
				"bone14": {
					"rotation": [-2.5, -7.5, 0]
				},
				"bone15": {
					"rotation": [0, -7.5, 0]
				},
				"bone16": {
					"rotation": [5, -7.5, 0]
				},
				"bone17": {
					"rotation": [0, -10, 0]
				},
				"bone18": {
					"rotation": [2.5, -7.5, 0]
				},
				"Neck": {
					"rotation": [-12.5, 0, 0]
				},
				"Head": {
					"rotation": [15, 0, 0]
				}
			}
		}
	}
}