{
	"format_version": "1.8.0",
	"animations": {
		"animation.dilo.move": {
			"loop": true,
			"animation_length": 1.6,
			"bones": {
				"BodyREAR": {
					"rotation": {
						"0.0": [0, 0, 0],
						"0.4": [5, 0, 0],
						"0.8": [0, 0, 0],
						"1.2": [5, 0, 0],
						"1.6": [0, 0, 0]
					}
				},
				"TailBASE": {
					"rotation": {
						"0.0": [0, 0, 0],
						"0.4": [5, -15, 0],
						"0.8": [0, 0, 0],
						"1.2": [5, 15, 0],
						"1.6": [0, -5, 0]
					}
				},
				"Tail3": {
					"rotation": {
						"0.0": [0, 0, 0],
						"0.4": [5, -15, 0],
						"0.8": [0, 0, 0],
						"1.2": [5, 15, 0],
						"1.6": [0, 0, 0]
					}
				},
				"Tail5": {
					"rotation": {
						"0.0": [0, 0, 0],
						"0.4": [5, -15, 0],
						"0.8": [0, 0, 0],
						"1.2": [5, 15, 0],
						"1.6": [0, 0, 0]
					}
				},
				"LegLeftUPPER": {
					"rotation": {
						"0.0": [-30, 0, 0],
						"0.8": [30, 0, 0],
						"1.6": [-30, 0, 0]
					},
					"position": {
						"0.0": [0, -5, 0],
						"0.2": [0, -2.4, 0],
						"0.32": [0, -1.7, 0],
						"0.8": [0, -1.8, 0],
						"1.32": [0, -1.29, 0],
						"1.6": [0, -4.1, 0]
					}
				},
				"LegLeftMID": {
					"rotation": {
						"0.0": [5, 0, 0],
						"0.8": [5, 0, 0],
						"1.2": [45, 0, 0],
						"1.6": [5, 0, 0]
					},
					"position": {
						"0.0": [0, 0, 0],
						"0.8": [0, 0, 0],
						"1.2": [0, -2, 0],
						"1.6": [0, 0, 0]
					}
				},
				"LegLeftBOTTOM": {
					"rotation": {
						"0.36": [-7.5, 0, 0],
						"0.88": [-12.5, 0, 0],
						"1.6": [0, 0, 0]
					}
				},
				"FootLeft": {
					"rotation": {
						"0.0": [32.5, 0, 0],
						"0.4": [0, 0, 0],
						"0.52": [-4.5, 0, 0],
						"0.8": [-21.67, 0, 0],
						"1.32": [6.42, 0, 0],
						"1.6": [25, 0, 0]
					},
					"position": {
						"0.0": [0, 0, 0],
						"0.4": [0, 0, 0],
						"0.52": [0, -0.25, -0.54],
						"0.8": [0, -1.5, 0.2],
						"1.6": [0, 0, 0]
					}
				},
				"LegRightUPPER": {
					"rotation": {
						"0.0": [30, 0, 0],
						"0.8": [-30, 0, 0],
						"1.6": [30, 0, 0]
					},
					"position": {
						"0.0": [0, -1.8, 0],
						"0.8": [0, -4, 0],
						"1.2": [0, -0.9, 0],
						"1.6": [0, -1.8, 0]
					}
				},
				"LegRightMID": {
					"rotation": {
						"0.0": [5, 0, 0],
						"0.4": [50, 0, 0],
						"0.8": [0, 0, 0],
						"1.6": [5, 0, 0]
					},
					"position": {
						"0.0": [0, 0, 0],
						"0.4": [0, -0.9, 1],
						"0.8": [0, 0, 0],
						"1.6": [0, 0, 0]
					}
				},
				"LegRightBOTTOM": {
					"rotation": {
						"0.0": [0, 0, 0],
						"1.2": [-7.5, 0, 0]
					},
					"position": [0, 0, -0.5]
				},
				"FootRight": {
					"rotation": {
						"0.0": [-34.17, 0, 0],
						"0.4": [6.42, 0, 0],
						"0.6": [-6.79, 0, 0],
						"0.8": [30, 0, 0],
						"1.2": [5, 0, 0],
						"1.32": [-4.5, 0, 0],
						"1.6": [-26.67, 0, 0]
					},
					"position": {
						"0.0": [0, -1.6, 0.2],
						"0.4": [0, 0, -1],
						"0.6": [0, 0.2, -0.5],
						"0.8": [0, 0, 0],
						"1.2": [0, 0, 0],
						"1.32": [0, -0.25, -0.54],
						"1.6": [0, -1.5, 0.2]
					}
				},
				"FrillLowerLeft": {
					"scale": [0.2, 0.4, 1]
				},
				"FrillLowerRight": {
					"scale": [0.2, 0.4, 1]
				},
				"FrillUpperLeft": {
					"scale": [0.2, 0.4, 1]
				},
				"FrillUpperRight": {
					"scale": [0.2, 0.4, 1]
				}
			}
		},
		"animation.dilo.idle": {
			"loop": true,
			"animation_length": 2,
			"bones": {
				"BodyREAR": {
					"rotation": {
						"0.0": [0, 0, 0],
						"1.0": [7.5, 0, 0],
						"2.0": [0, 0, 0]
					}
				},
				"TailBASE": {
					"rotation": {
						"0.0": [0, 0, 0],
						"0.52": [-2, -2, 0],
						"1.0": [-2, 0, 0],
						"1.52": [-2, 2, 0],
						"2.0": [0, 0, 0]
					}
				},
				"Tail3": {
					"rotation": {
						"0.0": [0, 0, 0],
						"0.52": [-2, -2, 0],
						"1.0": [-2, 0, 0],
						"1.52": [-2, 2, 0],
						"2.0": [0, 0, 0]
					}
				},
				"Tail5": {
					"rotation": {
						"0.0": [0, 0, 0],
						"0.52": [-2, -2, 0],
						"1.0": [-2, 0, 0],
						"1.52": [-2, 2, 0],
						"2.0": [0, 0, 0]
					}
				},
				"LegLeftUPPER": {
					"position": [0, -0.2, 0]
				},
				"LegRightUPPER": {
					"position": [0, -0.2, 0]
				},
				"FrillLowerLeft": {
					"scale": [0.2, 0.4, 1]
				},
				"FrillLowerRight": {
					"scale": [0.2, 0.4, 1]
				},
				"FrillUpperLeft": {
					"scale": [0.2, 0.4, 1]
				},
				"FrillUpperRight": {
					"scale": [0.2, 0.4, 1]
				}
			}
		},
		"animation.dilo.roar": {
			"animation_length": 4,
			"bones": {
				"BodyREAR": {
					"rotation": {
						"0.52": [15, 0, 0],
						"2.52": [15, 0, 0],
						"3.0": [0, 0, 0]
					},
					"position": {
						"0.52": [0, 0, 0],
						"2.52": [0, 0, 0],
						"3.0": [0, 0, 0]
					}
				},
				"Head": {
					"rotation": {
						"0.0": [0, 0, 0],
						"3.0": [0, 0, 0]
					},
					"position": {
						"0.0": [0, 0, 0],
						"3.0": [0, 0, 0]
					}
				},
				"JawLower": {
					"rotation": {
						"0.48": [60, 0, 0],
						"2.44": [60, 0, 0],
						"2.92": [0, 0, 0]
					}
				},
				"TailBASE": {
					"rotation": {
						"0.0": [0, 0, 0],
						"0.52": [2.5, 5, 0],
						"1.0": [5, 0, 0],
						"2.52": [2.5, -5, 0],
						"3.0": [0, 0, 0]
					}
				},
				"Tail3": {
					"rotation": {
						"0.0": [0, 0, 0],
						"0.52": [2.5, 5, 0],
						"1.0": [5, 0, 0],
						"2.52": [2.5, -5, 0],
						"3.0": [0, 0, 0]
					}
				},
				"Tail5": {
					"rotation": {
						"0.0": [0, 0, 0],
						"0.52": [2.5, 5, 0],
						"1.0": [5, 0, 0],
						"2.52": [2.5, -5, 0],
						"3.0": [0, 0, 0]
					}
				},
				"LegLeftUPPER": {
					"position": [0, -0.2, 0]
				},
				"LegRightUPPER": {
					"position": [0, -0.2, 0]
				},
				"FrillLowerLeft": {
					"scale": [0.2, 0.4, 1]
				},
				"FrillLowerRight": {
					"scale": [0.2, 0.4, 1]
				},
				"FrillUpperLeft": {
					"scale": [0.2, 0.4, 1]
				},
				"FrillUpperRight": {
					"scale": [0.2, 0.4, 1]
				}
			}
		},
		"animation.dilo.look_at_target": {
			"loop": true,
			"bones": {
				"Head": {
					"rotation": ["query.target_x_rotation", "query.target_y_rotation", 0]
				}
			}
		},
		"animation.dilo.casting": {
			"animation_length": 2,
			"bones": {
				"BodyREAR": {
					"rotation": {
						"0.0": [0, 0, 0],
						"0.4": [-12.5, 0, 0],
						"1.8": [-12.5, 0, 0],
						"2.0": [0, 0, 0]
					},
					"position": {
						"0.0": [0, 0, 0],
						"2.0": [0, 0, 0]
					}
				},
				"Head": {
					"rotation": {
						"0.0": [0, 0, 0],
						"0.52": [0, 0, -12.5],
						"1.0": [0, 0, 0],
						"1.52": [0, 0, 12.5],
						"2.0": [0, 0, 0]
					},
					"position": {
						"0.0": [0, 0, 0],
						"0.52": [-1, 0, 0],
						"1.0": [0, 0, 0],
						"1.52": [1, 0, 0],
						"2.0": [0, 0, 0]
					}
				},
				"TailBASE": {
					"rotation": {
						"0.0": [0, 0, 0],
						"0.4": [5, -15, 0],
						"0.8": [0, 0, 0],
						"1.2": [5, 15, 0],
						"1.6": [0, -5, 0]
					}
				},
				"Tail3": {
					"rotation": {
						"0.0": [0, 0, 0],
						"0.4": [5, -15, 0],
						"0.8": [0, 0, 0],
						"1.2": [5, 15, 0],
						"1.6": [0, -5, 0]
					}
				},
				"Tail5": {
					"rotation": {
						"0.0": [0, 0, 0],
						"0.4": [5, -15, 0],
						"0.8": [0, 0, 0],
						"1.2": [5, 15, 0],
						"1.6": [0, -5, 0]
					}
				},
				"LegLeftUPPER": {
					"position": [0, -0.2, 0]
				},
				"LegRightUPPER": {
					"position": [0, -0.2, 0]
				},
				"FrillLowerLeft": {
					"scale": [0.2, 0.4, 1]
				},
				"FrillLowerRight": {
					"scale": [0.2, 0.4, 1]
				},
				"FrillUpperLeft": {
					"scale": [0.2, 0.4, 1]
				},
				"FrillUpperRight": {
					"scale": [0.2, 0.4, 1]
				},
				"JawLower": {
					"rotation": {
						"0.0": [0, 0, 0],
						"0.32": [52.5, 0, 0],
						"1.72": [52.5, 0, 0],
						"2.0": [0, 0, 0]
					}
				}
			}
		},
		"animation.dilo.stay": {
			"loop": true,
			"animation_length": 4,
			"bones": {
				"BodyREAR": {
					"position": [0, -11, 0]
				},
				"NeckBase": {
					"rotation": {
						"0.0": [0, 0, 0],
						"2.0": [12.5, 0, 0],
						"4.0": [0, 0, 0]
					},
					"position": {
						"0.0": [0, 0, 0],
						"4.0": [0, 0, 0]
					}
				},
				"TailBASE": {
					"rotation": [-7.5, 0, 0]
				},
				"LegLeftUPPER": {
					"position": [0, -9.7, 0]
				},
				"LegLeftMID": {
					"rotation": [50, 0, 0],
					"position": [0, 0, 3]
				},
				"LegLeftBOTTOM": {
					"rotation": [-100, 0, 0],
					"position": [0, -3, 0]
				},
				"FootLeft": {
					"rotation": [52.5, 0, 0],
					"position": [0, 0, -1]
				},
				"LegRightUPPER": {
					"position": [0, -9.7, 0]
				},
				"LegRightMID": {
					"rotation": [50, 0, 0],
					"position": [0, 0, 3]
				},
				"LegRightBOTTOM": {
					"rotation": [-100, 0, 0],
					"position": [0, -3, 0]
				},
				"FootRight": {
					"rotation": [52.5, 0, 0],
					"position": [0, 0, -1]
				},
				"FrillLowerLeft": {
					"scale": [0.2, 0.4, 1]
				},
				"FrillLowerRight": {
					"scale": [0.2, 0.4, 1]
				},
				"FrillUpperLeft": {
					"scale": [0.2, 0.4, 1]
				},
				"FrillUpperRight": {
					"scale": [0.2, 0.4, 1]
				}
			}
		},
		"animation.dilo.attack": {
			"animation_length": 2,
			"bones": {
				"BodyREAR": {
					"rotation": {
						"0.0": [0, 0, 0],
						"0.4": [17.5, 0, 0],
						"1.0": [12.5, 0, 0],
						"1.6": [17.5, 0, 0],
						"2.0": [0, 0, 0]
					}
				},
				"FrillLowerLeft": {
					"scale": {
						"0.0": [0.2, 0.4, 1],
						"0.4": [1.2, 1.2, 1],
						"0.6": [1, 1, 1],
						"0.8": [1.2, 1.2, 1],
						"1.0": [1, 1, 1],
						"1.2": [1.2, 1.2, 1],
						"1.4": [1, 1, 1],
						"1.6": [1.2, 1.2, 1],
						"2.0": [0.2, 0.4, 1]
					}
				},
				"FrillLowerRight": {
					"scale": {
						"0.0": [0.2, 0.4, 1],
						"0.4": [1.2, 1.2, 1],
						"0.6": [1, 1, 1],
						"0.8": [1.2, 1.2, 1],
						"1.0": [1, 1, 1],
						"1.2": [1.2, 1.2, 1],
						"1.4": [1, 1, 1],
						"1.6": [1.2, 1.2, 1],
						"2.0": [0.2, 0.4, 1]
					}
				},
				"FrillUpperLeft": {
					"scale": {
						"0.0": [0.2, 0.4, 1],
						"0.4": [1.2, 1.2, 1],
						"0.6": [1, 1, 1],
						"0.8": [1.2, 1.2, 1],
						"1.0": [1, 1, 1],
						"1.2": [1.2, 1.2, 1],
						"1.4": [1, 1, 1],
						"1.6": [1.2, 1.2, 1],
						"2.0": [0.2, 0.4, 1]
					}
				},
				"FrillUpperRight": {
					"scale": {
						"0.0": [0.2, 0.4, 1],
						"0.4": [1.2, 1.2, 1],
						"0.6": [1, 1, 1],
						"0.8": [1.2, 1.2, 1],
						"1.0": [1, 1, 1],
						"1.2": [1.2, 1.2, 1],
						"1.4": [1, 1, 1],
						"1.6": [1.2, 1.2, 1],
						"2.0": [0.2, 0.4, 1]
					}
				},
				"Head": {
					"rotation": {
						"0.0": [0, 0, 0],
						"0.4": [-10, 0, 0],
						"1.6": [-10, 0, 0],
						"2.0": [0, 0, 0]
					}
				},
				"JawLower": {
					"rotation": {
						"0.0": [0, 0, 0],
						"0.4": [45, 0, 0],
						"1.6": [45, 0, 0],
						"2.0": [0, 0, 0]
					}
				},
				"TailBASE": {
					"rotation": {
						"0.0": [0, 0, 0],
						"0.4": [0, -20, 0],
						"0.8": [0, 20, 0],
						"1.2": [0, -20, 0],
						"1.6": [0, 20, 0],
						"2.0": [0, 0, 0]
					}
				},
				"Tail3": {
					"rotation": {
						"0.0": [0, 0, 0],
						"0.4": [0, -20, 0],
						"0.8": [0, 20, 0],
						"1.2": [0, -20, 0],
						"1.6": [0, 20, 0],
						"2.0": [0, 0, 0]
					}
				},
				"Tail5": {
					"rotation": {
						"0.0": [0, 0, 0],
						"0.4": [0, -20, 0],
						"0.8": [0, 20, 0],
						"1.2": [0, -20, 0],
						"1.6": [0, 20, 0],
						"2.0": [0, 0, 0]
					}
				}
			}
		}
	}
}