{
	"format_version": "1.8.0",
	"animations": {
		"animation.edmonto.move": {
			"loop": true,
			"animation_length": 3.1667,
			"bones": {
				"leg1": {
					"rotation": {
						"0.0": [-20, 0, 0],
						"1.56": [10, 0, 0],
						"2.92": [-12.87, 0, 0],
						"3.16": [-20, 0, 0]
					},
					"position": {
						"0.0": [0, 0.75, 0],
						"0.8": [0, -1, 0],
						"1.56": [0, -1.59, -0.27],
						"2.92": [0, 0.75, -0.75],
						"3.16": [0, 0.75, -0.75]
					}
				},
				"bone": {
					"rotation": {
						"1.56": [5, 0, 0],
						"2.28": [25, 0, 0],
						"3.16": [5, 0, 0]
					}
				},
				"bone3": {
					"rotation": {
						"0.0": [15, 0, 0],
						"0.8": [0, 0, 0],
						"1.56": [-14.1, 0, 0],
						"2.92": [2.5, 0, 0],
						"3.16": [12.5, 0, 0]
					},
					"position": {
						"0.0": [0, -1, 0],
						"0.8": [0, 1, 0],
						"1.56": [0, 0.5, 0],
						"3.16": [0, -1.5, 0]
					}
				},
				"leg2": {
					"rotation": {
						"0.0": [15, 0, 0],
						"1.56": [-20, 0, 0],
						"3.16": [15, 0, 0]
					},
					"position": {
						"0.0": [0, -2.75, 0],
						"0.56": [0, -2, 0],
						"0.88": [0, -2.75, 0],
						"1.2": [0, -1.85, 0],
						"1.52": [0, -0.62, 0],
						"1.56": [0, -0.41, 0],
						"2.36": [0, -0.75, 0],
						"3.16": [0, -2.75, 0]
					}
				},
				"bone4": {
					"rotation": {
						"0.0": [5, 0, 0],
						"0.88": [30, 0, 0],
						"1.56": [5, 0, 0]
					}
				},
				"bone6": {
					"rotation": {
						"0.0": [-20, 0, 0],
						"0.16": [-20, 0, 0],
						"0.56": [-12.5, 0, 0],
						"0.88": [-11.25, 0, 0],
						"1.2": [-5, 0, 0],
						"1.52": [13.06, 0, 0],
						"1.56": [15, 0, 0],
						"3.16": [-20, 0, 0]
					},
					"position": {
						"0.0": [0, 1.25, 0.75],
						"0.56": [0, 0.25, 0],
						"0.88": [0, 1.25, 0],
						"1.56": [0, -0.05, 0],
						"3.16": [0, 1.25, 0.75]
					}
				},
				"tail1": {
					"rotation": {
						"0.0": [0, 0, 0],
						"0.68": [-7.5, 0, 0],
						"1.56": [0, 0, 0],
						"2.44": [-7.5, 0, 0],
						"3.16": [0, 0, 0]
					},
					"position": {
						"0.0": [0, 0, 0],
						"0.68": [0, 1.75, 0],
						"1.56": [0, 0, 0],
						"2.44": [0, 1.75, 0],
						"3.16": [0, 0, 0]
					}
				},
				"body": {
					"rotation": {
						"0.0": [0, 0, 0],
						"0.68": [5, 0, 5],
						"1.56": [0, 0, 0],
						"2.44": [5, 0, -5],
						"3.16": [0, 0, 0]
					},
					"position": {
						"0.0": [0, 0, 0],
						"0.68": [0, 0, 2],
						"1.56": [0, 0, 0],
						"2.44": [0, 0, 2],
						"3.16": [0, 0, 0]
					}
				},
				"torax": {
					"rotation": {
						"0.0": [0, 0, 0],
						"3.16": [0, 0, 0]
					},
					"position": {
						"0.0": [0, 0, 0],
						"3.16": [0, 0, 0]
					}
				},
				"arm1": {
					"rotation": {
						"0.0": [15, 0, 0],
						"1.56": [-20, 0, 0],
						"3.16": [15, 0, 0]
					},
					"position": {
						"0.36": [0, -0.5, 0],
						"1.76": [0, -1.5, 0],
						"2.68": [0, -0.5, 0]
					}
				},
				"arm2": {
					"rotation": {
						"0.0": [-15, 0, 0],
						"0.4": [-7.34, 0, 0],
						"1.56": [15, 0, 0],
						"3.16": [-15, 0, 0]
					},
					"position": {
						"0.0": [0, -1, 0],
						"0.4": [0, 0, 0],
						"1.24": [0, 0.02, 0],
						"1.56": [0, -0.25, 0],
						"3.16": [0, -1.25, 0]
					}
				},
				"bone7": {
					"rotation": {
						"0.0": [0, 0, 0],
						"0.72": [-35, 0, 0],
						"1.56": [0, 0, 0]
					}
				},
				"bone8": {
					"rotation": {
						"0.0": [-15, 0, 0],
						"0.36": [8.13, 0, 0],
						"1.48": [18.63, 0, 0],
						"1.76": [15, 0, 0],
						"2.68": [-2.5, 0, 0],
						"3.16": [-15, 0, 0]
					},
					"position": {
						"0.0": [0, 3.25, 0.5],
						"0.36": [0, -1.61, 0.05],
						"1.48": [0, -4.18, 0.16],
						"1.76": [0, -2.75, 0],
						"2.68": [0, 1.25, 0],
						"3.16": [0, 3.25, 0.75]
					}
				},
				"bone9": {
					"rotation": {
						"1.56": [0, 0, 0],
						"2.4": [-25, 0, 0],
						"3.16": [0, 0, 0]
					}
				},
				"bone10": {
					"rotation": {
						"0.0": [15, 0, 0],
						"0.4": [7.5, 0, 0],
						"1.56": [-14.35, 0, 0],
						"1.96": [3.15, 0, 0],
						"2.32": [-0.41, 0, 0],
						"3.16": [15, 0, 0]
					},
					"position": {
						"0.0": [0, -3, 0],
						"0.4": [0, -2, 0],
						"1.56": [0, 3.08, 0.5],
						"1.96": [0, -0.92, -0.25],
						"2.32": [0, 0.19, -0.24],
						"3.16": [0, -3, 0]
					}
				}
			}
		},
		"animation.edmonto.idle": {
			"loop": true,
			"animation_length": 4,
			"bones": {
				"tail1": {
					"rotation": {
						"0.0": [0, 0, 0],
						"4.0": [0, 0, 0]
					},
					"position": {
						"0.0": [0, 0, 0],
						"4.0": [0, 0, 0]
					}
				},
				"body": {
					"rotation": {
						"0.0": [0, 0, 0],
						"2.0": [5, 0, 0],
						"4.0": [0, 0, 0]
					},
					"position": {
						"0.0": [0, 0, 0],
						"2.0": [0, -1, 1],
						"4.0": [0, 0, 0]
					}
				}
			}
		},
		"animation.edmonto.look_at_target": {
			"loop": true,
			"bones": {
				"Head": {
					"rotation": ["query.target_x_rotation", "query.target_y_rotation", 0]
				}
			}
		},
		"animation.edmonto.stay": {
			"loop": true,
			"animation_length": 4,
			"bones": {
				"leg1": {
					"rotation": [-42.5, 0, 0],
					"position": [0, -8, 0]
				},
				"bone": {
					"rotation": [42.5, 0, 0],
					"position": [0, 4, 5]
				},
				"bone2": {
					"rotation": [-77.5, 0, 0],
					"position": [0, 21, 0]
				},
				"bone3": {
					"rotation": [77.5, 0, 0],
					"position": [0, -5, 2]
				},
				"leg2": {
					"rotation": [-42.5, 0, 0],
					"position": [0, -8, 0]
				},
				"bone4": {
					"rotation": [42.5, 0, 0],
					"position": [0, 4, 5]
				},
				"bone5": {
					"rotation": [-77.5, 0, 0],
					"position": [0, 21, 0]
				},
				"bone6": {
					"rotation": [77.5, 0, 0],
					"position": [0, -5, 2]
				},
				"neck2": {
					"rotation": {
						"0.0": [0, 0, 0],
						"2.0": [5, 0, 0],
						"4.0": [0, 0, 0]
					},
					"position": {
						"0.0": [0, 0, 0],
						"2.0": [0, 3, 0],
						"4.0": [0, 0, 0]
					}
				},
				"body": {
					"position": [0, -16, 0]
				},
				"arm1": {
					"rotation": [-22.5, 0, 0],
					"position": [0, -14, 0]
				},
				"arm2": {
					"rotation": [-22.5, 0, 0],
					"position": [0, -14, 0]
				},
				"bone7": {
					"rotation": [-50, 0, 0]
				},
				"bone9": {
					"rotation": [-50, 0, 0]
				}
			}
		},
		"animation.edmonto.casting": {
			"animation_length": 1.6,
			"bones": {
				"tail1": {
					"rotation": {
						"0.0": [0, 0, 0],
						"0.4": [7.5, 0, 0],
						"1.24": [7.5, 0, 0],
						"1.6": [0, 0, 0]
					},
					"position": {
						"0.0": [0, 0, 0],
						"0.4": [0, -1, -3],
						"1.24": [0, -1, -3],
						"1.6": [0, 0, 0]
					}
				},
				"Head": {
					"rotation": {
						"0.0": [0, 0, 0],
						"0.4": [17.5, 0, 0],
						"0.72": [17.5, -10, 0],
						"0.96": [17.5, 10, 0],
						"1.24": [17.5, 0, 0],
						"1.6": [0, 0, 0]
					},
					"position": {
						"0.0": [0, 0, 0],
						"0.4": [0, -2, -1],
						"0.72": [1, -2, -1],
						"0.96": [-1.26, -2, -1],
						"1.24": [0, -2, -1],
						"1.6": [0, 0, 0]
					}
				},
				"body": {
					"rotation": {
						"0.0": [0, 0, 0],
						"0.4": [-25, 0, 0],
						"1.24": [-25, 0, 0],
						"1.6": [0, 0, 0]
					},
					"position": {
						"0.0": [0, 0, 0],
						"0.4": [0, 11, -8],
						"1.24": [0, 11, -8],
						"1.6": [0, 0, 0]
					}
				},
				"arm1": {
					"rotation": {
						"0.0": [0, 0, 0],
						"1.6": [0, 0, 0]
					},
					"position": {
						"0.0": [0, 0, 0],
						"0.4": [0, 14, 0],
						"1.24": [0, 14, 0],
						"1.6": [0, 0, 0]
					}
				},
				"arm2": {
					"rotation": {
						"0.0": [0, 0, 0],
						"1.6": [0, 0, 0]
					},
					"position": {
						"0.0": [0, 0, 0],
						"0.4": [0, 14, 0],
						"1.24": [0, 14, 0],
						"1.6": [0, 0, 0]
					}
				}
			}
		}
	}
}
