{
	"format_version": "1.8.0",
	"animations": {
		"animation.mamen.idle": {
			"loop": true,
			"animation_length": 4,
			"bones": {
				"body": {
					"rotation": {
						"0.0": [0, 0, 0],
						"2.0": [7.5, 0, 0],
						"4.0": [0, 0, 0]
					}
				},
				"head": {
					"rotation": {
						"0.0": [0, 0, 0],
						"2.0": [15, 0, 0],
						"4.0": [0, 0, 0]
					}
				},
				"tail4": {
					"rotation": {
						"0.0": [0, 0, 0],
						"2.0": [10, 0, 0],
						"4.0": [0, 0, 0]
					}
				},
				"tail7": {
					"rotation": {
						"0.0": [0, 0, 0],
						"2.0": [7.5, 0, 0],
						"4.0": [0, 0, 0]
					}
				}
			}
		},
		"animation.mamen.move": {
			"loop": true,
			"animation_length": 1.6,
			"bones": {
				"body": {
					"rotation": {
						"0.0": [0, 0, 0],
						"0.4": [5, 0, 0],
						"0.8": [0, 0, 0],
						"1.2": [5, 0, 0],
						"1.6": [0, 0, 0]
					}
				},
				"tail4": {
					"rotation": {
						"0.0": [0, 0, 0],
						"0.4": [10, 0, 0],
						"0.8": [0, 0, 0],
						"1.2": [10, 0, 0],
						"1.6": [0, 0, 0]
					}
				},
				"tail7": {
					"rotation": {
						"0.0": [0, 0, 0],
						"0.4": [10, 0, 0],
						"0.8": [0, 0, 0],
						"1.2": [10, 0, 0],
						"1.6": [0, 0, 0]
					}
				},
				"leg1": {
					"rotation": {
						"0.0": [30, 0, 0],
						"0.8": [-37.5, 0, 0],
						"1.6": [30, 0, 0]
					},
					"position": {
						"0.0": [0, -3, 0],
						"0.8": [0, 0, 0],
						"1.0": [0, 0.5, 0],
						"1.2": [0, 0, 0],
						"1.4": [0, -1, 0],
						"1.6": [0, -3, 0]
					}
				},
				"leg1a": {
					"rotation": {
						"0.0": [-12.5, 0, 0],
						"0.4": [-30, 0, 0],
						"0.8": [12.5, 0, 0],
						"1.6": [-12.5, 0, 0]
					}
				},
				"leg1b": {
					"rotation": {
						"0.0": [-17.5, 0, 0],
						"0.4": [18.75, 0, 0],
						"0.8": [25, 0, 0],
						"1.6": [-17.5, 0, 0]
					}
				},
				"leg2": {
					"rotation": {
						"0.0": [-37.5, 0, 0],
						"0.8": [30, 0, 0],
						"1.6": [-37.5, 0, 0]
					},
					"position": {
						"0.0": [0, 0, 0],
						"0.2": [0, 0.5, 0],
						"0.4": [0, 0, 0],
						"0.6": [0, -1, 0],
						"0.8": [0, -3, 0],
						"1.6": [0, 0, 0]
					}
				},
				"leg2a": {
					"rotation": {
						"0.0": [12.5, 0, 0],
						"0.8": [-12.5, 0, 0],
						"1.2": [-30, 0, 0],
						"1.6": [12.5, 0, 0]
					}
				},
				"leg2b": {
					"rotation": {
						"0.0": [25, 0, 0],
						"0.8": [-17.5, 0, 0],
						"1.2": [18.75, 0, 0],
						"1.6": [25, 0, 0]
					}
				},
				"leg3": {
					"rotation": {
						"0.0": [-37.5, 0, 0],
						"0.8": [30, 0, 0],
						"1.6": [-37.5, 0, 0]
					},
					"position": {
						"0.0": [0, 0, 0],
						"0.2": [0, 0.5, 0],
						"0.4": [0, 0, 0],
						"0.6": [0, -1, 0],
						"0.8": [0, -3, 0],
						"1.6": [0, 0, 0]
					}
				},
				"leg3a": {
					"rotation": {
						"0.0": [12.5, 0, 0],
						"0.8": [-12.5, 0, 0],
						"1.2": [-30, 0, 0],
						"1.6": [12.5, 0, 0]
					}
				},
				"leg3b": {
					"rotation": {
						"0.0": [25, 0, 0],
						"0.8": [-17.5, 0, 0],
						"1.2": [18.75, 0, 0],
						"1.6": [25, 0, 0]
					}
				},
				"leg4": {
					"rotation": {
						"0.0": [30, 0, 0],
						"0.8": [-37.5, 0, 0],
						"1.6": [30, 0, 0]
					},
					"position": {
						"0.0": [0, -3, 0],
						"0.8": [0, 0, 0],
						"1.0": [0, 0.5, 0],
						"1.2": [0, 0, 0],
						"1.4": [0, -1, 0],
						"1.6": [0, -3, 0]
					}
				},
				"leg4a": {
					"rotation": {
						"0.0": [-12.5, 0, 0],
						"0.4": [-30, 0, 0],
						"0.8": [12.5, 0, 0],
						"1.6": [-12.5, 0, 0]
					}
				},
				"leg4b": {
					"rotation": {
						"0.0": [-17.5, 0, 0],
						"0.4": [18.75, 0, 0],
						"0.8": [25, 0, 0],
						"1.6": [-17.5, 0, 0]
					}
				}
			}
		},
		"animation.mamen.attack": {
			"animation_length": 1.4,
			"bones": {
				"body": {
					"rotation": {
						"0.0": [7.5, 0, 0],
						"0.2": [-25, 0, 0],
						"0.52": [-25, 0, 0],
						"1.0": [7.5, 0, 0],
						"1.4": [7.5, 0, 0]
					},
					"position": {
						"0.0": [0, 0, 0],
						"0.2": [0, 2, -4],
						"0.52": [0, 2, -4],
						"1.0": [0, 0, 0],
						"1.4": [0, 0, 0]
					}
				},
				"neck": {
					"rotation": {
						"0.0": [-5, 0, 0],
						"0.2": [0, 0, 0],
						"0.52": [27.5, 0, 0],
						"1.0": [-5, 0, 0]
					},
					"position": {
						"0.0": [0, 0, 0],
						"0.2": [0, 0, 0],
						"0.52": [0, 6, 0],
						"1.0": [0, 0, 0]
					}
				},
				"head": {
					"rotation": {
						"0.0": [0, 0, 0],
						"0.52": [30, 0, 0],
						"1.4": [0, 0, 0]
					},
					"position": {
						"0.0": [0, 0, 0],
						"1.4": [0, 0, 0]
					}
				},
				"tail": {
					"rotation": {
						"0.0": [10, 0, 0],
						"0.2": [20, 0, 0],
						"1.0": [10, 0, 0]
					}
				},
				"leg3": {
					"rotation": {
						"0.0": [27.5, 0, 0],
						"0.2": [-27.5, 0, 0],
						"1.0": [27.5, 0, 0],
						"1.4": [27.5, 0, 0]
					},
					"position": {
						"0.0": [0, -3.75, 0],
						"0.2": [0, 3.25, 0],
						"1.0": [0, -3.75, 0],
						"1.4": [0, -3.75, 0]
					}
				},
				"leg3a": {
					"rotation": {
						"0.0": [-27.5, 0, 0],
						"0.2": [-10, 0, 0],
						"0.52": [-10, 0, 0],
						"1.0": [-27.5, 0, 0]
					},
					"position": {
						"0.0": [0, 1, -1],
						"1.0": [0, 1, -1]
					}
				},
				"leg4": {
					"rotation": {
						"0.0": [27.5, 0, 0],
						"0.2": [-27.5, 0, 0],
						"1.0": [27.5, 0, 0],
						"1.4": [27.5, 0, 0]
					},
					"position": {
						"0.0": [0, -3.75, 0],
						"0.2": [0, 3.25, 0],
						"1.0": [0, -3.75, 0],
						"1.4": [0, -3.75, 0]
					}
				},
				"leg4a": {
					"rotation": {
						"0.0": [-27.5, 0, 0],
						"0.2": [-10, 0, 0],
						"0.52": [-10, 0, 0],
						"1.0": [-27.5, 0, 0]
					},
					"position": {
						"0.0": [0, 1, -1],
						"1.0": [0, 1, -1]
					}
				}
			}
		},
		"animation.mamen.look_at_target": {
			"loop": true
		}
	}
}