{
	"format_version": "1.8.0",
	"animations": {
		"animation.micro.idle": {
			"loop": true,
			"animation_length": 4,
			"bones": {
				"body": {
					"rotation": {
						"0.0": [0, 0, 0],
						"2.0": [7.5, 0, 0],
						"4.0": [0, 0, 0]
					},
					"position": {
						"0.0": [0, 0, 0],
						"4.0": [0, 0, 0]
					}
				},
				"Tail4": {
					"rotation": {
						"0.0": [0, 0, 0],
						"2.0": [-5, 0, 0],
						"4.0": [0, 0, 0]
					},
					"position": {
						"0.0": [0, 0, 0],
						"4.0": [0, 0, 0]
					}
				},
				"Tail5": {
					"rotation": {
						"0.0": [0, 0, 0],
						"2.0": [5, 0, 0],
						"4.0": [0, 0, 0]
					},
					"position": {
						"0.0": [0, 0, 0],
						"4.0": [0, 0, 0]
					}
				}
			}
		},
		"animation.micro.stay": {
			"loop": true,
			"animation_length": 5,
			"bones": {
				"leg1": {
					"position": [0, -4, 0]
				},
				"bone": {
					"rotation": [40, 0, 0],
					"position": [0, 3, 8]
				},
				"bone2": {
					"rotation": [-87.5, 0, 0],
					"position": [0, 13, 1]
				},
				"bone3": {
					"rotation": [47.5, 0, 0],
					"position": [0, -4.25, 0]
				},
				"leg2": {
					"position": [0, -4, 0]
				},
				"bone4": {
					"rotation": [40, 0, 0],
					"position": [0, 3, 8]
				},
				"bone5": {
					"rotation": [-87.5, 0, 0],
					"position": [0, 13, 1]
				},
				"bone6": {
					"rotation": [47.5, 0, 0],
					"position": [0, -4.25, 0]
				},
				"body": {
					"position": [0, -7, 0]
				},
				"arm1": {
					"position": [0, 1, 0]
				},
				"arm2": {
					"position": [0, 1, 0]
				},
				"Tail2": {
					"rotation": [-5, 27.5, 0],
					"position": [-3, 0, 0]
				},
				"Tail3": {
					"rotation": [-2.5, 17.5, 0],
					"position": [-2, 0, 0]
				},
				"Tail4": {
					"rotation": [-5, 15, 0],
					"position": [-1, 0, 0]
				},
				"Tail5": {
					"rotation": [-2.5, 5, 0],
					"position": [-0.5, 0, 0]
				},
				"Tail6": {
					"rotation": [25, 10, 0],
					"position": [0, -1.75, 2]
				},
				"neck": {
					"rotation": {
						"0.0": [0, 0, 0],
						"2.0": [2.5, 0, 0],
						"3.0": [0, 0, 0],
						"4.0": [2.5, 0, 0],
						"5.0": [0, 0, 0]
					},
					"position": {
						"0.0": [0, 0, 0],
						"3.0": [0, 0, 0],
						"5.0": [0, 0, 0]
					}
				},
				"bone7": {
					"rotation": [-75, 0, 0]
				},
				"bone8": {
					"rotation": [-75, 0, 0]
				}
			}
		},
		"animation.micro.look_at_target": {
			"loop": true,
			"bones": {
				"head": {
					"rotation": ["query.target_x_rotation", "query.target_y_rotation", 0]
				}
			}
		},
		"animation.micro.casting": {
			"animation_length": 5,
			"bones": {
				"body": {
					"rotation": {
						"0.0": [0, 0, 0],
						"0.4": [-32.5, 0, 0],
						"2.0": [-32.5, 0, 0],
						"2.4": [0, 0, 0]
					},
					"position": {
						"0.0": [0, 0, 0],
						"0.4": [0, 0, 2],
						"2.0": [0, 0, 2],
						"2.4": [0, 0, 0]
					}
				},
				"Tail4": {
					"rotation": {
						"0.0": [0, 0, 0],
						"0.44": [5, 0, 0]
					},
					"position": {
						"0.0": [0, 0, 0],
						"0.44": [0, -0.25, 0]
					}
				},
				"Tail5": {
					"rotation": {
						"0.0": [0, 0, 0],
						"0.44": [12.5, 0, 0],
						"2.0": [12.5, 0, 0],
						"2.4": [0, 0, 0]
					},
					"position": {
						"0.0": [0, 0, 0],
						"0.44": [0, -0.75, 0],
						"2.0": [0, -0.75, 0],
						"2.4": [0, 0, 0]
					}
				},
				"Tail6": {
					"rotation": {
						"0.0": [0, 0, 0],
						"0.4": [10, 0, 0],
						"2.0": [10, 0, 0],
						"2.4": [0, 0, 0]
					},
					"position": {
						"0.0": [0, 0, 0],
						"0.4": [0, -0.75, 0],
						"2.0": [0, -0.75, 0],
						"2.4": [0, 0, 0]
					}
				},
				"head": {
					"rotation": {
						"0.0": [0, 0, 0],
						"0.4": [22.5, 0, 0],
						"0.8": [22.5, 0, 0],
						"1.2": [22.5, 35, 0],
						"1.6": [22.5, 0, 0],
						"2.0": [22.5, -35, 0],
						"2.4": [0, 0, 0]
					},
					"position": {
						"0.0": [0, 0, 0],
						"0.4": [0, 0, 0],
						"0.8": [0, 0, 0],
						"1.2": [0, 0, 0],
						"1.6": [0, 0, 0],
						"2.0": [0, 0, 0],
						"2.4": [0, 0, 0]
					}
				},
				"bone7": {
					"rotation": {
						"0.0": [0, 0, 0],
						"0.4": [32.5, 0, 0],
						"2.0": [32.5, 0, 0],
						"2.4": [0, 0, 0]
					},
					"position": {
						"0.0": [0, 0, 0],
						"0.4": [0, 0, 0.25],
						"2.0": [0, 0, 0.25],
						"2.4": [0, 0, 0]
					}
				},
				"bone8": {
					"rotation": {
						"0.0": [0, 0, 0],
						"0.4": [32.5, 0, 0],
						"2.0": [32.5, 0, 0],
						"2.4": [0, 0, 0]
					},
					"position": {
						"0.0": [0, 0, 0],
						"0.4": [0, 0, 0.25],
						"2.0": [0, 0, 0.25],
						"2.4": [0, 0, 0]
					}
				}
			}
		},
		"animation.micro.move": {
			"loop": true,
			"animation_length": 1.2,
			"bones": {
				"leg1": {
					"rotation": {
						"0.0": [-30, 0, 0],
						"0.32": [30, 0, 0],
						"0.6": [-30, 0, 0],
						"0.88": [30, 0, 0],
						"1.2": [-30, 0, 0]
					},
					"position": {
						"0.0": [0, 4, -4],
						"0.32": [0, -2, 7],
						"0.6": [0, 4, -4],
						"0.88": [0, -2, 7],
						"1.2": [0, 4, -4]
					}
				},
				"bone3": {
					"rotation": {
						"0.0": [30, 0, 0],
						"0.32": [0, 0, 0],
						"0.6": [30, 0, 0],
						"0.88": [0, 0, 0],
						"1.2": [30, 0, 0]
					},
					"position": {
						"0.0": [0, -3, 0],
						"0.32": [0, 0, 0],
						"0.6": [0, -3, 0],
						"0.88": [0, 0, 0],
						"1.2": [0, -3, 0]
					}
				},
				"leg2": {
					"rotation": {
						"0.0": [30, 0, 0],
						"0.32": [-30, 0, 0],
						"0.6": [30, 0, 0],
						"0.88": [-30, 0, 0],
						"1.2": [30, 0, 0]
					},
					"position": {
						"0.0": [0, -2, 7],
						"0.32": [0, 4, -4],
						"0.6": [0, -2, 7],
						"0.88": [0, 4, -4],
						"1.2": [0, -2, 7]
					}
				},
				"bone6": {
					"rotation": {
						"0.0": [0, 0, 0],
						"0.32": [30, 0, 0],
						"0.6": [0, 0, 0],
						"0.88": [30, 0, 0],
						"1.2": [0, 0, 0]
					},
					"position": {
						"0.0": [0, 0, 0],
						"0.32": [0, -3, 0],
						"0.6": [0, 0, 0],
						"0.88": [0, -3, 0],
						"1.2": [0, 0, 0]
					}
				},
				"body": {
					"rotation": {
						"0.0": [0, 0, 0],
						"0.32": [5, 0, 0],
						"0.6": [0, 0, 0],
						"0.92": [5, 0, 0],
						"1.2": [0, 0, 0]
					},
					"position": {
						"0.0": [0, 0, 0],
						"0.6": [0, 0, 0],
						"1.2": [0, 0, 0]
					}
				}
			}
		}
	}
}
