{
	"format_version": "1.8.0",
	"animations": {
		"animation.nasuto.move": {
			"loop": true,
			"animation_length": 1.6,
			"bones": {
				"body": {
					"rotation": {
						"0.0": [0, 0, 0],
						"0.8": [5, 0, 0],
						"1.6": [0, 0, 0]
					}
				},
				"tail1": {
					"rotation": {
						"0.0": [0, 0, 0],
						"0.84": [7.5, 0, 0],
						"1.6": [0, 0, 0]
					},
					"position": {
						"0.0": [0, 0, 0],
						"0.84": [0, 4, -1],
						"1.6": [0, 0, 0]
					}
				},
				"bone14": {
					"rotation": {
						"0.0": [0, 0, 0],
						"0.8": [7.5, 0, 0],
						"1.6": [0, 0, 0]
					},
					"position": {
						"0.0": [0, 0, 0],
						"0.8": [0, -1.5, -0.25],
						"1.6": [0, 0, 0]
					}
				},
				"leg1": {
					"rotation": {
						"0.0": [25, 0, 0],
						"0.8": [-20, 0, 0],
						"1.6": [25, 0, 0]
					},
					"position": {
						"0.0": [0, -2, -2],
						"0.8": [0, 0, 0],
						"1.32": [-0.3, -0.4, -1.3],
						"1.6": [0, -2, -2]
					}
				},
				"bone2": {
					"rotation": {
						"0.0": [0, 0, 0],
						"0.36": [30, 0, 0],
						"0.8": [0, 0, 0]
					}
				},
				"bone4": {
					"rotation": {
						"0.0": [0, 0, 0],
						"0.8": [20, 0, 0],
						"1.0": [10, 0, 0],
						"1.6": [0, 0, 0]
					},
					"position": {
						"0.0": [0, 0, 0],
						"0.8": [0, 0.5, 0],
						"1.0": [0, 1, 0],
						"1.6": [0, 0, 0]
					}
				},
				"leg2": {
					"rotation": {
						"0.0": [-20, 0, 0],
						"0.8": [25, 0, 0],
						"1.6": [-20, 0, 0]
					},
					"position": {
						"0.0": [0, -1, 0],
						"0.2": [0, -0.8, 0],
						"0.4": [0, 0.2, 0],
						"0.8": [0, -1, 0],
						"1.6": [0, -1, 0]
					}
				},
				"bone5": {
					"rotation": {
						"0.8": [0, 0, 0],
						"1.24": [30, 0, 0],
						"1.6": [0, 0, 0]
					}
				},
				"bone17": {
					"rotation": {
						"0.0": [20, 0, 0],
						"0.2": [10, 0, 0],
						"0.8": [0, 0, 0],
						"1.6": [20, 0, 0]
					},
					"position": {
						"0.0": [0, 0.5, 0],
						"0.2": [0, 1, 0],
						"0.8": [0, 0, 0],
						"1.6": [0, 0.5, 0]
					}
				},
				"leg3": {
					"rotation": {
						"0.0": [-25, 0, 0],
						"0.8": [10, 0, 0],
						"1.6": [-25, 0, 0]
					},
					"position": {
						"0.0": [0, 0, 0],
						"0.8": [0, -1, 0],
						"1.6": [0, 0, 0]
					}
				},
				"bone7": {
					"rotation": {
						"0.0": [5, 0, 0],
						"0.8": [-7.58, 0, 0],
						"1.24": [-30, 0, 0],
						"1.6": [5, 0, 0]
					}
				},
				"bone8": {
					"rotation": {
						"0.0": [17.5, 0, 0],
						"0.4": [7.5, 0, 0],
						"0.8": [-2.5, 0, 0],
						"1.6": [17.5, 0, 0]
					},
					"position": {
						"0.0": [0, 0.5, 0.5],
						"0.4": [0, 0.5, 0.5],
						"0.8": [0, 0, 0],
						"1.6": [0, 0.5, 0.5]
					}
				},
				"leg4": {
					"rotation": {
						"0.0": [5, 0, 0],
						"0.8": [-25, 0, 0],
						"1.6": [5, 0, 0]
					},
					"position": {
						"0.0": [0, 0.6, 0],
						"0.8": [0, -4.25, 0],
						"1.2": [0, -1.9, 0],
						"1.6": [0, 0.6, 0]
					}
				},
				"bone9": {
					"rotation": {
						"0.0": [0, 0, 0],
						"0.4": [-30, 0, 0],
						"0.8": [10, 0, 0],
						"1.24": [0, 0, 0]
					}
				},
				"bone10": {
					"rotation": {
						"0.0": [-4.13, 0, 0],
						"0.8": [15, 0, 0],
						"1.2": [7.5, 0, 0],
						"1.6": [-4.13, 0, 0]
					},
					"position": {
						"0.0": [0, 0, 0],
						"0.8": [0, 0.5, 0.5],
						"1.2": [0, 0.5, 0.5],
						"1.6": [0, 0, 0]
					}
				}
			}
		},
		"animation.nasuto.idle": {
			"animation_length": 4,
			"bones": {
				"body": {
					"rotation": {
						"0.0": [0, 0, 0],
						"2.0": [7.5, 0, 0],
						"4.0": [0, 0, 0]
					}
				},
				"tail1": {
					"rotation": {
						"0.0": [0, 0, 0],
						"2.0": [7.5, 0, 0],
						"4.0": [0, 0, 0]
					},
					"position": {
						"0.0": [0, 0, 0],
						"2.0": [0, 4, -1],
						"4.0": [0, 0, 0]
					}
				},
				"bone14": {
					"rotation": {
						"0.0": [0, 0, 0],
						"2.0": [7.5, 0, 0],
						"4.0": [0, 0, 0]
					},
					"position": {
						"0.0": [0, 0, 0],
						"2.0": [0, -1.5, -0.25],
						"4.0": [0, 0, 0]
					}
				},
				"head": {
					"rotation": {
						"0.0": [0, 0, 0],
						"2.0": [10, 0, 0],
						"4.0": [0, 0, 0]
					}
				}
			}
		},
		"animation.nasuto.attack": {
			"animation_length": 1.6,
			"bones": {
				"body": {
					"rotation": {
						"0.0": [0, 0, 0],
						"0.4": [10, 0, 0],
						"1.0": [-12.5, 0, 0],
						"1.6": [0, 0, 0]
					},
					"position": {
						"0.0": [0, 0, 0],
						"1.6": [0, 0, 0]
					}
				},
				"head": {
					"rotation": {
						"0.0": [0, 0, 0],
						"0.4": [0, 0, 0],
						"1.0": [-15, 0, 0],
						"1.6": [0, 0, 0]
					},
					"position": {
						"0.0": [0, 0, 0],
						"0.4": [0, 0, 0],
						"1.0": [0, -1, 0],
						"1.6": [0, 0, 0]
					}
				},
				"leg3": {
					"rotation": {
						"0.0": [0, 0, 0],
						"0.4": [40, 0, 0],
						"1.0": [7.5, 0, 0],
						"1.6": [0, 0, 0]
					},
					"position": {
						"0.0": [0, 0, 0],
						"0.2": [0, -2.25, 0],
						"0.4": [0, -5.3, 0],
						"1.0": [0, -0.75, 0],
						"1.6": [0, 0, 0]
					}
				},
				"bone7": {
					"rotation": {
						"0.0": [0, 0, 0],
						"0.4": [-32.5, 0, 0],
						"1.0": [0, 0, 0],
						"1.6": [0, 0, 0]
					},
					"position": {
						"0.0": [0, 0, 0],
						"0.4": [0, 0, 0],
						"1.0": [0, 0, 0],
						"1.6": [0, 0, 0]
					}
				},
				"bone8": {
					"rotation": {
						"0.0": [0, 0, 0],
						"0.4": [-7.5, 0, 0],
						"1.0": [-7.5, 0, 0],
						"1.6": [0, 0, 0]
					},
					"position": {
						"0.0": [0, 0, 0],
						"1.6": [0, 0, 0]
					}
				},
				"leg4": {
					"rotation": {
						"0.0": [0, 0, 0],
						"0.4": [40, 0, 0],
						"1.0": [7.5, 0, 0],
						"1.6": [0, 0, 0]
					},
					"position": {
						"0.0": [0, 0, 0],
						"0.2": [0, 1.75, 0],
						"0.4": [0, 1.9, -2.5],
						"1.0": [0, 0.9, 0],
						"1.6": [0, 0, 0]
					}
				},
				"bone9": {
					"rotation": {
						"0.0": [0, 0, 0],
						"0.4": [-32.5, 0, 0],
						"1.0": [0, 0, 0],
						"1.6": [0, 0, 0]
					},
					"position": {
						"0.0": [0, 0, 0],
						"0.4": [0, 0, 0],
						"1.0": [0, 0, 0],
						"1.6": [0, 0, 0]
					}
				},
				"bone10": {
					"rotation": {
						"0.0": [0, 0, 0],
						"0.4": [-7.5, 0, 0],
						"1.0": [-7.5, 0, 0],
						"1.6": [0, 0, 0]
					},
					"position": {
						"0.0": [0, 0, 0],
						"0.4": [0, 0, 0],
						"1.6": [0, 0, 0]
					}
				}
			}
		},
		"animation.nasuto.casting": {
			"animation_length": 1.4,
			"bones": {
				"head": {
					"rotation": {
						"0.0": [0, 0, 0],
						"0.4": [30, 0, 0],
						"1.0": [30, 0, 0],
						"1.4": [0, 0, 0]
					},
					"position": {
						"0.0": [0, 0, 0],
						"1.4": [0, 0, 0]
					}
				}
			}
		},
		"animation.nasuto.look_at_target": {
			"loop": true
		},
		"animation.nasuto.stay": {
			"loop": true,
			"animation_length": 4,
			"bones": {
				"body": {
					"position": [0, -10, 0]
				},
				"head": {
					"rotation": {
						"0.0": [0, 0, 0],
						"2.0": [10, 0, 0],
						"4.0": [0, 0, 0]
					}
				},
				"leg1": {
					"rotation": [27.5, 0, 0],
					"position": [0, -9.95, -3]
				},
				"bone2": {
					"rotation": [30, 0, 0]
				},
				"bone3": {
					"rotation": [35, 0, 0],
					"position": [0, -1, 4]
				},
				"leg2": {
					"rotation": [27.5, 0, 0],
					"position": [0, -8.2, -3]
				},
				"bone5": {
					"rotation": [30, 0, 0],
					"position": [0, 0, 0]
				},
				"bone6": {
					"rotation": [35, 0, 0],
					"position": [0, -1, 4]
				},
				"leg3": {
					"rotation": [20, 0, 0],
					"position": [0, -8, 0]
				},
				"bone7": {
					"rotation": [-97.5, 0, 0],
					"position": [0, -1, -4]
				},
				"leg4": {
					"rotation": [20, 0, 0],
					"position": [0, -4, 0]
				},
				"bone9": {
					"rotation": [-97.5, 0, 0],
					"position": [0, -2, -4]
				}
			}
		}
	}
}