{
	"format_version": "1.8.0",
	"animations": {
		"animation.ptera.fly": {
			"loop": true,
			"animation_length": 2,
			"bones": {
				"body": {
					"rotation": [15, 0, 0],
					"position": {
						"0.0": [0, 0, 4],
						"0.48": [0, 4, 4],
						"1.0": [0, 0, 4],
						"1.48": [0, -4, 4],
						"2.0": [0, 0, 4]
					}
				},
				"leg1": {
					"rotation": {
						"0.0": [60, 0, 0],
						"1.0": [60, 0, 0],
						"2.0": [60, 0, 0]
					},
					"position": {
						"0.0": [0, 0, 0],
						"0.48": [0, 4, 0],
						"1.0": [0, 0, 0],
						"1.48": [0, -4, 0],
						"2.0": [0, 0, 0]
					}
				},
				"leg2": {
					"rotation": {
						"0.0": [60, 0, 0],
						"1.0": [60, 0, 0],
						"2.0": [60, 0, 0]
					},
					"position": {
						"0.0": [0, 0, 0],
						"0.48": [0, 4, 0],
						"1.0": [0, 0, 0],
						"1.48": [0, -4, 0],
						"2.0": [0, 0, 0]
					}
				},
				"wing1": {
					"rotation": {
						"0.0": [0, 0, 70],
						"0.48": [0, 0, 20],
						"1.0": [0, 0, 70],
						"1.48": [0, 0, 125],
						"2.0": [0, 0, 70]
					},
					"position": [0, -3, -1]
				},
				"wing1d": {
					"rotation": [-90, 0, 0],
					"position": [0, 5, 2]
				},
				"hand1": {
					"rotation": [0, 0, -72.5],
					"position": [-5, 8, 0]
				},
				"wing2": {
					"rotation": {
						"0.0": [0, 0, -70],
						"0.48": [0, 0, -20],
						"1.0": [0, 0, -70],
						"1.48": [0, 0, -125],
						"2.0": [0, 0, -70]
					},
					"position": [0, -3, -1]
				},
				"wing1d2": {
					"rotation": [-90, 0, 0],
					"position": [0, 5, 2]
				},
				"hand2": {
					"rotation": [0, 0, 70],
					"position": [5, 8, 0]
				},
				"leg_c1": {
					"rotation": [92.5, 0, 0]
				},
				"leg_c2": {
					"rotation": [92.5, 0, 0]
				}
			}
		},
		"animation.ptera.idle": {
			"loop": true,
			"animation_length": 4,
			"bones": {
				"Neck1": {
					"rotation": {
						"0.0": [0, 0, 0],
						"2.0": [10, 0, 0],
						"4.0": [0, 0, 0]
					}
				},
				"head": {
					"rotation": {
						"0.0": [0, 0, 0],
						"2.0": [12.5, 0, 0],
						"4.0": [0, 0, 0]
					}
				}
			}
		},
		"animation.ptera.stay": {
			"loop": true,
			"bones": {
				"neck": {
					"rotation": [-7.5, 0, 0]
				},
				"head": {
					"rotation": [27.5, 0, 0],
					"position": [0, 0, 0]
				}
			}
		},
		"animation.ptera.floor_attack": {
			"animation_length": 2.08,
			"bones": {
				"body": {
					"rotation": {
						"0.0": [0, 0, 0],
						"0.8": [-15, 0, 0],
						"1.04": [5.31, 0, 0],
						"2.08": [0, 0, 0]
					}
				},
				"neck": {
					"rotation": {
						"0.0": [0, 0, 0],
						"0.8": [-22.5, 0, 0],
						"1.04": [32.5, 0, 0],
						"2.08": [0, 0, 0]
					}
				},
				"head": {
					"rotation": {
						"0.0": [0, 0, 0],
						"0.8": [-10, 0, 0],
						"1.04": [7.5, 0, 0],
						"2.04": [0, 0, 0]
					}
				},
				"bone3": {
					"rotation": {
						"0.0": [0, 0, 0],
						"0.8": [17.5, 0, 0],
						"1.0": [0, 0, 0],
						"2.08": [0, 0, 0]
					}
				}
			}
		},
		"animation.ptera.fly_attack": {
			"animation_length": 2.08,
			"bones": {
				"body": {
					"rotation": [15, 0, 0],
					"position": [0, 0, 4]
				},
				"neck": {
					"rotation": {
						"0.0": [0, 0, 0],
						"0.8": [35, 0, 0],
						"0.96": [22.5, 0, 0],
						"2.08": [0, 0, 0]
					},
					"position": {
						"0.0": [0, 0, 0],
						"0.8": [0, 0, -1],
						"0.96": [0, 0, 0],
						"2.08": [0, 0, 0]
					}
				},
				"head": {
					"rotation": {
						"0.0": [0, 0, 0],
						"0.64": [4.5, 0, 0],
						"0.8": [40, 0, 0],
						"0.96": [20, 0, 0],
						"1.16": [7.8, 0, 0],
						"2.08": [0, 0, 0]
					}
				},
				"bone3": {
					"rotation": {
						"0.0": [0, 0, 0],
						"0.8": [10, 0, 0],
						"0.96": [0, 0, 0],
						"2.08": [0, 0, 0]
					}
				},
				"leg1": {
					"rotation": [60, 0, 0],
					"position": [0, 0, 0]
				},
				"leg_c1": {
					"rotation": [92.5, 0, 0]
				},
				"leg2": {
					"rotation": [60, 0, 0],
					"position": [0, 0, 0]
				},
				"leg_c2": {
					"rotation": [92.5, 0, 0]
				},
				"wing1": {
					"rotation": [0, 0, 70],
					"position": [0, -3, -1]
				},
				"wing1d": {
					"rotation": [-90, 0, 0],
					"position": [0, 5, 2]
				},
				"hand1": {
					"rotation": [0, 0, -72.5],
					"position": [-5, 8, 0]
				},
				"wing2": {
					"rotation": [0, 0, -70],
					"position": [0, -3, -1]
				},
				"wing1d2": {
					"rotation": [-90, 0, 0],
					"position": [0, 5, 2]
				},
				"hand2": {
					"rotation": [0, 0, 70],
					"position": [5, 8, 0]
				}
			}
		},
		"animation.ptera.look_at_target": {
			"loop": true,
			"bones": {
				"head": {
					"rotation": ["query.target_x_rotation", "query.target_y_rotation", 0]
				}
			}
		},
		"animation.ptera.move": {
			"loop": true,
			"animation_length": 1.6,
			"bones": {
				"neck": {
					"rotation": {
						"0.0": [0, 0, 0],
						"0.8": [-10, 0, 0],
						"1.6": [0, 0, 0]
					}
				},
				"head": {
					"rotation": {
						"0.0": [10, 0, 0],
						"0.8": [5, 0, 0],
						"1.6": [10, 0, 0]
					}
				},
				"leg1": {
					"rotation": {
						"0.0": [35, 0, 0],
						"0.2": [-30, 0, 0],
						"0.8": [-35, 0, 0],
						"1.0": [-17.5, 0, 0],
						"1.2": [0, 0, 0],
						"1.4": [17.5, 0, 0],
						"1.6": [35, 0, 0]
					},
					"position": {
						"0.0": [0, -4, 0],
						"0.08": [0, 0.72, 0],
						"0.2": [0, -0.19, 0],
						"0.8": [0, -0.5, 0],
						"1.0": [0, 0.69, 0],
						"1.2": [0, 0.38, 0],
						"1.4": [0, -0.93, 0],
						"1.6": [0, -4, 0]
					}
				},
				"leg_b1": {
					"rotation": [20, 0, 0]
				},
				"leg_c1": {
					"rotation": {
						"0.0": [-51.25, 0, 0],
						"0.08": [-30.58, 0, 0],
						"0.6": [10, 0, 0],
						"0.8": [15, 0, 0],
						"1.2": [-20, 0, 0],
						"1.4": [-35, 0, 0],
						"1.6": [-51.25, 0, 0]
					}
				},
				"leg2": {
					"rotation": {
						"0.0": [-35, 0, 0],
						"0.2": [-17.5, 0, 0],
						"0.4": [0, 0, 0],
						"0.6": [17.5, 0, 0],
						"0.8": [35, 0, 0],
						"1.0": [-30, 0, 0],
						"1.6": [-35, 0, 0]
					},
					"position": {
						"0.0": [0, -0.5, 0],
						"0.2": [0, 0.69, 0],
						"0.4": [0, 0.38, 0],
						"0.6": [0, -0.93, 0],
						"0.8": [0, -4, 0],
						"0.88": [0, 0.72, 0],
						"1.0": [0, -0.19, 0],
						"1.6": [0, -0.5, 0]
					}
				},
				"leg_b2": {
					"rotation": [20, 0, 0]
				},
				"leg_c2": {
					"rotation": {
						"0.0": [15, 0, 0],
						"0.4": [-20, 0, 0],
						"0.6": [-35, 0, 0],
						"0.8": [-51.25, 0, 0],
						"0.88": [-30.58, 0, 0],
						"1.4": [10, 0, 0],
						"1.6": [15, 0, 0]
					}
				},
				"wing1": {
					"rotation": {
						"0.0": [0, 0, 0],
						"0.4": [60, 0, 0],
						"0.8": [0, 0, 0],
						"1.2": [-60, 0, 0],
						"1.6": [0, 0, 0]
					}
				},
				"wing2": {
					"rotation": {
						"0.0": [0, 0, 0],
						"0.4": [60, 0, 0],
						"0.8": [0, 0, 0],
						"1.2": [-60, 0, 0],
						"1.6": [0, 0, 0]
					}
				}
			}
		}
	}
}