{
	"format_version": "1.8.0",
	"animations": {
		"animation.sino.move": {
			"loop": true,
			"animation_length": 1.6,
			"bones": {
				"leg1": {
					"rotation": {
						"0.0": [-30, 0, 0],
						"0.4": [30, 0, 0],
						"0.8": [-30, 0, 0],
						"1.2": [30, 0, 0],
						"1.6": [-30, 0, 0]
					},
					"position": {
						"0.0": [0, -1, -6],
						"0.4": [0, 1, 6],
						"0.8": [0, -1, -6],
						"1.2": [0, 1, 6],
						"1.6": [0, -1, -6]
					}
				},
				"bone3": {
					"rotation": {
						"0.0": [30, 0, 0],
						"0.4": [0, 0, 0],
						"0.8": [30, 0, 0],
						"1.2": [0, 0, 0],
						"1.6": [30, 0, 0]
					},
					"position": {
						"0.0": [0, -2.75, 1],
						"0.4": [0, 0, 0],
						"0.8": [0, -2.75, 1],
						"1.2": [0, 0, 0],
						"1.6": [0, -2.75, 1]
					}
				},
				"leg2": {
					"rotation": {
						"0.0": [30, 0, 0],
						"0.4": [-30, 0, 0],
						"0.8": [30, 0, 0],
						"1.2": [-30, 0, 0],
						"1.6": [30, 0, 0]
					},
					"position": {
						"0.0": [0, 1, 6],
						"0.4": [0, -1, -6],
						"0.8": [0, 1, 6],
						"1.2": [0, -1, -6],
						"1.6": [0, 1, 6]
					}
				},
				"bone6": {
					"rotation": {
						"0.0": [0, 0, 0],
						"0.4": [30, 0, 0],
						"0.8": [0, 0, 0],
						"1.2": [30, 0, 0],
						"1.6": [0, 0, 0]
					},
					"position": {
						"0.0": [0, 0, 0],
						"0.4": [0, -2.75, 1],
						"0.8": [0, 0, 0],
						"1.2": [0, -2.75, 1],
						"1.6": [0, 0, 0]
					}
				},
				"body": {
					"rotation": {
						"0.0": [0, 0, 0],
						"0.4": [5, 0, 0],
						"0.8": [0, 0, 0],
						"1.2": [5, 0, 0],
						"1.6": [0, 0, 0]
					},
					"position": {
						"0.0": [0, 0, 0],
						"0.4": [0, 0, 1],
						"0.8": [0, 0, 0],
						"1.2": [0, 0, 1],
						"1.6": [0, 0, 0]
					}
				},
				"leg3": {
					"rotation": {
						"0.0": [20, 0, 0],
						"0.4": [-20, 0, 0],
						"0.8": [20, 0, 0],
						"1.2": [-20, 0, 0],
						"1.6": [20, 0, 0]
					},
					"position": {
						"0.0": [0, 0, -1],
						"0.4": [0, 0, 0],
						"0.8": [0, 0, -1],
						"1.2": [0, 0, 0],
						"1.6": [0, 0, -1]
					}
				},
				"bone8": {
					"rotation": {
						"0.0": [0, 0, 0],
						"0.4": [20, 0, 0],
						"0.8": [0, 0, 0],
						"1.2": [20, 0, 0],
						"1.6": [0, 0, 0]
					},
					"position": {
						"0.0": [0, 0, 0],
						"0.4": [0, 0.25, 0.5],
						"0.8": [0, 0, 0],
						"1.2": [0, 0.25, 0.5],
						"1.6": [0, 0, 0]
					}
				},
				"leg4": {
					"rotation": {
						"0.0": [-20, 0, 0],
						"0.4": [20, 0, 0],
						"0.8": [-20, 0, 0],
						"1.2": [20, 0, 0],
						"1.6": [-20, 0, 0]
					},
					"position": {
						"0.0": [0, 0, 0],
						"0.4": [0, 0, -1],
						"0.8": [0, 0, 0],
						"1.2": [0, 0, -1],
						"1.6": [0, 0, 0]
					}
				},
				"bone10": {
					"rotation": {
						"0.0": [20, 0, 0],
						"0.4": [0, 0, 0],
						"0.8": [20, 0, 0],
						"1.2": [0, 0, 0],
						"1.6": [20, 0, 0]
					},
					"position": {
						"0.0": [0, 0.25, 0.5],
						"0.4": [0, 0, 0],
						"0.8": [0, 0.25, 0.5],
						"1.2": [0, 0, 0],
						"1.6": [0, 0.25, 0.5]
					}
				},
				"tail1": {
					"rotation": {
						"0.0": [0, 0, 0],
						"0.4": [0, -12.5, 0],
						"0.8": [0, 0, 0],
						"1.2": [0, 12.5, 0],
						"1.6": [0, 0, 0]
					},
					"position": {
						"0.0": [0, 0, 0],
						"0.4": [2, 0, 0],
						"0.8": [0, 0, 0],
						"1.2": [-2, 0, 0],
						"1.6": [0, 0, 0]
					}
				},
				"bone12": {
					"rotation": {
						"0.0": [0, 0, 0],
						"0.4": [0, -12.5, 0],
						"0.8": [0, 0, 0],
						"1.2": [0, 12.5, 0],
						"1.6": [0, 0, 0]
					},
					"position": {
						"0.0": [0, 0, 0],
						"0.4": [2, 0, 0],
						"0.8": [0, 0, 0],
						"1.2": [-2, 0, 0],
						"1.6": [0, 0, 0]
					}
				},
				"bone14": {
					"rotation": {
						"0.0": [0, 0, 0],
						"0.4": [0, -12.5, 0],
						"0.8": [0, 0, 0],
						"1.2": [0, 12.5, 0],
						"1.6": [0, 0, 0]
					},
					"position": {
						"0.0": [0, 0, 0],
						"0.4": [6, 0, 0],
						"0.8": [0, 0, 0],
						"1.2": [-6, 0, 0],
						"1.6": [0, 0, 0]
					}
				},
				"neck": {
					"rotation": {
						"0.0": [0, 0, 0],
						"0.4": [5, 0, 0],
						"0.8": [0, 0, 0],
						"1.2": [5, 0, 0],
						"1.6": [0, 0, 0]
					},
					"position": {
						"0.0": [0, 0, 0],
						"0.4": [0, 0, 1],
						"0.8": [0, 0, 0],
						"1.2": [0, 0, 1],
						"1.6": [0, 0, 0]
					}
				}
			}
		},
		"animation.sino.idle": {
			"loop": true,
			"animation_length": 4,
			"bones": {
				"body": {
					"rotation": {
						"0.0": [0, 0, 0],
						"2.0": [5, 0, 0],
						"4.0": [0, 0, 0]
					},
					"position": {
						"0.0": [0, 0, 0],
						"2.0": [0, 0, 1],
						"4.0": [0, 0, 0]
					}
				},
				"bone12": {
					"rotation": {
						"0.0": [0, 0, 0],
						"2.0": [-2.5, 0, 0],
						"4.0": [0, 0, 0]
					},
					"position": {
						"0.0": [0, 0, 0],
						"2.0": [0, 0.5, 0],
						"4.0": [0, 0, 0]
					}
				},
				"bone13": {
					"rotation": {
						"0.0": [0, 0, 0],
						"2.0": [-2.5, 0, 0],
						"4.0": [0, 0, 0]
					},
					"position": {
						"0.0": [0, 0, 0],
						"2.0": [0, 0.5, 0],
						"4.0": [0, 0, 0]
					}
				},
				"bone14": {
					"rotation": {
						"0.0": [0, 0, 0],
						"2.0": [-2.5, 0, 0],
						"4.0": [0, 0, 0]
					},
					"position": {
						"0.0": [0, 0, 0],
						"2.0": [0, 0.5, 0],
						"4.0": [0, 0, 0]
					}
				},
				"neck": {
					"rotation": {
						"0.0": [0, 0, 0],
						"2.0": [5, 0, 0],
						"4.0": [0, 0, 0]
					},
					"position": {
						"0.0": [0, 0, 0],
						"2.0": [0, 0, 1],
						"4.0": [0, 0, 0]
					}
				}
			}
		},
		"animation.sino.attack": {
			"animation_length": 1.28,
			"bones": {
				"body": {
					"rotation": {
						"0.0": [0, 0, 0],
						"0.4": [5, 0, 0],
						"0.64": [0, 0, 0]
					},
					"position": {
						"0.0": [0, 0, 0],
						"0.4": [0, 0, 1],
						"0.64": [0, 0, -1]
					}
				},
				"leg3": {
					"rotation": {
						"0.0": [0, 0, 0],
						"0.4": [20, 0, 0]
					},
					"position": {
						"0.0": [0, 0, 0],
						"0.4": [0, -1.25, 0]
					}
				},
				"bone7": {
					"rotation": {
						"0.0": [0, 0, 0],
						"0.4": [-40, 0, 0]
					},
					"position": {
						"0.0": [0, 0, 0],
						"0.4": [0, 2, -6]
					}
				},
				"bone8": {
					"rotation": {
						"0.0": [0, 0, 0],
						"0.4": [20, 0, 0]
					},
					"position": {
						"0.0": [0, 0, 0],
						"0.4": [0, 0.5, 0.25]
					}
				},
				"leg4": {
					"rotation": {
						"0.0": [0, 0, 0],
						"0.4": [20, 0, 0]
					},
					"position": {
						"0.0": [0, 0, 0],
						"0.4": [0, -1.25, 0]
					}
				},
				"bone9": {
					"rotation": {
						"0.0": [0, 0, 0],
						"0.4": [-40, 0, 0]
					},
					"position": {
						"0.0": [0, 0, 0],
						"0.4": [0, 2, -6]
					}
				},
				"bone10": {
					"rotation": {
						"0.0": [0, 0, 0],
						"0.4": [20, 0, 0]
					},
					"position": {
						"0.0": [0, 0, 0],
						"0.4": [0, 0.5, 0.25]
					}
				},
				"neck": {
					"rotation": {
						"0.0": [0, 0, 0],
						"0.4": [-2.5, 0, 0],
						"0.64": [0, 0, 0]
					},
					"position": {
						"0.0": [0, 0, 0],
						"0.4": [0, -2, -2],
						"0.64": [0, 0, -1]
					}
				},
				"head": {
					"rotation": {
						"0.0": [0, 0, 0],
						"0.4": [0, 0, 0],
						"0.64": [20, 0, 0],
						"1.0": [-15, 0, 0],
						"1.28": [0, 0, 0]
					},
					"position": {
						"0.0": [0, 0, 0],
						"0.4": [0, 0, 0],
						"0.64": [0, 0, 1],
						"1.28": [0, 0, 0]
					}
				}
			}
		},
		"animation.sino.stay": {
			"loop": true,
			"animation_length": 8,
			"bones": {
				"leg1": {
					"rotation": [0, 0, 0],
					"position": [0, -10, 0]
				},
				"bone": {
					"rotation": [67.5, 0, 0],
					"position": [0, 7, 18]
				},
				"leg2": {
					"rotation": [0, 0, 0],
					"position": [0, -10, 0]
				},
				"bone4": {
					"rotation": [67.5, 0, 0],
					"position": [0, 7, 18]
				},
				"body": {
					"position": [0, -12, 0]
				},
				"leg3": {
					"position": [0, -10, 0]
				},
				"bone7": {
					"rotation": [-85, 0, 0],
					"position": [0, 10, -13]
				},
				"leg4": {
					"position": [0, -10, 0]
				},
				"bone9": {
					"rotation": [-85, 0, 0],
					"position": [0, 10, -13]
				},
				"neck": {
					"rotation": {
						"0.0": [0, 0, 0],
						"1.0": [-5, 0, 0],
						"2.0": [0, 0, 0],
						"3.0": [-5, 0, 0],
						"4.0": [0, 0, 0],
						"5.0": [-5, 0, 0],
						"6.0": [0, 0, 0],
						"7.0": [-5, 0, 0],
						"8.0": [0, 0, 0]
					},
					"position": {
						"0.0": [0, -11, 0],
						"1.0": [0, -13, -2],
						"2.0": [0, -11, 0],
						"3.0": [0, -13, -2],
						"4.0": [0, -11, 0],
						"5.0": [0, -13, -2],
						"6.0": [0, -11, 0],
						"7.0": [0, -13, -2],
						"8.0": [0, -11, 0]
					}
				}
			}
		},
		"animation.sino.look_at_target": {
			"loop": true,
			"bones": {
				"head": {
					"rotation": ["query.target_x_rotation", "query.target_y_rotation", 0]
				}
			}
		},
		"animation.sino.casting": {
			"animation_length": 0.96,
			"bones": {
				"head": {
					"rotation": {
						"0.0": [0, 0, 0],
						"0.32": [0, 0, 10],
						"0.64": [0, 0, -10],
						"0.96": [0, 0, 0]
					},
					"position": {
						"0.0": [0, 0, 0],
						"0.96": [0, 0, 0]
					}
				}
			}
		}
	}
}
