{
	"format_version": "1.8.0",
	"animations": {
		"animation.sucho.idle": {
			"loop": true,
			"animation_length": 4,
			"bones": {
				"body": {
					"rotation": {
						"0.0": [0, 0, 0],
						"2.0": [10, 0, 0],
						"4.0": [0, 0, 0]
					}
				},
				"Tail2": {
					"rotation": {
						"0.0": [0, 12.5, 0],
						"2.0": [0, -12.5, 0],
						"4.0": [0, 12.5, 0]
					}
				},
				"Tail4": {
					"rotation": {
						"0.0": [0, 12.5, 0],
						"2.0": [0, -12.5, 0],
						"4.0": [0, 12.5, 0]
					}
				},
				"Tail6": {
					"rotation": {
						"0.0": [0, 12.5, 0],
						"2.0": [0, -12.5, 0],
						"4.0": [0, 12.5, 0]
					}
				}
			}
		},
		"animation.sucho.move": {
			"loop": true,
			"animation_length": 1.6,
			"bones": {
				"leg2": {
					"rotation": {
						"0.0": [30, 0, 0],
						"0.8": [-30, 0, 0],
						"1.6": [30, 0, 0]
					},
					"position": {
						"0.0": [0, -6.7, 0],
						"0.6": [0, -2.26, 0],
						"0.68": [0, -0.41, 0],
						"0.76": [0, -0.22, 0],
						"0.8": [0, -0.85, 0],
						"1.0": [0, 0.45, 0],
						"1.2": [0, -0.4, 0],
						"1.32": [0, -2, 0],
						"1.44": [0, -3.33, 0],
						"1.6": [0, -6.5, 0]
					}
				},
				"leg1a2": {
					"rotation": {
						"0.0": [5, 0, 0],
						"0.4": [50, 0, 0],
						"0.8": [0, 0, 0],
						"1.6": [5, 0, 0]
					},
					"position": {
						"0.0": [0, 0, 0],
						"0.4": [0, 1.1, 3],
						"0.6": [0, 1.55, 1.25],
						"0.8": [0, 0, 0],
						"1.6": [0, 0, 0]
					}
				},
				"leg1b2": {
					"rotation": {
						"0.0": [0, 0, 0],
						"1.2": [-7.5, 0, 0]
					},
					"position": [0, 0, -0.5]
				},
				"leg1c2": {
					"rotation": {
						"0.0": [-34.17, 0, 0],
						"0.4": [6.42, 0, 0],
						"0.6": [-6.79, 0, 0],
						"0.8": [35, 0, 0],
						"1.2": [5, 0, 0],
						"1.32": [-4.5, 0, 0],
						"1.6": [-26.67, 0, 0]
					},
					"position": {
						"0.0": [0, -3.85, 3.5],
						"0.4": [0, 0, -1],
						"0.6": [0, -0.3, 1],
						"0.8": [0, 0.85, -5],
						"1.08": [0, 0.45, -1.5],
						"1.2": [0, 0, 0],
						"1.32": [0, -0.25, 0.21],
						"1.52": [0, -1.35, 2.17],
						"1.6": [0, -2.35, 2.95]
					}
				},
				"leg1": {
					"rotation": {
						"0.0": [-30, 0, 0],
						"0.8": [30, 0, 0],
						"1.6": [-30, 0, 0]
					},
					"position": {
						"0.0": [0, 0.25, 0],
						"0.2": [0, 0.4, 0],
						"0.32": [0, -0.1, 0],
						"0.4": [0, -0.9, 0],
						"0.52": [0, -2.2, 0],
						"0.8": [0, -7.3, 0],
						"1.12": [0, -1.6, 0],
						"1.32": [0, -1.29, 0],
						"1.4": [0, 0.27, 0],
						"1.48": [0, 1.13, 0],
						"1.6": [0, 0.25, 0]
					}
				},
				"leg1a": {
					"rotation": {
						"0.0": [5, 0, 0],
						"0.8": [5, 0, 0],
						"1.2": [45, 0, 0],
						"1.6": [5, 0, 0]
					},
					"position": {
						"0.0": [0, 0, 0],
						"0.8": [0, 0, 0],
						"1.2": [0, -0.8, 2],
						"1.6": [0, 0, 0]
					}
				},
				"leg1b": {
					"rotation": {
						"0.0": [0, 0, 0],
						"0.36": [-7.5, 0, 0],
						"0.88": [-12.5, 0, 0],
						"1.6": [0, 0, 0]
					}
				},
				"leg1c": {
					"rotation": {
						"0.0": [25, 0, 0],
						"0.4": [2.5, 0, 0],
						"0.52": [-4.5, 0, 0],
						"0.8": [-22.67, 0, 0],
						"1.12": [-0.15, 0, 0],
						"1.32": [-18.58, 0, 0],
						"1.48": [7.04, 0, 0],
						"1.6": [25, 0, 0]
					},
					"position": {
						"0.0": [0, 1, -4],
						"0.4": [0, 0, 0],
						"0.52": [0, -0.25, 0.46],
						"0.8": [0, -1.5, 3.2],
						"1.12": [0, -0.9, 0.42],
						"1.32": [0, -2.28, 2.25],
						"1.48": [0, -0.23, -0.86],
						"1.6": [0, 1, -4]
					}
				},
				"body": {
					"rotation": {
						"0.0": [0, 0, 0],
						"0.4": [7.5, 0, 0],
						"0.8": [0, 0, 0],
						"1.2": [7.5, 0, 0],
						"1.6": [0, 0, 0]
					},
					"position": {
						"0.0": [0, 0, 0],
						"0.4": [0, 0, 0],
						"0.8": [0, 0, 0],
						"1.2": [0, 0, 0],
						"1.6": [0, 0, 0]
					}
				},
				"arm1": {
					"rotation": {
						"0.0": [0, 0, 0],
						"0.4": [22.5, 0, 0],
						"0.8": [0, 0, 0],
						"1.2": [22.5, 0, 0],
						"1.6": [0, 0, 0]
					}
				},
				"arm2": {
					"rotation": {
						"0.0": [0, 0, 0],
						"0.4": [22.5, 0, 0],
						"0.8": [0, 0, 0],
						"1.2": [22.5, 0, 0],
						"1.6": [0, 0, 0]
					}
				},
				"Tail1": {
					"rotation": {
						"0.0": [0, 0, 0],
						"0.4": [5, -15, 0],
						"0.8": [0, 0, 0],
						"1.2": [5, 15, 0],
						"1.6": [0, -5, 0]
					}
				},
				"Tail3": {
					"rotation": {
						"0.0": [0, 0, 0],
						"0.4": [5, -15, 0],
						"0.8": [0, 0, 0],
						"1.2": [5, 15, 0],
						"1.6": [0, -5, 0]
					}
				},
				"Tail5": {
					"rotation": {
						"0.0": [0, 0, 0],
						"0.4": [5, -15, 0],
						"0.8": [0, 0, 0],
						"1.2": [5, 15, 0],
						"1.6": [0, -5, 0]
					}
				}
			}
		},
		"animation.sucho.attack": {
			"animation_length": 1.6,
			"bones": {
				"body": {
					"rotation": {
						"0.0": [0, 0, 0],
						"0.6": [20, 0, 0],
						"1.0": [20, 0, 0],
						"1.6": [0, 0, 0]
					},
					"position": {
						"0.0": [0, 0, 0],
						"0.6": [0, 2, 0],
						"1.0": [0, 2, 0],
						"1.6": [0, 0, 0]
					}
				},
				"head": {
					"rotation": {
						"0.0": [0, 0, 0],
						"0.8": [0, 0, 0]
					},
					"position": {
						"0.0": [0, 0, 0],
						"0.8": [0, 0, 0]
					}
				},
				"jaw": {
					"rotation": {
						"0.4": [0, 0, 0],
						"0.68": [55, 0, 0],
						"0.92": [0, 0, 0]
					},
					"position": {
						"0.4": [0, 0, 0],
						"0.68": [0, -2.75, 0],
						"0.92": [0, 0, 0]
					}
				},
				"Tail1": {
					"rotation": {
						"0.0": [0, 0, 0],
						"0.2": [-5, 0, 0],
						"0.6": [5, 0, 0],
						"0.8": [0, 0, 0]
					}
				},
				"Tail2": {
					"rotation": {
						"0.0": [0, 0, 0],
						"0.2": [-5, 0, 0],
						"0.6": [5, 0, 0],
						"0.8": [0, 0, 0]
					}
				},
				"Tail4": {
					"rotation": {
						"0.0": [0, 0, 0],
						"0.2": [-5, 0, 0],
						"0.6": [5, 0, 0],
						"0.8": [0, 0, 0]
					}
				},
				"Tail6": {
					"rotation": {
						"0.0": [0, 0, 0],
						"0.2": [-5, 0, 0],
						"0.6": [5, 0, 0],
						"0.8": [0, 0, 0]
					}
				}
			}
		},
		"animation.sucho.roar": {
			"animation_length": 3,
			"bones": {
				"body": {
					"rotation": {
						"0.0": [0, 0, 0],
						"0.52": [-15, 0, 0],
						"2.52": [-15, 0, 0],
						"3.0": [0, 0, 0]
					},
					"position": {
						"0.0": [0, 0, 0],
						"0.52": [0, 0, 0],
						"2.52": [0, 0, 0],
						"3.0": [0, 0, 0]
					}
				},
				"arm1": {
					"rotation": {
						"0.0": [0, 0, 0],
						"0.52": [-37.5, 0, 0],
						"2.52": [-37.5, 0, 0],
						"3.0": [0, 0, 0]
					},
					"position": {
						"0.0": [0, 0, 0],
						"0.52": [0, 0, 0],
						"2.52": [0, 0, 0],
						"3.0": [0, 0, 0]
					}
				},
				"arm2": {
					"rotation": {
						"0.0": [0, 0, 0],
						"0.52": [-37.5, 0, 0],
						"2.52": [-37.5, 0, 0],
						"3.0": [0, 0, 0]
					},
					"position": {
						"0.0": [0, 0, 0],
						"0.52": [0, 0, 0],
						"2.52": [0, 0, 0],
						"3.0": [0, 0, 0]
					}
				},
				"head": {
					"rotation": {
						"0.0": [0, 0, 0],
						"0.52": [17.5, 0, 0],
						"2.52": [17.5, 0, 0],
						"3.0": [0, 0, 0]
					},
					"position": {
						"0.0": [0, 0, 0],
						"0.52": [0, 0, -0.4],
						"2.52": [0, 0, -0.4],
						"3.0": [0, 0, 0]
					}
				},
				"jaw": {
					"rotation": {
						"0.0": [0, 0, 0],
						"0.52": [42.5, 0, 0],
						"2.48": [42.5, 0, 0],
						"2.96": [0, 0, 0]
					},
					"position": {
						"0.0": [0, 0, 0],
						"0.52": [0, -2, -0.25],
						"2.48": [0, -2, -0.25],
						"2.96": [0, 0, 0]
					}
				},
				"Tail1": {
					"rotation": {
						"0.0": [0, 0, 0],
						"0.52": [2.5, 5, 0],
						"1.0": [5, 0, 0],
						"2.52": [2.5, -5, 0],
						"3.0": [0, 0, 0]
					}
				},
				"Tail3": {
					"rotation": {
						"0.0": [0, 0, 0],
						"0.52": [2.5, 5, 0],
						"1.0": [5, 0, 0],
						"2.52": [2.5, -5, 0],
						"3.0": [0, 0, 0]
					}
				},
				"Tail5": {
					"rotation": {
						"0.0": [0, 0, 0],
						"0.52": [2.5, 5, 0],
						"1.0": [5, 0, 0],
						"2.52": [2.5, -5, 0],
						"3.0": [0, 0, 0]
					}
				},
				"Tail7": {
					"rotation": {
						"0.0": [0, 0, 0],
						"0.52": [2.5, 5, 0],
						"1.0": [5, 0, 0],
						"2.52": [2.5, -5, 0],
						"3.0": [0, 0, 0]
					}
				}
			}
		},
		"animation.sucho.look_at_target": {
			"loop": true
		},
		"animation.sucho.stay": {
			"loop": true,
			"animation_length": 4,
			"bones": {
				"leg2": {
					"rotation": [-50, 0, 0],
					"position": [0, -8, 0]
				},
				"leg1a2": {
					"rotation": [57.5, 0, 0],
					"position": [0, 7, 8]
				},
				"leg1b2": {
					"rotation": [-75, 0, 0],
					"position": [0, -8, 5]
				},
				"leg1c2": {
					"rotation": [67.5, 0, 0],
					"position": [0, -2, -10]
				},
				"leg1": {
					"rotation": [-50, 0, 0],
					"position": [0, -8, 0]
				},
				"leg1a": {
					"rotation": [57.5, 0, 0],
					"position": [0, 7, 8]
				},
				"leg1b": {
					"rotation": [-75, 0, 0],
					"position": [0, -8, 5]
				},
				"leg1c": {
					"rotation": [67.5, 0, 0],
					"position": [0, -2, -10]
				},
				"body": {
					"position": [0, -12, 0]
				},
				"arm1": {
					"rotation": [-50, 0, 0],
					"position": [0, 0.25, 3]
				},
				"arm2": {
					"rotation": [-50, 0, 0],
					"position": [0, 0.25, 3]
				},
				"neck": {
					"rotation": {
						"0.0": [0, 0, 0],
						"2.0": [-10, 0, 0],
						"4.0": [0, 0, 0]
					},
					"position": {
						"0.0": [0, 0, 0],
						"4.0": [0, 0, 0]
					}
				},
				"head": {
					"rotation": {
						"0.0": [0, 0, 0],
						"2.0": [17.5, 0, 0],
						"4.0": [0, 0, 0]
					}
				},
				"Tail1": {
					"rotation": [-5, 0, 0]
				},
				"Tail3": {
					"rotation": [-2.5, 0, 0]
				},
				"Tail5": {
					"rotation": [2.5, 0, 0]
				}
			}
		},
		"animation.sucho.swin": {
			"loop": true,
			"animation_length": 1.6,
			"bones": {
				"leg2": {
					"rotation": {
						"0.0": [70, 5, 0],
						"0.8": [52.5, 5, 0],
						"1.6": [70, 5, 0]
					},
					"position": {
						"0.0": [0, -32, 7],
						"0.8": [0, -32, 7],
						"1.6": [0, -32, 7]
					}
				},
				"leg1": {
					"rotation": {
						"0.0": [52.5, 5, 0],
						"0.8": [70, 5, 0],
						"1.6": [52.5, 5, 0]
					},
					"position": {
						"0.0": [0, -32, 7],
						"0.8": [0, -32, 7],
						"1.6": [0, -32, 7]
					}
				},
				"body": {
					"rotation": {
						"0.0": [0, 0, 0],
						"0.4": [0, -10, 0],
						"0.8": [0, 0, 0],
						"1.2": [0, 10, 0],
						"1.6": [0, 0, 0]
					},
					"position": {
						"0.0": [0, -25, 0],
						"0.4": [2, -25, 0],
						"0.8": [0, -25, 0],
						"1.2": [-2, -25, 0],
						"1.6": [0, -25, 0]
					}
				},
				"bone8": {
					"rotation": {
						"0.0": [0, 0, 0],
						"0.4": [0, 10, 0],
						"0.8": [0, 0, 0],
						"1.2": [0, -10, 0],
						"1.6": [0, 0, 0]
					},
					"position": {
						"0.0": [0, 0, 0],
						"0.4": [0, 0, 0],
						"0.8": [0, 0, 0],
						"1.2": [0, 0, 1.5],
						"1.6": [0, 0, 0]
					}
				},
				"arm1": {
					"rotation": [30, 0, 0]
				},
				"arm2": {
					"rotation": [30, 0, 0]
				},
				"neck": {
					"rotation": [2.5, 0, 0]
				},
				"bone": {
					"rotation": [25, 0, 0],
					"position": [0, 0, -4]
				},
				"head": {
					"rotation": [-25, 0, 0],
					"position": [0, 0, 2]
				},
				"Tail1": {
					"rotation": {
						"0.0": [0, 0, 0],
						"0.4": [0, -12.5, 0],
						"0.8": [0, 0, 0],
						"1.2": [0, 12.5, 0],
						"1.6": [0, 0, 0]
					},
					"position": {
						"0.0": [0, 0, 0],
						"0.4": [0, 0, -1],
						"0.8": [0, 0, 0],
						"1.2": [0, 0, -1],
						"1.6": [0, 0, 0]
					}
				},
				"Tail3": {
					"rotation": {
						"0.0": [0, 0, 0],
						"0.4": [0, -12.5, 0],
						"0.8": [0, 0, 0],
						"1.2": [0, 12.5, 0],
						"1.6": [0, 0, 0]
					},
					"position": {
						"0.0": [0, 0, 0],
						"0.4": [0, 0, -1],
						"0.8": [0, 0, 0],
						"1.2": [0, 0, -1],
						"1.6": [0, 0, 0]
					}
				},
				"Tail5": {
					"rotation": {
						"0.0": [0, 0, 0],
						"0.4": [0, -12.5, 0],
						"0.8": [0, 0, 0],
						"1.2": [0, 12.5, 0],
						"1.6": [0, 0, 0]
					},
					"position": {
						"0.0": [0, 0, 0],
						"0.4": [0, 0, -1],
						"0.8": [0, 0, 0],
						"1.2": [0, 0, -1],
						"1.6": [0, 0, 0]
					}
				}
			}
		}
	}
}