{
	"format_version": "1.8.0",
	"animations": {
		"animation.raptor_masranii.move": {
			"loop": true,
			"animation_length": 1.6,
			"bones": {
				"leg1": {
					"rotation": {
						"0.0": [-27.5, 0, 0],
						"0.2": [-13.75, 0, 0],
						"0.4": [0, 0, 0],
						"0.6": [13.75, 0, 0],
						"0.8": [27.5, 0, 0],
						"1.0": [0, 0, 0],
						"1.2": [-27.5, 0, 0],
						"1.4": [-27.5, 0, 0],
						"1.6": [-27.5, 0, 0]
					},
					"position": {
						"0.0": [0, -1.8, 0],
						"0.2": [0, -0.42, -0.25],
						"0.4": [0, -0.46, -0.5],
						"0.6": [0, -1.58, -0.75],
						"0.8": [0, -4.3, -1],
						"1.0": [0, -0.67, -0.75],
						"1.2": [0, -1.54, -0.5],
						"1.4": [0, -2.42, -0.25],
						"1.6": [0, -1.8, 0]
					}
				},
				"bone": {
					"rotation": {
						"0.0": [0, 0, 0],
						"0.6": [0, 0, 0],
						"0.8": [0, 0, 0],
						"1.2": [15, 0, 0],
						"1.6": [0, 0, 0]
					},
					"position": {
						"0.0": [0, 0, 0],
						"0.6": [0, 0, 0],
						"0.8": [0, 0, 0],
						"1.6": [0, 0, 0]
					}
				},
				"bone2": {
					"rotation": {
						"0.0": [0, 0, 0],
						"0.6": [0, 0, 0],
						"0.8": [0, 0, 0],
						"1.2": [-42.5, 0, 0],
						"1.6": [0, 0, 0]
					},
					"position": {
						"0.0": [0, 0, 0],
						"0.6": [0, 0, 0],
						"0.8": [0, 0, 0],
						"1.6": [0, 0, 0]
					}
				},
				"bone3": {
					"rotation": {
						"0.0": [27.5, 0, 0],
						"0.8": [-27.5, 0, 0],
						"1.2": [82.5, 0, 0],
						"1.6": [27.5, 0, 0]
					},
					"position": {
						"0.0": [0, 0, 0],
						"0.8": [0, 1, 0.25],
						"1.2": [0, -1.5, 0.13],
						"1.6": [0, 0, 0]
					}
				},
				"leg2": {
					"rotation": {
						"0.0": [27.5, 0, 0],
						"0.2": [0, 0, 0],
						"0.4": [-27.5, 0, 0],
						"0.6": [-27.5, 0, 0],
						"0.8": [-27.5, 0, 0],
						"1.0": [-13.75, 0, 0],
						"1.2": [0, 0, 0],
						"1.4": [13.75, 0, 0],
						"1.6": [27.5, 0, 0]
					},
					"position": {
						"0.0": [0, -4.3, -1],
						"0.2": [0, -0.67, -0.75],
						"0.4": [0, -1.54, -0.5],
						"0.6": [0, -2.42, -0.25],
						"0.8": [0, -1.8, 0],
						"1.0": [0, -0.42, -0.25],
						"1.2": [0, -0.46, -0.5],
						"1.4": [0, -1.58, -0.75],
						"1.6": [0, -4.3, -1]
					}
				},
				"bone5": {
					"rotation": {
						"0.0": [0, 0, 0],
						"0.4": [15, 0, 0],
						"0.8": [0, 0, 0],
						"1.4": [0, 0, 0],
						"1.6": [0, 0, 0]
					},
					"position": {
						"0.0": [0, 0, 0],
						"0.8": [0, 0, 0],
						"1.4": [0, 0, 0],
						"1.6": [0, 0, 0]
					}
				},
				"bone6": {
					"rotation": {
						"0.0": [0, 0, 0],
						"0.4": [-42.5, 0, 0],
						"0.8": [0, 0, 0],
						"1.4": [0, 0, 0],
						"1.6": [0, 0, 0]
					},
					"position": {
						"0.0": [0, 0, 0],
						"0.8": [0, 0, 0],
						"1.4": [0, 0, 0],
						"1.6": [0, 0, 0]
					}
				},
				"bone7": {
					"rotation": {
						"0.0": [-27.5, 0, 0],
						"0.4": [82.5, 0, 0],
						"0.8": [27.5, 0, 0],
						"1.6": [-27.5, 0, 0]
					},
					"position": {
						"0.0": [0, 1, 0.25],
						"0.4": [0, -1.5, 0.13],
						"0.8": [0, 0, 0],
						"1.6": [0, 1, 0.25]
					}
				},
				"body": {
					"rotation": {
						"0.0": [0, 0, 0],
						"0.8": [12.5, 0, 0],
						"1.6": [0, 0, 0]
					}
				},
				"arm1": {
					"rotation": [-35, 0, 0],
					"position": [0, 0, -1]
				},
				"arm2": {
					"rotation": [-35, 0, 0],
					"position": [0, 0, -1]
				},
				"tail1": {
					"rotation": {
						"0.0": [0, -10, 0],
						"0.8": [5, 10, 0],
						"1.6": [0, -10, 0]
					}
				},
				"bone13": {
					"rotation": {
						"0.0": [0, -10, 0],
						"0.8": [5, 10, 0],
						"1.6": [0, -10, 0]
					}
				},
				"cabeca": {
					"rotation": {
						"0.0": [0, 0, 0],
						"0.8": [-12.5, 0, 0],
						"1.6": [0, 0, 0]
					}
				}
			}
		},
		"animation.raptor_masranii.idle": {
			"loop": true,
			"animation_length": 4,
			"bones": {
				"body": {
					"rotation": {
						"0.0": [0, 0, 0],
						"2.0": [5, 0, 0],
						"4.0": [0, 0, 0]
					}
				},
				"arm1": {
					"rotation": {
						"0.0": [0, 0, 0],
						"2.0": [-22.5, 0, 0],
						"4.0": [0, 0, 0]
					}
				},
				"arm2": {
					"rotation": {
						"0.0": [0, 0, 0],
						"2.0": [-22.5, 0, 0],
						"4.0": [0, 0, 0]
					}
				},
				"tail1": {
					"rotation": {
						"0.0": [0, 0, 0],
						"2.0": [5, 0, 0],
						"4.0": [0, 0, 0]
					}
				},
				"bone13": {
					"rotation": {
						"0.0": [0, 0, 0],
						"2.0": [-7.5, 0, 0],
						"4.0": [0, 0, 0]
					}
				},
				"cabeca": {
					"rotation": {
						"0.0": [0, 0, 0],
						"2.0": [10, 0, 0],
						"4.0": [0, 0, 0]
					}
				}
			}
		},
		"animation.raptor_masranii.attack": {
			"animation_length": 1.6,
			"bones": {
				"body": {
					"rotation": {
						"0.0": [0, 0, 0],
						"0.6": [20, 0, 0],
						"1.0": [20, 0, 0],
						"1.6": [0, 0, 0]
					},
					"position": {
						"0.0": [0, 0, 0],
						"0.6": [0, 1, 2],
						"1.0": [0, 1, 2],
						"1.6": [0, 0, 0]
					}
				},
				"arm1": {
					"rotation": {
						"0.0": [0, 0, 0],
						"0.6": [-45, 0, 0],
						"1.0": [-45, 0, 0],
						"1.6": [0, 0, 0]
					}
				},
				"arm2": {
					"rotation": {
						"0.0": [0, 0, 0],
						"0.6": [-45, 0, 0],
						"1.0": [-45, 0, 0],
						"1.6": [0, 0, 0]
					}
				},
				"tail1": {
					"rotation": {
						"0.0": [0, 0, 0],
						"0.6": [5, 0, 0],
						"1.0": [5, 0, 0],
						"1.6": [0, 0, 0]
					},
					"position": {
						"0.0": [0, 0, 0],
						"0.6": [0, 0, 1],
						"1.0": [0, 0, 1],
						"1.6": [0, 0, 0]
					}
				},
				"cabeca": {
					"rotation": {
						"0.0": [0, 0, 0],
						"0.8": [0, 0, 0]
					},
					"position": {
						"0.0": [0, 0, 0],
						"0.8": [0, 0, 0]
					}
				},
				"bone11": {
					"rotation": {
						"0.4": [0, 0, 0],
						"0.68": [55, 0, 0],
						"0.92": [0, 0, 0]
					}
				}
			}
		},
		"animation.raptor_masranii.roar": {
			"animation_length": 3,
			"bones": {
				"body": {
					"rotation": {
						"0.0": [0, 0, 0],
						"0.52": [-17.5, 0, 0],
						"2.52": [-17.5, 0, 0],
						"3.0": [0, 0, 0]
					},
					"position": {
						"0.0": [0, 0, 0],
						"0.52": [0, -1, -2],
						"2.52": [0, -1, -2],
						"3.0": [0, 0, 0]
					}
				},
				"arm1": {
					"rotation": {
						"0.0": [0, 0, 0],
						"0.52": [-42.5, 0, 0],
						"2.52": [-42.5, 0, 0],
						"3.0": [0, 0, 0]
					}
				},
				"arm2": {
					"rotation": {
						"0.0": [0, 0, 0],
						"0.52": [-42.5, 0, 0],
						"2.52": [-42.5, 0, 0],
						"3.0": [0, 0, 0]
					}
				},
				"tail1": {
					"rotation": {
						"0.0": [0, 0, 0],
						"0.52": [0, -12.5, 0],
						"1.0": [0, 12.5, 0],
						"1.52": [0, -12.5, 0],
						"2.0": [0, 12.5, 0],
						"2.52": [0, -12.5, 0],
						"3.0": [0, 0, 0]
					}
				},
				"bone13": {
					"rotation": {
						"0.0": [0, 0, 0],
						"0.52": [0, -12.5, 0],
						"1.0": [0, 12.5, 0],
						"1.52": [0, -12.5, 0],
						"2.0": [0, 12.5, 0],
						"2.52": [0, -12.5, 0],
						"3.0": [0, 0, 0]
					}
				},
				"cabeca": {
					"rotation": {
						"0.0": [0, 0, 0],
						"0.52": [-15, 0, 0],
						"2.52": [-15, 0, 0],
						"3.0": [0, 0, 0]
					}
				},
				"bone11": {
					"rotation": {
						"0.0": [0, 0, 0],
						"0.52": [60, 0, 0],
						"2.48": [60, 0, 0],
						"2.96": [0, 0, 0]
					}
				}
			}
		},
		"animation.raptor_masranii.look_at_target": {
			"loop": true
		},
		"animation.raptor_masranii.stay": {
			"loop": true,
			"animation_length": 4,
			"bones": {
				"leg1": {
					"rotation": [-50, 0, 0],
					"position": [0, -11, 7]
				},
				"bone": {
					"rotation": [30, 0, 0]
				},
				"bone2": {
					"rotation": [-50, 0, 0]
				},
				"bone3": {
					"rotation": [70, 0, 0],
					"position": [0, -2, 0]
				},
				"leg2": {
					"rotation": [-50, 0, 0],
					"position": [0, -11, 7]
				},
				"bone5": {
					"rotation": [30, 0, 0]
				},
				"bone6": {
					"rotation": [-50, 0, 0]
				},
				"bone7": {
					"rotation": [70, 0, 0],
					"position": [0, -2, 0]
				},
				"body": {
					"position": [0, -12, 0]
				},
				"arm1": {
					"rotation": [-37.5, 0, 0],
					"position": [0, -1, 0]
				},
				"dedos": {
					"rotation": [-90, 0, 0],
					"position": [0, -2, 8]
				},
				"arm2": {
					"rotation": [-37.5, 0, 0],
					"position": [0, -1, 0]
				},
				"dedos2": {
					"rotation": [-90, 0, 0],
					"position": [0, -2, 8]
				},
				"neck": {
					"rotation": {
						"0.0": [0, 0, 0],
						"2.0": [7.5, 0, 0],
						"4.0": [0, 0, 0]
					}
				}
			}
		}
	}
}
