{
  "entity_sounds": {
    "entities": {
      "time:rex": {
        "volume": 2.5,
        "pitch": [ 0.8, 1.2 ],
        "events": {
          "hurt": "entity.rex.hurt",
          "ambient": "entity.rex.idle",
          "death": "entity.rex.death",
		  "plop": "entity.rex.plop",
		  "roar": "entity.rex.roar",
          "step": {
            "sound": "big.step",
            "pitch": [ 0.8, 1.2 ]
          },
          "attack": "entity.rex.attack"
        }
      },
      "time:carno": {
        "volume": 5.2,
        "pitch": [ 0.9, 1.3 ],
        "events": {
          "hurt": "entity.carno.hurt",
          "ambient": "entity.carno.idle",
          "death": "entity.carno.death",
		  "plop": "entity.carno.roar",
		  "roar": "entity.carno.roar",
          "step": {
            "sound": "medium.step",
            "pitch": [ 0.1, 1.2 ]
          },
          "attack": "entity.carno.attack"
        }
      },
      "time:indom": {
        "volume": 5.2,
        "pitch": [ 0.9, 1.3 ],
        "events": {
          "hurt": "entity.indom.hurt",
          "ambient": "entity.indom.idle",
          "death": "entity.indom.death",
		  "plop": "entity.indom.roar",
		  "roar": "entity.indom.roar",
          "step": {
            "sound": "medium.step",
            "pitch": [ 0.1, 1.2 ]
          },
          "attack": "entity.indom.attack"
        }
      },
      "time:indor": {
        "volume": 5.2,
        "pitch": [ 0.9, 1.3 ],
        "events": {
          "hurt": "entity.indoraptor.hurt",
          "ambient": "entity.indoraptor.idle",
          "death": "entity.indoraptor.death",
		  "plop": "entity.indoraptor.roar",
		  "roar": "entity.indoraptor.roar",
          "step": {
            "sound": "medium.step",
            "pitch": [ 0.1, 1.2 ]
          },
          "attack": "entity.indoraptor.attack"
        }
      },
      "time:raptor_ingen1": {
        "volume": 5.2,
        "pitch": [ 1.5, 1.10 ],
        "events": {
          "hurt": "entity.raptor.hurt",
          "ambient": "entity.raptor.idle",
		  "plop": "entity.raptor.plop",
		  "roar": "entity.raptor.roar",
          "death": "entity.raptor.death",
          "attack": {
            "sound": "entity.raptor.attack",
            "pitch": [ 1.1, 1.4 ]
          },
          "eat": "entity.indoraptor.eat"
        }
      },
      "time:raptor_ingen2": {
        "volume": 5.2,
        "pitch": [ 1.5, 1.10 ],
        "events": {
          "hurt": "entity.raptor.hurt",
          "ambient": "entity.raptor.idle",
		  "plop": "entity.raptor.plop",
		  "roar": "entity.raptor.roar",
          "death": "entity.raptor.death",
          "attack": {
            "sound": "entity.raptor.attack",
            "pitch": [ 1.1, 1.4 ]
          },
          "eat": "entity.indoraptor.eat"
        }
      },
      "time:raptor_masranii": {
        "volume": 5.2,
        "pitch": [ 1.5, 1.10 ],
        "events": {
          "hurt": "entity.raptor.hurt",
          "ambient": "entity.raptor.idle",
		  "plop": "entity.raptor.plop",
		  "roar": "entity.raptor.roar",
          "death": "entity.raptor.death",
          "attack": {
            "sound": "entity.raptor.attack",
            "pitch": [ 1.1, 1.4 ]
          },
          "eat": "entity.indoraptor.eat"
        }
      },
      "time:mosa": {
        "volume": 5.1,
        "pitch": [ 1.1, 1.3 ],
        "events": {
          "hurt": "entity.mosa.hurt",
          "ambient": "entity.mosa.idle",
          "death": "entity.mosa.death",
          "attack": {
            "sound": "entity.mosa.attack",
            "pitch": [ 1.1, 1.3 ]
          },
          "eat": "entity.mosa.eat"
        }
      },
      "time:ptera": {
        "volume": 5.1,
        "pitch": [ 1.1, 1.3 ],
        "events": {
          "hurt": "entity.ptera.hurt",
          "ambient": "entity.ptera.idle",
          "death": "entity.ptera.death",
          "attack": {
            "sound": "entity.ptera.attack",
            "pitch": [ 1.1, 1.3 ]
          },
          "eat": "entity.ptera.eat"
        }
      },
      "time:brachi": {
        "volume": 5.0,
        "pitch": [ 0.1, 1.9 ],
        "events": {
          "hurt": "entity.brachi.hurt",
          "ambient": "entity.brachi.idle",
          "death": "entity.brachi.death",
		  "roar": "entity.brachi.roar",
          "step": {
            "sound": "big.step",
            "pitch": [ 0.1, 1.9 ]
          },
          "attack": "entity.brachi.attack"
        }
      },
      "time:apato": {
        "volume": 5.0,
        "pitch": [ 0.1, 1.9 ],
        "events": {
          "hurt": "entity.apato.hurt",
          "ambient": "entity.apato.idle",
          "death": "entity.apato.death",
		  "roar": "entity.apato.roar",
          "step": {
            "sound": "big.step",
            "pitch": [ 0.1, 1.9 ]
          },
          "attack": "entity.apato.attack"
        }
      },
      "time:allo": {
        "volume": 5.2,
        "pitch": [ 0.9, 1.3 ],
        "events": {
          "hurt": "entity.allo.hurt",
          "ambient": "entity.allo.idle",
          "death": "entity.allo.death",
		  "plop": "entity.allo.roar",
		  "roar": "entity.allo.roar",
          "step": {
            "sound": "big.step",
            "pitch": [ 0.1, 1.2 ]
          },
          "attack": "entity.allo.attack"
        }
      },
      "time:compy": {
        "volume": 5.2,
        "pitch": [ 0.9, 1.3 ],
        "events": {
          "hurt": "entity.compy.hurt",
          "ambient": "entity.compy.idle",
          "death": "entity.compy.death",
		  "plop": "entity.compy.roar",
		  "roar": "entity.compy.roar",
          "step": {
            "sound": "small.step",
            "pitch": [ 0.1, 1.2 ]
          },
          "attack": "entity.compy.attack"
        }
      },
      "time:bary": {
        "volume": 5.2,
        "pitch": [ 0.9, 1.3 ],
        "events": {
          "hurt": "entity.bary.hurt",
          "ambient": "entity.bary.idle",
          "death": "entity.bary.death",
		  "plop": "entity.bary.roar",
		  "roar": "entity.bary.roar",
          "step": {
            "sound": "medium.step",
            "pitch": [ 0.1, 1.2 ]
          },
          "attack": "entity.bary.attack"
        }
      },
      "time:sino": {
        "volume": 5.0,
        "pitch": [ 0.1, 1.9 ],
        "events": {
          "hurt": "entity.sino.hurt",
          "ambient": "entity.sino.idle",
          "death": "entity.sino.death",
		  "roar": "entity.sino.roar",
          "step": {
            "sound": "big.step",
            "pitch": [ 0.1, 1.9 ]
          },
          "attack": "entity.sino.attack"
        }
      },
      "time:gali": {
        "volume": 5.0,
        "pitch": [ 0.8, 1.2 ],
        "events": {
          "hurt": "entity.gali.hurt",
          "ambient": "entity.gali.idle",
          "death": "entity.gali.death",
          "step": {
            "sound": "small.step",
            "pitch": [ 0.8, 1.2 ]
          }
        }
      },
      "time:sucho": {
        "volume": 5.2,
        "pitch": [ 0.9, 1.3 ],
        "events": {
          "hurt": "entity.sucho.hurt",
          "ambient": "entity.sucho.idle",
          "death": "entity.sucho.death",
		  "plop": "entity.sucho.roar",
		  "roar": "entity.sucho.roar",
          "step": {
            "sound": "big.step",
            "pitch": [ 0.1, 1.2 ]
          },
          "attack": "entity.sucho.attack"
        }
      },
      "time:giga": {
        "volume": 5.2,
        "pitch": [ 0.9, 1.3 ],
        "events": {
          "hurt": "entity.giga.hurt",
          "ambient": "entity.giga.idle",
          "death": "entity.giga.death",
		  "plop": "entity.giga.roar",
		  "roar": "entity.giga.roar",
          "step": {
            "sound": "big.step",
            "pitch": [ 0.1, 1.2 ]
          },
          "attack": "entity.giga.attack"
        }
      },
      "time:spino": {
        "volume": 5.2,
        "pitch": [ 0.9, 1.3 ],
        "events": {
          "hurt": "entity.spino.hurt",
          "ambient": "entity.spino.idle",
          "death": "entity.spino.death",
		  "plop": "entity.spino.roar",
		  "roar": "entity.spino.roar",
          "step": {
            "sound": "big.step",
            "pitch": [ 0.1, 1.2 ]
          },
          "attack": "entity.spino.attack"
        }
      },
      "time:cerato": {
        "volume": 5.2,
        "pitch": [ 0.9, 1.3 ],
        "events": {
          "hurt": "entity.cerato.hurt",
          "ambient": "entity.cerato.idle",
          "death": "entity.cerato.death",
		  "plop": "entity.cerato.roar",
		  "roar": "entity.cerato.roar",
          "step": {
            "sound": "big.step",
            "pitch": [ 0.1, 1.2 ]
          },
          "attack": "entity.cerato.attack"
        }
      },
      "time:metria": {
        "volume": 5.2,
        "pitch": [ 0.9, 1.3 ],
        "events": {
          "hurt": "entity.metria.hurt",
          "ambient": "entity.metria.idle",
          "death": "entity.metria.death",
		  "plop": "entity.metria.roar",
		  "roar": "entity.metria.roar",
          "step": {
            "sound": "medium.step",
            "pitch": [ 0.1, 1.2 ]
          },
          "attack": "entity.metria.attack"
        }
      },
      "time:para": {
        "volume": 5.0,
        "pitch": [ 0.8, 1.2 ],
        "events": {
          "hurt": "entity.para.hurt",
          "ambient": "entity.para.idle",
          "death": "entity.para.death",
          "step": {
            "sound": "medium.step",
            "pitch": [ 0.8, 1.2 ]
          }
        }
      },
      "time:edmonto": {
        "volume": 5.0,
        "pitch": [ 0.8, 1.2 ],
        "events": {
          "hurt": "entity.edmonto.hurt",
          "ambient": "entity.edmonto.idle",
          "death": "entity.edmonto.death",
          "step": {
            "sound": "medium.step",
            "pitch": [ 0.8, 1.2 ]
          }
        }
      },
      "time:coryto": {
        "volume": 5.0,
        "pitch": [ 0.8, 1.2 ],
        "events": {
          "hurt": "entity.coryto.hurt",
          "ambient": "entity.coryto.idle",
          "death": "entity.coryto.death",
          "step": {
            "sound": "medium.step",
            "pitch": [ 0.8, 1.2 ]
          }
        }
      },
      "time:micro": {
        "volume": 5.0,
        "pitch": [ 0.8, 1.2 ],
        "events": {
          "hurt": "entity.micro.hurt",
          "ambient": "entity.micro.idle",
          "death": "entity.micro.death",
          "step": {
            "sound": "small.step",
            "pitch": [ 0.8, 1.2 ]
          }
        }
      },
      "time:trike": {
        "volume": 5.0,
        "pitch": [ 0.1, 1.9 ],
        "events": {
          "hurt": "entity.trike.hurt",
          "ambient": "entity.trike.idle",
          "death": "entity.trike.death",
		  "roar": "entity.trike.roar",
          "step": {
            "sound": "big.step",
            "pitch": [ 0.1, 1.9 ]
          },
          "attack": "entity.trike.attack"
        }
      },
      "time:nasuto": {
        "volume": 5.0,
        "pitch": [ 0.1, 1.9 ],
        "events": {
          "hurt": "entity.nasuto.hurt",
          "ambient": "entity.nasuto.idle",
          "death": "entity.nasuto.death",
		  "roar": "entity.nasuto.roar",
          "step": {
            "sound": "big.step",
            "pitch": [ 0.1, 1.9 ]
          },
          "attack": "entity.nasuto.attack"
        }
      },
      "time:anquilo": {
        "volume": 5.0,
        "pitch": [ 0.1, 1.9 ],
        "events": {
          "hurt": "entity.anquilo.hurt",
          "ambient": "entity.anquilo.idle",
          "death": "entity.anquilo.death",
		  "roar": "entity.anquilo.roar",
          "step": {
            "sound": "big.step",
            "pitch": [ 0.1, 1.9 ]
          },
          "attack": "entity.anquilo.attack"
        }
      },
      "time:mamen": {
        "volume": 5.0,
        "pitch": [ 0.1, 1.9 ],
        "events": {
          "hurt": "entity.mamen.hurt",
          "ambient": "entity.mamen.idle",
          "death": "entity.mamen.death",
		  "roar": "entity.mamen.roar",
          "step": {
            "sound": "big.step",
            "pitch": [ 0.1, 1.9 ]
          },
          "attack": "entity.mamen.attack"
        }
      },
      "time:paqui": {
        "volume": 5.0,
        "pitch": [ 0.1, 1.9 ],
        "events": {
          "hurt": "entity.paqui.hurt",
          "ambient": "entity.paqui.idle",
          "death": "entity.paqui.death",
		  "roar": "entity.paqui.roar",
          "step": {
            "sound": "small.step",
            "pitch": [ 0.1, 1.9 ]
          },
          "attack": "entity.paqui.attack"
        }
      },
      "time:stego": {
        "volume": 5.0,
        "pitch": [ 0.1, 1.9 ],
        "events": {
          "hurt": "entity.stego.hurt",
          "ambient": "entity.stego.idle",
          "death": "entity.stego.death",
		  "roar": "entity.stego.roar",
          "step": {
            "sound": "big.step",
            "pitch": [ 0.1, 1.9 ]
          },
          "attack": "entity.stego.attack"
        }
      },
      "time:stygi": {
        "volume": 5.0,
        "pitch": [ 0.1, 1.9 ],
        "events": {
          "hurt": "entity.stygi.hurt",
          "ambient": "entity.stygi.idle",
          "death": "entity.stygi.death",
		  "roar": "entity.stygi.roar",
          "step": {
            "sound": "small.step",
            "pitch": [ 0.1, 1.9 ]
          },
          "attack": "entity.stygi.attack"
        }
      },
      "time:dilo": {
        "volume": 5.2,
        "pitch": [ 0.9, 1.3 ],
        "events": {
          "hurt": "entity.dilo.hurt",
          "ambient": "entity.dilo.idle",
          "death": "entity.dilo.death",
		  "plop": "entity.dilo.roar",
		  "roar": "entity.dilo.roar",
          "step": {
            "sound": "medium.step",
            "pitch": [ 0.1, 1.2 ]
          },
          "attack": "entity.dilo.attack"
        }
      },
      "time:dimor": {
        "volume": 5.1,
        "pitch": [ 1.1, 1.3 ],
        "events": {
          "hurt": "entity.dimor.hurt",
          "ambient": "entity.dimor.idle",
          "death": "entity.dimor.death",
          "attack": {
            "sound": "entity.dimor.attack",
            "pitch": [ 1.1, 1.3 ]
          },
          "eat": "entity.dimor.eat"
        }
      },
      "time:allo_gen2": {
        "volume": 5.2,
        "pitch": [ 0.9, 1.3 ],
        "events": {
          "hurt": "entity.allo.hurt",
          "ambient": "entity.allo.idle",
          "death": "entity.allo.death",
		  "plop": "entity.allo.roar",
		  "roar": "entity.allo.roar",
          "step": {
            "sound": "big.step",
            "pitch": [ 0.1, 1.2 ]
          },
          "attack": "entity.allo.attack"
        }
      }
        
    }
}
}
