{
  "format_version": "1.13.0",
  "minecraft:feature_rules": {
    "description": {
      "identifier": "overworld_underground_permafrost_feature",
      "places_feature": "jurassic_permafrost_feature"
    },
    "conditions": {
      "placement_pass": "underground_pass",
      "minecraft:biome_filter": [
        {
          "any_of": [
            {
              "test": "has_biome_tag",
              "operator": "==",
              "value": "overworld"
            },
            {
              "test": "has_biome_tag",
              "operator": "==",
              "value": "overworld_generation"
            },
            {
              "test": "has_biome_tag",
              "operator": "==",
              "value": "ocean"
            },
            {
              "test": "has_biome_tag",
              "operator": "==",
              "value": "legacy_frozen_ocean"
            },
            {
              "test": "has_biome_tag",
              "operator": "==",
              "value": "deep_ocean"
            },
            {
              "test": "has_biome_tag",
              "operator": "==",
              "value": "frozen_ocean"
            },
            {
              "test": "has_biome_tag",
              "operator": "==",
              "value": "deep_frozen_ocean"
            },
            {
              "test": "has_biome_tag",
              "operator": "==",
              "value": "cold_ocean"
            },
            {
              "test": "has_biome_tag",
              "operator": "==",
              "value": "deep_cold_ocean"
            },
            {
              "test": "has_biome_tag",
              "operator": "==",
              "value": "frozen_river"
            },
            {
              "test": "has_biome_tag",
              "operator": "==",
              "value": "cold_beach"
            },
            {
              "test": "has_biome_tag",
              "operator": "==",
              "value": "taiga"
            },
            {
              "test": "has_biome_tag",
              "operator": "==",
              "value": "taiga_hills"
            },
            {
              "test": "has_biome_tag",
              "operator": "==",
              "value": "taiga_mutated"
            },
            {
              "test": "has_biome_tag",
              "operator": "==",
              "value": "cold_taiga"
            },
            {
              "test": "has_biome_tag",
              "operator": "==",
              "value": "cold_taiga_hills"
            },
            {
              "test": "has_biome_tag",
              "operator": "==",
              "value": "cold_taiga_mutated"
            },
            {
              "test": "has_biome_tag",
              "operator": "==",
              "value": "mega_taiga"
            },
            {
              "test": "has_biome_tag",
              "operator": "==",
              "value": "mega_taiga_hills"
            },
            {
              "test": "has_biome_tag",
              "operator": "==",
              "value": "redwood_taiga_mutated"
            },
            {
              "test": "has_biome_tag",
              "operator": "==",
              "value": "redwood_taiga_hills_mutated"
            },
            {
              "test": "has_biome_tag",
              "operator": "==",
              "value": "ice_plains"
            },
            {
              "test": "has_biome_tag",
              "operator": "==",
              "value": "ice_mountains"
            }
          ]
        }
      ]
    },
    "distribution": {
      "iterations": 40,
      "coordinate_eval_order": "zyx",
      "x": {
        "distribution": "uniform",
        "extent": [
          0,
          16
        ]
      },
      "y": {
        "distribution": "uniform",
        "extent": [
          0,
          50
        ]
      },
      "z": {
        "distribution": "uniform",
        "extent": [
          0,
          16
        ]
      }
    }
  }
}