{
 "format_version": "1.10.0",
 "animation_controllers": {
  "controller.animation.dilo.tempt": {
   "states": {
    "default": {
     "transitions": [
      {
       "tempted": "query.is_interested"
      }
     ],
     "blend_transition": 0.2
    },
    "tempted": {
     "animations": [
      "tempted"
     ],
     "transitions": [
      {
       "default": "!query.is_interested"
      }
     ],
     "blend_transition": 0.2
    }
   }
  },
  "controller.animation.dinos.move": {
   "initial_state": "default",
   "states": {
    "default": {
     "animations": [
      {
       "walk": "query.modified_move_speed"
      }
     ],
     "transitions": [
      {
       "attacking": "query.is_delayed_attacking"
      },
      {
       "swim": "query.is_in_water"
      },
      {
       "sit": "query.is_sitting"
      },
      {
       "casting": "query.is_casting"
      }
     ],
     "blend_transition": 0.4
    },
    "attacking": {
     "animations": [
      "delayed_attacking"
     ],
     "transitions": [
      {
       "default": "!query.is_delayed_attacking"
      }
     ],
     "blend_transition": 0.2
    },
    "casting": {
     "animations": [
      "casting"
     ],
     "transitions": [
      {
       "default": "!query.is_casting"
      }
     ],
     "blend_transition": 0.4
    },
    "sit": {
     "animations": [
      "sit"
     ],
     "transitions": [
      {
       "default": "!query.is_sitting"
      }
     ],
     "blend_transition": 0.2
    }
   }
  }
 }
}