{
  "format_version": "1.12",
  "minecraft:recipe_shaped": {
    "description": {
      "identifier": "time:raptor_ingen1_egg"
    },
    "tags": [
      "machine3"
    ],
    "pattern": [
      "A",
      "B"
    ],
    "key": {
      "A": {
        "item": "time:gene_velo_ingen_deino",
        "data": 0
      },
      "B": {
        "item": "minecraft:egg",
        "data": 0
      }
    },
    "result": {
      "item": "spawn_egg",
      "data": "query.get_actor_info_id('time:raptor_ingen1_egg')"
    }
  }
}
