{
	"format_version": "1.16.0",
	"minecraft:entity": {
		"description": {
			"identifier": "jurassic:plesiosaurussack",
			"is_summonable": true,
			"is_spawnable": true,
			"is_experimental": false
		},
		"component_groups": {
			"minecraft:sack": {
				"minecraft:damage_over_time": {
					"damage_per_hurt": 20,
					"time_between_hurt": 0
				},
				"minecraft:spawn_entity": {
					"entities": [
						{
							"min_wait_time": 0,
							"max_wait_time": 0,
							"spawn_entity": "jurassic:plesiosaurus",
							"spawn_event": "minecraft:entity_born",
							"single_use": true,
							"num_to_spawn": 1,
							"should_leash": false
						}
					]
				}
			}
		},
		"components": {
			"minecraft:collision_box": {
				"width": 0.4,
				"height": 0.6
			},
			"minecraft:health": {
				"value": 10,
				"max": 20
			},
			"minecraft:nameable": {
				"allow_name_tag_renaming": true
			},
			"minecraft:hurt_on_condition": {
				"damage_conditions": [
					{
						"filters": {
							"test": "in_lava",
							"subject": "self",
							"operator": "==",
							"value": true
						},
						"cause": "lava",
						"damage_per_tick": 4
					}
				]
			},
			"minecraft:breathable": {
				"total_supply": 15,
				"suffocate_time": 0,
				"breathes_air": true,
				"breathes_water": false
			},
			"minecraft:physics": {
				"has_gravity": true,
				"has_collision": true
			},
			"minecraft:pushable": {
				"is_pushable": true,
				"is_pushable_by_piston": true
			},
			"minecraft:loot": {
				"table": "loot_tables/entity/egg.json"
			}
		},
		"events": {
			"minecraft:entity_born": {
				"remove": {},
				"add": {
					"component_groups": [
						"minecraft:sack"
					]
				}
			},
			"minecraft:entity_spawned": {
				"remove": {},
				"add": {
					"component_groups": [
						"minecraft:sack"
					]
				}
			}
		}
	}
}