{
	"format_version": "1.16.0",
	"minecraft:entity": {
		"description": {
			"identifier": "jurassic:velociraptor",
			"is_spawnable": true,
			"is_summonable": true,
			"is_experimental": false
		},
		"component_groups": {
			"minecraft:velociraptor_baby": {
				"minecraft:is_baby": {},
				"minecraft:scale": {
					"value": 0.3
				},
				"minecraft:ageable": {
					"duration": 1200,
					"feed_items": [
						"chicken",
						"cooked_chicken",
						"beef",
						"cooked_beef",
						"muttonRaw",
						"muttonCooked",
						"porkchop",
						"cooked_porkchop",
						"rabbit",
						"cooked_rabbit",
						"rotten_flesh"
					],
					"grow_up": {
						"event": "minecraft:ageable_grow_up",
						"target": "self"
					}
				},
				"minecraft:scale_by_age": {
					"start_scale": 0.3,
					"end_scale": 0.75
				},
				"minecraft:type_family": {
					"family": [
						"veloci_baby",
						"velociraptor"
					]
				},
				"minecraft:behavior.follow_parent": {
					"priority": 1,
					"speed_multiplier": 0.3
				},
				"minecraft:behavior.panic": {
					"priority": 1,
					"damage_sources": "entity_attack",
					"speed_multiplier": 0.5
				}
			},
			"minecraft:velociraptor_baby_scared": {
				"minecraft:angry": {
					"broadcast_anger": true,
					"broadcast_range": 60,
					"duration": 1,
					"calm_event": {
						"event:minecraft:baby_on_calm": {},
						"target": "self"
					}
				}
			},
			"minecraft:velociraptor_baby_wild": {
				"minecraft:on_target_acquired": {
					"event": "minecraft:on_scared"
				},
				"minecraft:behavior.nearest_attackable_target": {
					"priority": 6,
					"reselect_targets": true,
					"must_see": true,
					"target_search_height": 5,
					"entity_types": [
						{
							"filters": {
								"any_of": [
									{
										"test": "is_family",
										"subject": "other",
										"value": "pteranodon"
									},
									{
										"test": "is_family",
										"subject": "other",
										"value": "player"
									}
								]
							}
						}
					]
				},
				"minecraft:tameable": {
					"probability": 0.33,
					"tame_items": "minecraft:bone",
					"tame_event": {
						"event": "minecraft:on_tame",
						"target": "self"
					}
				}
			},
			"minecraft:velociraptor_adult": {
				"minecraft:experience_reward": {
					"on_bred": "Math.Random(1,7)",
					"on_death": "query.last_hit_by_player ? Math.Random(1,3) : 0"
				},
				"minecraft:loot": {
					"table": "loot_tables/entities/jurassic_velociraptor.json"
				},
				"minecraft:breedable": {
					"require_tame": true,
					"require_full_health": true,
					"breeds_with": {
						"mate_type": "jurassic:velociraptor",
						"baby_type": "jurassic:velociraptoregg",
						"breed_event": {
							"event": "minecraft:entity_born",
							"target": "baby"
						}
					},
					"breed_items": [
						"chicken",
						"cooked_chicken",
						"beef",
						"cooked_beef",
						"muttonRaw",
						"muttonCooked",
						"porkchop",
						"cooked_porkchop",
						"rabbit",
						"cooked_rabbit",
						"rotten_flesh"
					]
				},
				"minecraft:type_family": {
					"family": [
						"veloci_adult",
						"velociraptor"
					]
				},
				"minecraft:scale": {
					"value": 0.75
				}
			},
			"minecraft:velociraptor_angry": {
				"minecraft:angry": {
					"duration": 25,
					"broadcast_anger": true,
					"broadcast_range": 60,
					"calm_event": {
						"event": "minecraft:on_calm",
						"target": "self"
					}
				},
				"minecraft:on_target_acquired": {},
				"minecraft:rideable": {
					"seat_count": 1,
					"family_types": [
						"zombie"
					],
					"seats": {
						"position": [
							0,
							0.675,
							-0.1
						]
					}
				}
			},
			"minecraft:velociraptor_wild": {
				"minecraft:behavior.avoid_mob_type": {
					"priority": 3,
					"entity_types": [
						{
							"filters": {
								"test": "is_family",
								"subject": "other",
								"value": "llama"
							},
							"max_dist": 24,
							"walk_speed_multiplier": 1.5,
							"sprint_speed_multiplier": 1.5
						}
					],
					"probability_per_strength": 0.14
				},
				"minecraft:tameable": {
					"probability": 0.33,
					"tame_items": "minecraft:bone",
					"tame_event": {
						"event": "minecraft:on_tame",
						"target": "self"
					}
				},
				"minecraft:behavior.nearest_attackable_target": {
					"priority": 4,
					"reselect_targets": true,
					"must_see": true,
					"target_search_height": 5,
					"entity_types": [
						{
							"filters": {
								"any_of": [
									{
										"test": "is_family",
										"subject": "other",
										"value": "rabbit"
									},
									{
										"test": "is_family",
										"subject": "other",
										"value": "fox"
									},
									{
										"test": "is_family",
										"subject": "other",
										"value": "chicken"
									},
									{
										"test": "is_family",
										"subject": "other",
										"value": "pig"
									}
								]
							},
							"max_dist": 16
						}
					]
				},
				"minecraft:on_target_acquired": {
					"event": "minecraft:become_angry",
					"target": "self"
				},
				"minecraft:rideable": {
					"seat_count": 1,
					"family_types": [
						"zombie"
					],
					"seats": {
						"position": [
							0,
							0.675,
							-0.1
						]
					}
				}
			},
			"minecraft:velociraptor_tame": {
				"minecraft:is_tamed": {},
				"minecraft:health": {
					"value": 20,
					"max": 20
				},
				"minecraft:attack": {
					"damage": 8
				},
				"minecraft:behavior.breed": {
					"priority": 2,
					"speed_multiplier": 1
				},
				"minecraft:sittable": {},
				"minecraft:leashable": {
					"soft_distance": 4,
					"hard_distance": 6,
					"max_distance": 10,
					"on_leash": {
						"event": "minecraft:on_leash",
						"target": "self"
					},
					"on_unleash": {
						"event": "minecraft:on_unleash",
						"target": "self"
					}
				},
				"minecraft:interact": {
					"interactions": [
						{
							"interact_text": "Follow",
							"on_interact": {
								"event": "minecraft:follow",
								"filters": {
									"all_of": [
										{
											"domain": "hand",
											"operator": "==",
											"subject": "other",
											"test": "has_equipment",
											"value": "minecraft:bone"
										},
										{
											"test": "has_component",
											"value": "minecraft:is_tamed"
										},
										{
											"test": "is_family",
											"subject": "other",
											"value": "player"
										}
									]
								},
								"target": "self"
							},
							"use_item": false
						}
					]
				}
			},
			"minecraft:velociraptor_male": {
				"minecraft:variant": {
					"value": 0
				}
			},
			"minecraft:velociraptor_female": {
				"minecraft:variant": {
					"value": 1
				}
			},
			"minecraft:velociraptor_og_male": {
				"minecraft:variant": {
					"value": 2
				}
			},
			"minecraft:velociraptor_og_female": {
				"minecraft:variant": {
					"value": 3
				}
			},
			"minecraft:follow": {
				"minecraft:behavior.follow_owner": {
					"priority": 2
				},
				"minecraft:behavior.owner_hurt_by_target": {
					"priority": 1
				},
				"minecraft:behavior.owner_hurt_target": {
					"priority": 2
				},
				"minecraft:interact": {
					"interactions": [
						{
							"interact_text": "Free Roam",
							"on_interact": {
								"event": "minecraft:free_roam",
								"filters": {
									"all_of": [
										{
											"domain": "hand",
											"operator": "==",
											"subject": "other",
											"test": "has_equipment",
											"value": "minecraft:bone"
										},
										{
											"test": "has_component",
											"value": "minecraft:is_tamed"
										},
										{
											"test": "is_family",
											"subject": "other",
											"value": "player"
										}
									]
								},
								"target": "self"
							},
							"use_item": false
						}
					]
				}
			},
			"minecraft:interactions": {
				"minecraft:interact": {
					"interactions": [
						{
							"interact_text": "Follow",
							"on_interact": {
								"event": "minecraft:follow",
								"filters": {
									"all_of": [
										{
											"domain": "hand",
											"operator": "==",
											"subject": "other",
											"test": "has_equipment",
											"value": "minecraft:bone"
										},
										{
											"test": "has_component",
											"value": "minecraft:is_tamed"
										},
										{
											"test": "is_family",
											"subject": "other",
											"value": "player"
										}
									]
								},
								"target": "self"
							},
							"use_item": false
						}
					]
				}
			}
		},
		"components": {
			"minecraft:nameable": {
				"allow_name_tag_renaming": true
			},
			"minecraft:type_family": {
				"family": [
					"velociraptor",
					"smallcarno",
					"dromiosaur"
				]
			},
			"minecraft:breathable": {
				"total_supply": 15,
				"suffocate_time": 0
			},
			"minecraft:collision_box": {
				"width": 0.6,
				"height": 0.8
			},
			"minecraft:health": {
				"value": 10,
				"max": 10
			},
			"minecraft:hurt_on_condition": {
				"damage_conditions": [
					{
						"filters": {
							"test": "in_lava",
							"subject": "self",
							"operator": "==",
							"value": true
						},
						"cause": "lava",
						"damage_per_tick": 4
					}
				]
			},
			"minecraft:movement": {
				"value": 0.3
			},
			"minecraft:navigation.walk": {
				"can_path_over_water": true,
				"avoid_damage_blocks": true
			},
			"minecraft:movement.basic": {},
			"minecraft:jump.static": {},
			"minecraft:can_climb": {},
			"minecraft:attack": {
				"damage": 5
			},
			"minecraft:healable": {
				"items": [
					{
						"item": "porkchop",
						"heal_amount": 3
					},
					{
						"item": "cooked_porkchop",
						"heal_amount": 8
					},
					{
						"item": "fish",
						"heal_amount": 2
					},
					{
						"item": "salmon",
						"heal_amount": 2
					},
					{
						"item": "clownfish",
						"heal_amount": 1
					},
					{
						"item": "pufferfish",
						"heal_amount": 1
					},
					{
						"item": "cooked_fish",
						"heal_amount": 5
					},
					{
						"item": "cooked_salmon",
						"heal_amount": 6
					},
					{
						"item": "beef",
						"heal_amount": 3
					},
					{
						"item": "cooked_beef",
						"heal_amount": 8
					},
					{
						"item": "chicken",
						"heal_amount": 2
					},
					{
						"item": "cooked_chicken",
						"heal_amount": 6
					},
					{
						"item": "muttonRaw",
						"heal_amount": 2
					},
					{
						"item": "muttonCooked",
						"heal_amount": 6
					},
					{
						"item": "rotten_flesh",
						"heal_amount": 4
					},
					{
						"item": "rabbit",
						"heal_amount": 3
					},
					{
						"item": "cooked_rabbit",
						"heal_amount": 5
					},
					{
						"item": "rabbit_stew",
						"heal_amount": 10
					}
				]
			},
			"minecraft:behavior.float": {
				"priority": 0
			},
			"minecraft:behavior.mount_pathing": {
				"priority": 1,
				"speed_multiplier": 1.25,
				"target_dist": 0,
				"track_target": true
			},
			"minecraft:behavior.stay_while_sitting": {
				"priority": 3
			},
			"minecraft:behavior.leap_at_target": {
				"priority": 4,
				"target_dist": 0.4
			},
			"minecraft:behavior.melee_attack": {
          "priority": 10,
          "track_target": true,
          "require_complete_path": true,
          "reach_multiplier": 1.5
        },
			"minecraft:behavior.random_stroll": {
				"priority": 8,
				"speed_multiplier": 1
			},
			"minecraft:behavior.look_at_player": {
				"priority": 6,
				"target_distance": 6,
				"probability": 0.02
			},
			"minecraft:behavior.beg": {
				"priority": 9,
				"look_distance": 8,
				"look_time": [
					2,
					4
				],
				"items": [
					"bone",
					"porkchop",
					"cooked_porkchop",
					"chicken",
					"cooked_chicken",
					"beef",
					"cooked_beef",
					"rotten_flesh",
					"muttonraw",
					"muttoncooked",
					"rabbit",
					"cooked_rabbit"
				]
			},
			"minecraft:behavior.hurt_by_target": {
				"priority": 3
			},
			"minecraft:physics": {
			    "has_gravity": true,
			    "has_collision": true
			},
			"minecraft:pushable": {
				"is_pushable": true,
				"is_pushable_by_piston": true
			},
			"minecraft:behavior.pickup_items": {
				"priority": 11,
				"max_dist": 3,
				"goal_radius": 2,
				"speed_multiplier": 0.5
			},
			"minecraft:behavior.stalk_and_pounce_on_target": {
				"priority": 1,
				"stalk_speed": 1.2,
                "max_stalk_dist": 12.0,
                "leap_height": 0.9,
                "leap_dist": 0.8,
                "pounce_max_dist": 5.0,
                "interest_time": 2.0,
                "stuck_time": 2.0,
                "strike_dist": 2.0,
                "stuck_blocks": { "test": "is_block", "subject": "block", "operator": "==", "value": "snow_layer" }
            },
			"minecraft:behavior.eat_carried_item": {
				"priority": 12,
				"delay_before_eating": 28
			},
			"minecraft:shareables": {
				"all_items": false,
				"all_items_max_amount": 1,
				"items": [
					{
						"consume_item": true,
						"item": "minecraft:chicken"
					},
					{
						"consume_item": true,
						"item": "minecraft:beef"
					},
					{
						"consume_item": true,
						"item": "minecraft:muttonraw"
					},
					{
						"item": "minecraft:porkchop",
						"consume_item": true
					},
					{
						"item": "minecraft:rabbit",
						"consume_item": true
					}
				]
			},
			"minecraft:balloonable": {
				"mass": 1.2
			},
			"minecraft:behavior.nap": {
				"priority": 1,
				"cooldown_min": 15,
				"cooldown_max": 30,
				"mob_detect_dist": 6,
				"mob_detect_height": 6,
				"can_nap_filters": {
					"test": "is_daytime",
					"value": true
				},
				"wake_mob_exceptions": {
					"any_of": [
						{
							"test": "is_owner",
							"subject": "player",
							"operator": "equals",
							"value": true
						},
						{
							"test": "is_family",
							"subject": "other",
							"operator": "==",
							"value": "velociraptor"
						},
						{
							"test": "is_sneaking",
							"subject": "other",
							"operator": "==",
							"value": true
						}
					]
				}
			}
		},
		"events": {
			"minecraft:entity_spawned": {
				"randomize": [
					{
						"weight": 30,
						"remove": {},
						"add": {
							"component_groups": [
								"minecraft:velociraptor_adult",
								"minecraft:velociraptor_wild",
								"minecraft:velociraptor_male"
							]
						}
					},
					{
						"weight": 30,
						"remove": {},
						"add": {
							"component_groups": [
								"minecraft:velociraptor_adult",
								"minecraft:velociraptor_wild",
								"minecraft:velociraptor_female"
							]
						}
					},
					{
						"weight": 10,
						"remove": {},
						"add": {
							"component_groups": [
								"minecraft:velociraptor_adult",
								"minecraft:velociraptor_wild",
								"minecraft:velociraptor_og_male"
							]
						}
					},
					{
						"weight": 10,
						"remove": {},
						"add": {
							"component_groups": [
								"minecraft:velociraptor_adult",
								"minecraft:velociraptor_wild",
								"minecraft:velociraptor_og_female"
							]
						}
					},
					{
						"weight": 5,
						"remove": {},
						"add": {
							"component_groups": [
								"minecraft:velociraptor_baby",
								"minecraft:velociraptor_male",
								"minecraft:velociraptor_baby_wild"
							]
						}
					},
					{
						"weight": 5,
						"remove": {},
						"add": {
							"component_groups": [
								"minecraft:velociraptor_baby",
								"minecraft:velociraptor_female",
								"minecraft:velociraptor_baby_wild"
							]
						}
					},
					{
						"weight": 5,
						"remove": {},
						"add": {
							"component_groups": [
								"minecraft:velociraptor_baby",
								"minecraft:velociraptor_og_male",
								"minecraft:velociraptor_baby_wild"
							]
						}
					},
					{
						"weight": 5,
						"remove": {},
						"add": {
							"component_groups": [
								"minecraft:velociraptor_baby",
								"minecraft:velociraptor_og_female",
								"minecraft:velociraptor_baby_wild"
							]
						}
					}
				]
			},
			"minecraft:entity_born": {
				"randomize": [
					{
						"weight": 40,
						"add": {
							"component_groups": [
								"minecraft:velociraptor_baby",
								"minecraft:velociraptor_male",
								"minecraft:velociraptor_baby_wild"
							]
						},
						"remove": {}
					},
					{
						"weight": 40,
						"remove": {},
						"add": {
							"component_groups": [
								"minecraft:velociraptor_baby",
								"minecraft:velociraptor_female",
								"minecraft:velociraptor_baby_wild"
							]
						}
					},
					{
						"weight": 10,
						"remove": {},
						"add": {
							"component_groups": [
								"minecraft:velociraptor_baby",
								"minecraft:velociraptor_og_male",
								"minecraft:velociraptor_baby_wild"
							]
						}
					},
					{
						"weight": 10,
						"remove": {},
						"add": {
							"component_groups": [
								"minecraft:velociraptor_baby",
								"minecraft:velociraptor_og_female",
								"minecraft:velociraptor_baby_wild"
							]
						}
					}
				]
			},
			"minecraft:ageable_grow_up": {
				"remove": {
					"component_groups": [
						"minecraft:velociraptor_baby"
					]
				},
				"add": {
					"component_groups": [
						"minecraft:velociraptor_adult"
					]
				}
			},
			"minecraft:ageable_set_baby": {
				"remove": {
					"component_groups": [
						"minecraft:velociraptor_adult"
					]
				},
				"add": {
					"component_groups": [
						"minecraft:velociraptor_baby"
					]
				}
			},
			"minecraft:on_tame": {
				"remove": {
					"component_groups": [
						"minecraft:velociraptor_wild",
						"minecraft:velociraptor_baby_wild"
					]
				},
				"add": {
					"component_groups": [
						"minecraft:velociraptor_tame"
					]
				}
			},
			"minecraft:become_angry": {
				"remove": {
					"component_groups": [
						"minecraft:velociraptor_wild"
					]
				},
				"add": {
					"component_groups": [
						"minecraft:velociraptor_angry"
					]
				}
			},
			"minecraft:on_calm": {
				"remove": {
					"component_groups": [
						"minecraft:velociraptor_angry"
					]
				},
				"add": {
					"component_groups": [
						"minecraft:velociraptor_wild"
					]
				}
			},
			"minecraft:on_scared": {
				"remove": {
					"component_groups": [
						"minecraft:velociraptor_baby_wild"
					]
				},
				"add": {
					"component_groups": [
						"minecraft:velociraptor_baby_scared"
					]
				}
			},
			"minecraft:baby_on_calm": {
				"add": {
					"component_groups": [
						"minecraft:velociraptor_baby_wild"
					]
				},
				"remove": {
					"component_groups": [
						"minecraft:velociraptor_baby_scared"
					]
				}
			},
			"minecraft:follow": {
				"add": {
					"component_groups": [
						"minecraft:follow"
					]
				},
				"remove": {
					"component_groups": [
						"minecraft:interactions"
					]
				}
			},
			"minecraft:free_roam": {
				"remove": {
					"component_groups": [
						"minecraft:follow"
					]
				},
				"add": {
					"component_groups": [
						"minecraft:interactions"
					]
				}
			}
		}
	}
}