{
	"format_version": "1.16.0",
	"minecraft:entity": {
		"description": {
			"identifier": "jurassic:stegosaurus",
			"is_spawnable": true,
			"is_summonable": true,
			"is_experimental": false
		},
		"component_groups": {
			"minecraft:stegosaurus_baby": {
				"minecraft:is_baby": {},
				"minecraft:scale": {
					"value": 0.3
				},
				"minecraft:ageable": {
					"duration": 1200,
					"grow_up": {
						"event": "minecraft:ageable_grow_up",
						"target": "self"
					},
					"feed_items": [
						{
							"item": "minecraft:wheat"
						},
						{
							"item": "minecraft:hay_block",
							"growth": 0.4
						},
						{
							"item": "minecraft:apple"
						},
						{
							"item": "minecraft:cookie"
						}
					]
				},
				"minecraft:scale_by_age": {
					"start_scale": 0.3,
					"end_scale": 1.8
				},
				"minecraft:type_family": {
					"family": [
						"stego_baby",
						"stegosaurus"
					]
				},
				"minecraft:behavior.follow_parent": {
					"priority": 1,
					"speed_multiplier": 0.3
				},
				"minecraft:behavior.panic": {
					"priority": 1,
					"damage_sources": "entity_attack",
					"speed_multiplier": 0.5
				}
			},
			"minecraft:stegosaurus_baby_scared": {
				"minecraft:angry": {
					"broadcast_anger": true,
					"broadcast_range": 60,
					"duration": 1,
					"calm_event": {
						"event:minecraft:baby_on_calm": {},
						"target": "self"
					}
				}
			},
			"minecraft:stegosaurus_baby_wild": {
				"minecraft:on_target_acquired": {
					"event": "minecraft:on_scared"
				},
				"minecraft:behavior.nearest_attackable_target": {
					"priority": 6,
					"reselect_targets": true,
					"must_see": true,
					"entity_types": [
						{
							"filters": {
								"any_of": [
									{
										"test": "is_family",
										"subject": "other",
										"value": "veloci_adult"
									},
									{
										"test": "is_family",
										"subject": "other",
										"value": "pteranodon"
									},
									{
										"test": "is_family",
										"subject": "other",
										"value": "player"
									},
									{
										"test": "is_family",
										"subject": "other",
										"value": "dilophosaurus"
									}
								]
							}
						}
					]
				},
				"minecraft:tameable": {
					"probability": 0.33,
					"tame_items": [
						"minecraft:stick"
					],
					"tame_event": {
						"event": "minecraft:on_tame",
						"target": "self"
					}
				}
			},
			"minecraft:stegosaurus_adult": {
				"minecraft:experience_reward": {
					"on_bred": "Math.Random(2,10)",
					"on_death": "query.last_hit_by_player ? Math.Random(1,4) : 0"
				},
				"minecraft:loot": {
					"table": "loot_tables/entities/jurassic:stegosaurus.json"
				},
				"minecraft:breedable": {
					"require_tame": true,
					"require_full_health": true,
					"breeds_with": {
						"mate_type": "jurassic:stegosaurus",
						"baby_type": "jurassic:stegosaurus"
					},
					"breed_items": [
						"minecraft:honey_bottle",
						"minecraft:sugar"
					]
				},
				"minecraft:scale": {
					"value": 1.8
				},
				"minecraft:type_family": {
					"family": [
						"stegosaurus",
						"stego_adult"
					]
				}
			},
			"minecraft:stegosaurus_angry": {
				"minecraft:angry": {
					"duration": 25,
					"broadcast_anger": false,
					"calm_event": {
						"event": "minecraft:on_calm",
						"target": "self"
					}
				},
				"minecraft:on_target_acquired": {},
				"minecraft:rideable": {
					"seat_count": 1,
					"family_types": [
						"zombie"
					],
					"seats": {
						"position": [
							0,
							0.675,
							-0.1
						]
					}
				}
			},
			"minecraft:stegosaurus_wild": {
				"minecraft:tameable": {
					"probability": 0.33,
					"tame_event": {
						"event": "minecraft:on_tame",
						"target": "self"
					},
					"tame_items": [
						"minecraft:stick"
					]
				},
				"minecraft:on_target_acquired": {
					"event": "minecraft:become_angry",
					"target": "self"
				},
				"minecraft:rideable": {
					"seat_count": 1,
					"family_types": [
						"zombie"
					],
					"seats": {
						"position": [
							0,
							0.675,
							-0.1
						]
					}
				}
			},
			"minecraft:stegosaurus_tame": {
				"minecraft:is_tamed": {},
				"minecraft:health": {
					"value": 70,
					"max": 70
				},
				"minecraft:attack": {
					"damage": 25
				},
				"minecraft:behavior.breed": {
					"priority": 2,
					"speed_multiplier": 1
				},
				"minecraft:behavior.nearest_attackable_target": {
					"priority": 5,
					"must_see": true,
					"entity_types": [
						{
							"filters": {
								"test": "is_family",
								"subject": "other",
								"value": "skeleton"
							},
							"max_dist": 16
						}
					]
				},
				"minecraft:sittable": {},
				"minecraft:leashable": {
					"soft_distance": 4,
					"hard_distance": 6,
					"max_distance": 10,
					"on_leash": {
						"event": "minecraft:on_leash",
						"target": "self"
					},
					"on_unleash": {
						"event": "minecraft:on_unleash",
						"target": "self"
					}
				},
				"minecraft:interact": {
					"interactions": [
						{
							"interact_text": "Follow",
							"on_interact": {
								"event": "minecraft:follow",
								"filters": {
									"all_of": [
										{
											"domain": "hand",
											"operator": "==",
											"subject": "other",
											"test": "has_equipment",
											"value": "minecraft:stick"
										},
										{
											"test": "has_component",
											"value": "minecraft:is_tamed"
										},
										{
											"test": "is_family",
											"subject": "other",
											"value": "player"
										}
									]
								},
								"target": "self"
							}
						}
					]
				}
			},
			"minecraft:stegosaurus_male": {
				"minecraft:variant": {
					"value": 0
				}
			},
			"minecraft:stegosaurus_female": {
				"minecraft:variant": {
					"value": 1
				}
			},
			"minecraft:follow": {
				"minecraft:behavior.follow_owner": {
					"priority": 1
				},
				"minecraft:behavior.owner_hurt_by_target": {
					"priority": 1
				},
				"minecraft:behavior.owner_hurt_target": {
					"priority": 2
				},
				"minecraft:interact": {
					"interactions": [
						{
							"interact_text": "Free Roam",
							"on_interact": {
								"event": "minecraft:free_roam",
								"filters": {
									"all_of": [
										{
											"domain": "hand",
											"operator": "==",
											"subject": "other",
											"test": "has_equipment",
											"value": "minecraft:stick"
										},
										{
											"test": "has_component",
											"value": "minecraft:is_tamed"
										},
										{
											"test": "is_family",
											"subject": "other",
											"value": "player"
										}
									]
								},
								"target": "self"
							}
						}
					]
				}
			},
			"minecraft:interaction": {
				"minecraft:interact": {
					"interactions": [
						{
							"interact_text": "Follow",
							"on_interact": {
								"event": "minecraft:follow",
								"filters": {
									"all_of": [
										{
											"domain": "hand",
											"operator": "==",
											"subject": "other",
											"test": "has_equipment",
											"value": "minecraft:stick"
										},
										{
											"test": "has_component",
											"value": "minecraft:is_tamed"
										},
										{
											"test": "is_family",
											"subject": "other",
											"value": "player"
										}
									]
								},
								"target": "self"
							}
						}
					]
				}
			}
		},
		"components": {
			"minecraft:nameable": {
				"allow_name_tag_renaming": true
			},
			"minecraft:type_family": {
				"family": [
					"stegosaurus",
					"armoredfour"
				]
			},
			"minecraft:breathable": {
				"total_supply": 10,
				"suffocate_time": 0
			},
			"minecraft:collision_box": {
				"width": 1,
				"height": 1.3
			},
			"minecraft:health": {
				"value": 50,
				"max": 50
			},
			"minecraft:hurt_on_condition": {
				"damage_conditions": [
					{
						"filters": {
							"test": "in_lava",
							"subject": "self",
							"operator": "==",
							"value": true
						},
						"cause": "lava",
						"damage_per_tick": 3
					}
				]
			},
			"minecraft:movement": {
				"value": 0.2
			},
			"minecraft:navigation.walk": {
				"can_path_over_water": true,
				"avoid_damage_blocks": true
			},
			"minecraft:movement.basic": {},
			"minecraft:jump.static": {},
			"minecraft:can_climb": {},
			"minecraft:attack": {
				"damage": 20
			},
			"minecraft:healable": {
				"items": [
					{
						"item": "minecraft:item.wheat",
						"heal_amount": 4
					},
					{
						"item": "minecraft:hay_block",
						"heal_amount": 16
					},
					{
						"item": "minecraft:apple",
						"heal_amount": 5
					},
					{
						"item": "minecraft:cookie"
					}
				]
			},
			"minecraft:behavior.float": {
				"priority": 0
			},
			"minecraft:behavior.mount_pathing": {
				"priority": 1,
				"speed_multiplier": 1.25,
				"target_dist": 0,
				"track_target": true
			},
			"minecraft:behavior.stay_while_sitting": {
				"priority": 3
			},
			"minecraft:behavior.leap_at_target": {
				"priority": 4,
				"target_dist": 0.4
			},
			"minecraft:behavior.melee_attack": {
				"priority": 5
			},
			"minecraft:behavior.random_stroll": {
				"priority": 8,
				"speed_multiplier": 1
			},
			"minecraft:behavior.look_at_player": {
				"priority": 6,
				"target_distance": 6,
				"probability": 0.02
			},
			"minecraft:behavior.hurt_by_target": {
				"priority": 3
			},
			"minecraft:physics": {
				"has_collision": true,
				"has_gravity": true
			},
			"minecraft:pushable": {
				"is_pushable": true,
				"is_pushable_by_piston": true
			},
			"minecraft:behavior.eat_block": {
				"priority": 6,
				"success_chance": "query.is_baby ? 0.02 : 0.001",
				"time_until_eat": 1.8,
				"eat_and_replace_block_pairs": [
					{
						"eat_block": "minecraft:grass",
						"replace_block": "minecraft:dirt"
					},
					{
						"eat_block": "minecraft:leaves",
						"replace_block": "minecraft:air"
					},
					{
						"eat_block": "minecraft:leaves2",
						"replace_block": "minecraft:air"
					}
				],
				"on_eat": {
					"event": "minecraft:on_eat_block",
					"target": "self"
				}
			},
			"minecraft:behavior.nap": {
				"priority": 1,
				"cooldown_min": 15,
				"cooldown_max": 30,
				"mob_detect_dist": 6,
				"mob_detect_height": 6,
				"can_nap_filters": {
					"test": "is_daytime",
					"value": false
				},
				"wake_mob_exceptions": {
					"any_of": [
						{
							"test": "is_owner",
							"subject": "player",
							"operator": "equals",
							"value": true
						},
						{
							"test": "is_family",
							"subject": "other",
							"operator": "==",
							"value": "stegosaurus"
						},
						{
							"test": "is_sneaking",
							"subject": "other",
							"operator": "==",
							"value": true
						}
					]
				}
			}
		},
		"events": {
			"minecraft:entity_spawned": {
				"randomize": [
					{
						"weight": 40,
						"add": {
							"component_groups": [
								"minecraft:stegosaurus_adult",
								"minecraft:stegosaurus_wild",
								"minecraft:stegosaurus_male"
							]
						}
					},
					{
						"weight": 40,
						"add": {
							"component_groups": [
								"minecraft:stegosaurus_adult",
								"minecraft:stegosaurus_wild",
								"minecraft:stegosaurus_female"
							]
						}
					},
					{
						"weight": 10,
						"add": {
							"component_groups": [
								"minecraft:stegosaurus_baby",
								"minecraft:stegosaurus_male",
								"minecraft:stegosaurus_baby_wild"
							]
						}
					},
					{
						"weight": 10,
						"add": {
							"component_groups": [
								"minecraft:stegosaurus_baby",
								"minecraft:stegosaurus_female",
								"minecraft:stegosaurus_baby_wild"
							]
						}
					}
				]
			},
			"minecraft:entity_born": {
				"randomize": [
					{
						"weight": 5,
						"add": {
							"component_groups": [
								"minecraft:stegosaurus_baby",
								"minecraft:stegosaurus_male",
								"minecraft:stegosaurus_baby_wild"
							]
						}
					},
					{
						"weight": 5,
						"add": {
							"component_groups": [
								"minecraft:stegosaurus_baby",
								"minecraft:stegosaurus_female",
								"minecraft:stegosaurus_baby_wild"
							]
						}
					}
				]
			},
			"minecraft:ageable_grow_up": {
				"remove": {
					"component_groups": [
						"minecraft:stegosaurus_baby"
					]
				},
				"add": {
					"component_groups": [
						"minecraft:stegosaurus_adult"
					]
				}
			},
			"minecraft:ageable_set_baby": {
				"remove": {
					"component_groups": [
						"minecraft:stegosaurus_adult"
					]
				},
				"add": {
					"component_groups": [
						"minecraft:stegosaurus_baby"
					]
				}
			},
			"minecraft:on_tame": {
				"remove": {
					"component_groups": [
						"minecraft:stegosaurus_wild",
						"minecraft:stegosaurus_baby_wild"
					]
				},
				"add": {
					"component_groups": [
						"minecraft:stegosaurus_tame"
					]
				}
			},
			"minecraft:become_angry": {
				"remove": {
					"component_groups": [
						"minecraft:stegosaurus_wild"
					]
				},
				"add": {
					"component_groups": [
						"minecraft:stegosaurus_angry"
					]
				}
			},
			"minecraft:on_calm": {
				"remove": {
					"component_groups": [
						"minecraft:stegosaurus_angry"
					]
				},
				"add": {
					"component_groups": [
						"minecraft:stegosaurus_wild"
					]
				}
			},
			"minecraft:on_scared": {
				"remove": {
					"component_groups": [
						"minecraft:stegosaurus_baby_wild"
					]
				},
				"add": {
					"component_groups": [
						"minecraft:stegosaurus_baby_scared"
					]
				}
			},
			"minecraft:baby_on_calm": {
				"remove": {
					"component_groups": [
						"minecraft:stegosaurus_baby_scared"
					]
				},
				"add": {
					"component_groups": [
						"minecraft:stegosaurus_baby_wild"
					]
				}
			},
			"minecraft:follow": {
				"add": {
					"component_groups": [
						"minecraft:follow"
					]
				},
				"remove": {
					"component_groups": [
						"minecraft:interaction"
					]
				}
			},
			"minecraft:free_roam": {
				"remove": {
					"component_groups": [
						"minecraft:follow"
					]
				},
				"add": {
					"component_groups": [
						"minecraft:interaction"
					]
				}
			}
		}
	}
}