{
	"format_version": "1.16.0",
	"minecraft:entity": {
		"description": {
			"identifier": "jurassic:triceratops",
			"runtime_identifier": "ravager",
			"is_summonable": true,
			"is_spawnable": true,
			"is_experimental": false
		},
		"component_groups": {
			"minecraft:triceratops_adult": {
				"minecraft:experience_reward": {
					"on_bred": "Math.Random(1,10)",
					"on_death": "query.last_hit_by_player ? Math.Random(1,5) : 0"
				},
				"minecraft:loot": {
					"table": "loot_tables/entities/jurassic:triceratops.json"
				},
				"minecraft:breedable": {
					"require_tame": true,
					"require_full_health": true,
					"breeds_with": {
						"mate_type": "jurassic:triceratops",
						"baby_type": "jurassic:triceratopsegg",
						"breed_event": {
							"event": "minecraft:entity_born",
							"target": "baby"
						}
					},
					"breed_items": [
						"minecraft:apple",
						"minecraft:carrot",
						"minecraft:melon",
						"minecraft:item.wheat",
						"minecraft:item.beetroot",
						"minecraft:potato"
					]
				},
				"minecraft:scale": {
					"value": 2.5
				},
				"minecraft:type_family": {
					"family": [
						"triceratops",
						"largeherb",
						"trike_adult"
					]
				}
			},
			"minecraft:triceratops_baby": {
				"minecraft:is_baby": {},
				"minecraft:scale": {
					"value": 0.5
				},
				"minecraft:scale_by_age": {
					"start_scale": 0.5,
					"end_scale": 1
				},
				"minecraft:ageable": {
					"duration": 600,
					"feed_items": [
						{
							"item": "minecraft:apple",
							"growth": 0.5
						},
						{
							"item": "minecraft:carrot",
							"growth": 0.5
						},
						{
							"item": "minecraft:melon",
							"growth": 0.5
						},
						{
							"item": "minecraft:item.wheat",
							"growth": 0.5
						},
						{
							"item": "minecraft:item.beetroot",
							"growth": 0.5
						},
						{
							"item": "minecraft:potato",
							"growth": 0.5
						}
					],
					"grow_up": {
						"event": "minecraft:ageable_grow_up",
						"target": "self"
					}
				},
				"minecraft:behavior.follow_parent": {
					"priority": 3,
					"speed_multiplier": 0.3
				},
				"minecraft:behavior.panic": {
					"priority": 1,
					"damage_sources": "entity_attack",
					"speed_multiplier": 0.5
				},
				"minecraft:type_family": {
					"family": [
						"triceratops",
						"largeherb",
						"trike_baby"
					]
				}
			},
			"minecraft:triceratops_male": {
				"minecraft:variant": {
					"value": 0
				}
			},
			"minecraft:triceratops_female": {
				"minecraft:variant": {
					"value": 1
				}
			},
			"minecraft:triceratops_wild": {
				"minecraft:tameable": {
					"probability": 0.33,
					"tame_items": [
						"minecraft:stick"
					],
					"tame_event": {
						"event": "minecraft:on_tame",
						"target": "self"
					}
				},
				"minecraft:on_target_acquired": {
					"event": "minecraft:become_angry",
					"target": "self"
				},
				"minecraft:behavior.eat_block": {
					"priority": 6,
					"success_chance": "query.is_baby ? 0.02 : 0.001",
					"time_until_eat": 1.8,
					"eat_and_replace_block_pairs": [
						{
							"eat_block": "minecraft:grass",
							"replace_block": "minecraft:dirt"
						},
						{
							"eat_block": "minecraft:leaves",
							"replace_block": "minecraft:air"
						},
						{
							"eat_block": "minecraft:leaves2",
							"replace_block": "minecraft:air"
						}
					],
					"on_eat": {
						"event": "minecraft:on_eat_block",
						"target": "self"
					}
				}
			},
			"minecraft:triceratops_tame": {
				"minecraft:leashable": {
					"soft_distance": 4,
					"hard_distance": 6,
					"max_distance": 10,
					"on_leash": {
						"event": "minecraft:on_leash",
						"target": "self"
					},
					"on_unleash": {
						"event": "minecraft:on_unleash",
						"target": "self"
					}
				},
				"minecraft:health": {
					"value": 80,
					"max": 80
				},
				"minecraft:attack": {
					"damage": 30
				},
				"minecraft:behavior.breed": {
					"priority": 2,
					"speed_multiplier": 1
				},
				"minecraft:sittable": {},
				"minecraft:interact": {
					"interactions": [
						{
							"interact_text": "Follow",
							"on_interact": {
								"event": "minecraft:follow",
								"filters": {
									"all_of": [
										{
											"domain": "hand",
											"operator": "==",
											"subject": "other",
											"test": "has_equipment",
											"value": "minecraft:stick"
										},
										{
											"test": "has_component",
											"value": "minecraft:is_tamed"
										},
										{
											"test": "is_family",
											"subject": "other",
											"value": "player"
										}
									]
								},
								"target": "self"
							}
						}
					]
				}
			},
			"minecraft:follow": {
				"minecraft:behavior.follow_owner": {
					"priority": 1
				},
				"minecraft:behavior.owner_hurt_by_target": {
					"priority": 1
				},
				"minecraft:behavior.owner_hurt_target": {
					"priority": 1
				},
				"minecraft:interact": {
					"interactions": [
						{
							"interact_text": "Free Roam",
							"on_interact": {
								"event": "minecraft:free_roam",
								"filters": {
									"all_of": [
										{
											"domain": "hand",
											"operator": "==",
											"subject": "other",
											"test": "has_equipment",
											"value": "minecraft:stick"
										},
										{
											"test": "has_component",
											"value": "minecraft:is_tamed"
										},
										{
											"test": "is_family",
											"subject": "other",
											"value": "player"
										}
									]
								},
								"target": "self"
							}
						}
					]
				}
			},
			"minecraft:interaction": {
				"minecraft:interact": {
					"interactions": [
						{
							"interact_text": "Follow",
							"on_interact": {
								"event": "minecraft:follow",
								"filters": {
									"all_of": [
										{
											"domain": "hand",
											"operator": "==",
											"subject": "other",
											"test": "has_equipment",
											"value": "minecraft:stick"
										},
										{
											"test": "has_component",
											"value": "minecraft:is_tamed"
										},
										{
											"test": "is_family",
											"subject": "other",
											"value": "player"
										}
									]
								},
								"target": "self"
							}
						}
					]
				}
			},
			"minecraft:triceratops_baby_wild": {
				"minecraft:on_target_acquired": {
					"event": "minecraft:on_scared"
				},
				"minecraft:behavior.nearest_attackable_target": {
					"priority": 6,
					"reselect_targets": true,
					"must_see": true,
					"entity_types": [
						{
							"filters": {
								"any_of": [
									{
										"test": "is_family",
										"subject": "other",
										"value": "veloci_adult"
									},
									{
										"test": "is_family",
										"subject": "other",
										"value": "dilo_adult"
									},
									{
										"test": "is_family",
										"subject": "other",
										"value": "pteran_adult"
									}
								]
							}
						}
					]
				},
				"minecraft:tameable": {
					"probability": 0.33,
					"tame_items": [
						"minecraft:stick"
					],
					"tame_event": {
						"event": "minecraft:on_tame"
					}
				}
			},
			"minecraft:triceratops_baby_scared": {
				"minecraft:angry": {
					"broadcast_anger": true,
					"broadcast_range": 60,
					"duration": 1,
					"calm_event": {
						"event": "minecraft:baby_on_calm",
						"target": "self"
					}
				}
			},
			"minecraft:triceratops_grow": {
				"minecraft:scale_by_age": {
					"start_scale": 1,
					"end_scale": 2.5
				},
				"minecraft:ageable": {
					"duration": 600,
					"feed_items": [
						{
							"item": "minecraft:apple",
							"growth": 0.5
						},
						{
							"item": "minecraft:carrot",
							"growth": 0.5
						},
						{
							"item": "minecraft:melon",
							"growth": 0.5
						},
						{
							"item": "minecraft:item.wheat",
							"growth": 0.5
						},
						{
							"item": "minecraft:item.beetroot",
							"growth": 0.5
						},
						{
							"item": "minecraft:potato",
							"growth": 0.5
						}
					],
					"grow_up": {
						"event": "minecraft:ageable_grow_up",
						"target": "self"
					}
				}
			},
			"minecraft:triceratops_stunned": {
				"minecraft:is_stunned": {},
				"minecraft:timer": {
					"looping": false,
					"time": [
						2,
						3
					],
					"time_down_event": {
						"event": "minecraft:free_roam"
					}
				}
			},
			"minecraft:triceratops_angry": {
				"minecraft:angry": {
					"duration": 25,
					"broadcast_anger": false,
					"calm_event": {
						"event": "minecraft:on_calm"
					}
				},
				"minecraft:on_target_acquired": {}
			}
		},
		"components": {
			"minecraft:nameable": {
				"allow_name_tag_renaming": true
			},
			"minecraft:type_family": {
				"family": [
					"triceratops",
					"largeherb"
				]
			},
			"minecraft:breathable": {
				"total_supply": 15,
				"suffocate_time": 0
			},
			"minecraft:collision_box": {
				"width": 1,
				"height": 1
			},
			"minecraft:health": {
				"value": 65,
				"max": 65
			},
			"minecraft:attack": {
				"damage": 20
			},
			"minecraft:hurt_on_condition": {
				"damage_conditions": [
					{
						"filters": {
							"test": "in_lava",
							"subject": "self",
							"operator": "==",
							"value": true
						},
						"cause": "lava",
						"damage_per_tick": 4
					}
				]
			},
			"minecraft:jump.static": {},
			"minecraft:can_climb": {},
			"minecraft:healable": {
				"items": [
					{
						"item": "minecraft:apple",
						"heal_amount": 5
					},
					{
						"item": "minecraft:carrot",
						"heal_amount": 5
					},
					{
						"item": "minecraft:melon",
						"heal_amount": 5
					},
					{
						"item": "minecraft:item.wheat",
						"heal_amount": 5
					},
					{
						"item": "minecraft:item.beetroot",
						"heal_amount": 5
					},
					{
						"item": "minecraft:potato",
						"heal_amount": 5
					}
				]
			},
			"minecraft:behavior.float": {
				"priority": 0
			},
			"minecraft:behavior.stay_while_sitting": {
				"priority": 0
			},
			"minecraft:behavior.melee_attack": {
				"priority": 5
			},
			"minecraft:behavior.look_at_player": {
				"priority": 6,
				"target_distance": 6,
				"probability": 0.02
			},
			"minecraft:behavior.beg": {
				"priority": 9,
				"look_distance": 8,
				"look_time": [
					2,
					4
				],
				"items": [
					"minecraft:apple",
					"minecraft:carrot",
					"minecraft:item.wheat",
					"minecraft:melon",
					"minecraft:item.beetroot",
					"minecraft:potato"
				]
			},
			"minecraft:behavior.hurt_by_target": {
				"priority": 3
			},
			"minecraft:physics": {
				"has_collision": true,
				"has_gravity": true
			},
			"minecraft:pushable": {
				"is_pushable": true,
				"is_pushable_by_piston": true
			},
			"minecraft:behavior.nap": {
				"priority": 1,
				"cooldown_min": 15,
				"cooldown_max": 30,
				"mob_detect_dist": 6,
				"mob_detect_height": 6,
				"can_nap_filters": {
					"test": "is_daytime",
					"value": false
				},
				"wake_mob_exceptions": {
					"any_of": [
						{
							"test": "is_owner",
							"subject": "player",
							"operator": "==",
							"value": true
						},
						{
							"test": "is_family",
							"subject": "other",
							"operator": "==",
							"value": "triceratops"
						},
						{
							"test": "is_sneaking",
							"subject": "other",
							"operator": "==",
							"value": true
						}
					]
				}
			},
			"minecraft:ravager_blocked": {
				"knockback_strength": 3,
				"reaction_choices": [
					{
						"weight": 1,
						"value": {
							"event": "minecraft:triceratops_stunned"
						}
					},
					{
						"weight": 1
					}
				]
			},
			"minecraft:knockback_resistance": {
				"value": 0.5
			},
			"minecraft:navigation.walk": {
				"can_path_over_water": true,
				"avoid_damage_blocks": true
			},
			"minecraft:movement": {
			    "value": 0.2
			},
			"minecraft:movement.basic": {},
			"minecraft:behavior.mount_pathing": {},
			"minecraft:behavior.random_stroll": {
				"priority": 8,
				"speed_multiplier": 1
			}
		},
		"events": {
			"minecraft:entity_spawned": {
				"randomize": [
					{
						"weight": 40,
						"add": {
							"component_groups": [
								"minecraft:triceratops_adult",
								"minecraft:triceratops_male",
								"minecraft:triceratops_wild"
							]
						}
					},
					{
						"weight": 40,
						"add": {
							"component_groups": [
								"minecraft:triceratops_adult",
								"minecraft:triceratops_female",
								"minecraft:triceratops_wild"
							]
						}
					},
					{
						"weight": 10,
						"add": {
							"component_groups": [
								"minecraft:triceratops_baby",
								"minecraft:triceratops_male",
								"minecraft:triceratops_baby_wild"
							]
						}
					},
					{
						"weight": 10,
						"add": {
							"component_groups": [
								"minecraft:triceratops_baby",
								"minecraft:triceratops_female",
								"minecraft:triceratops_baby_wild"
							]
						}
					}
				]
			},
			"minecraft:entity_born": {
				"randomize": [
					{
						"weight": 50,
						"add": {
							"component_groups": [
								"minecraft:triceratops_baby",
								"minecraft:triceratops_male",
								"minecraft:triceratops_baby_wild"
							]
						}
					},
					{
						"weight": 50,
						"add": {
							"component_groups": [
								"minecraft:triceratops_baby",
								"minecraft:triceratops_female",
								"minecraft:triceratops_baby_wild"
							]
						}
					}
				]
			},
			"minecraft:ageable_grow_up": {
				"remove": {
					"component_groups": [
						"minecraft:triceratops_baby"
					]
				},
				"add": {
					"component_groups": [
						"minecraft:triceratops_adult"
					]
				}
			},
			"minecraft:ageable_set_baby": {
				"remove": {
					"component_groups": [
						"minecraft:triceratops_baby",
						"minecraft:triceratops_grow"
					]
				},
				"add": {
					"component_groups": [
						"minecraft:triceratops_adult"
					]
				}
			},
			"minecraft:on_tame": {
				"remove": {
					"component_groups": [
						"minecraft:triceratops_wild",
						"minecraft:triceratops_baby_wild"
					]
				},
				"add": {
					"component_groups": [
						"minecraft:triceratops_tame",
						"minecraft:interaction"
					]
				}
			},
			"minecraft:become_angry": {
				"remove": {
					"component_groups": [
						"minecraft:triceratops_wild"
					]
				},
				"add": {
					"component_groups": [
						"minecraft:triceratops_angry"
					]
				}
			},
			"minecraft:on_calm": {
				"remove": {
					"component_groups": [
						"minecraft:triceratops_angry"
					]
				},
				"add": {
					"component_groups": [
						"minecraft:triceratops_wild"
					]
				}
			},
			"minecraft:on_scared": {
				"remove": {
					"component_groups": [
						"minecraft:triceratops_baby_wild"
					]
				},
				"add": {
					"component_groups": [
						"minecraft:triceratops_baby_scared"
					]
				}
			},
			"minecraft:baby_on_calm": {
				"remove": {
					"component_groups": [
						"minecraft:triceratops_baby_scared"
					]
				},
				"add": {
					"component_groups": [
						"minecraft:triceratops_baby_wild"
					]
				}
			},
			"minecraft:follow": {
				"add": {
					"component_groups": [
						"minecraft:follow"
					]
				},
				"remove": {
					"component_groups": [
						"minecraft:interaction"
					]
				}
			},
			"minecraft:free_roam": {
				"remove": {
					"component_groups": [
						"minecraft:follow"
					]
				},
				"add": {
					"component_groups": [
						"minecraft:interaction"
					]
				}
			},
			"minecraft:triceratops_stunned": {
				"add": {
					"component_groups": [
						"minecraft:triceratops_stunned"
					]
				}
			}
		}
	}
}